split,k,gigapath_full_balacc,gigapath_full_f1,gigapath_topk_balacc,gigapath_topk_f1,uni2_full_balacc,uni2_full_f1,uni2_topk_balacc,uni2_topk_f1,virchow2_full_balacc,virchow2_full_f1,virchow2_topk_balacc,virchow2_topk_f1
1,20,0.5,0.38888888888888884,0.3333333333333333,0.3333333333333333,0.5,0.38888888888888884,0.8333333333333334,0.7777777777777777,0.5,0.38888888888888884,0.5,0.4444444444444444
1,50,0.5,0.38888888888888884,0.5,0.38888888888888884,0.5,0.38888888888888884,0.5,0.38888888888888884,0.5,0.38888888888888884,0.5,0.38888888888888884
1,100,0.5,0.38888888888888884,0.5,0.38888888888888884,0.5,0.38888888888888884,0.8333333333333334,0.7777777777777777,0.5,0.38888888888888884,0.5,0.38888888888888884
1,200,0.5,0.38888888888888884,0.5,0.38888888888888884,0.5,0.38888888888888884,0.5,0.38888888888888884,0.5,0.38888888888888884,0.5,0.38888888888888884
1,500,0.5,0.38888888888888884,0.5,0.38888888888888884,0.5,0.38888888888888884,0.5,0.38888888888888884,0.5,0.38888888888888884,0.5,0.38888888888888884
1,1000,0.5,0.38888888888888884,0.5,0.38888888888888884,0.5,0.38888888888888884,0.5,0.5,0.5,0.38888888888888884,0.5,0.38888888888888884
1,1500,0.5,0.38888888888888884,0.5,0.38888888888888884,0.5,0.38888888888888884,0.5,0.38888888888888884,0.5,0.38888888888888884,0.5,0.38888888888888884
2,20,0.5,0.4444444444444444,0.5,0.38888888888888884,0.16666666666666666,0.2222222222222222,0.5,0.4444444444444444,0.16666666666666666,0.16666666666666666,0.5,0.5
2,50,0.5,0.4444444444444444,0.0,0.0,0.16666666666666666,0.2222222222222222,0.16666666666666666,0.2222222222222222,0.16666666666666666,0.16666666666666666,0.6666666666666666,0.6
2,100,0.5,0.4444444444444444,0.0,0.0,0.16666666666666666,0.2222222222222222,0.16666666666666666,0.2222222222222222,0.16666666666666666,0.16666666666666666,0.3333333333333333,0.26666666666666666
2,200,0.5,0.4444444444444444,0.16666666666666666,0.2222222222222222,0.16666666666666666,0.2222222222222222,0.16666666666666666,0.2222222222222222,0.16666666666666666,0.16666666666666666,0.16666666666666666,0.2222222222222222
2,500,0.5,0.4444444444444444,0.5,0.4444444444444444,0.16666666666666666,0.2222222222222222,0.0,0.0,0.16666666666666666,0.16666666666666666,0.16666666666666666,0.16666666666666666
2,1000,0.5,0.4444444444444444,0.5,0.4444444444444444,0.16666666666666666,0.2222222222222222,0.0,0.0,0.16666666666666666,0.16666666666666666,0.16666666666666666,0.16666666666666666
2,1500,0.5,0.4444444444444444,0.5,0.38888888888888884,0.16666666666666666,0.2222222222222222,0.16666666666666666,0.2222222222222222,0.16666666666666666,0.16666666666666666,0.16666666666666666,0.16666666666666666
3,20,0.8333333333333334,0.7777777777777777,0.5,0.38888888888888884,0.8333333333333334,0.7777777777777777,0.6666666666666666,0.5,0.5,0.38888888888888884,0.3333333333333333,0.2222222222222222
3,50,0.8333333333333334,0.7777777777777777,0.8333333333333334,0.7777777777777777,0.8333333333333334,0.7777777777777777,0.6666666666666666,0.5,0.5,0.38888888888888884,0.16666666666666666,0.16666666666666666
3,100,0.8333333333333334,0.7777777777777777,0.5,0.38888888888888884,0.8333333333333334,0.7777777777777777,0.8333333333333334,0.7777777777777777,0.5,0.38888888888888884,0.5,0.38888888888888884
3,200,0.8333333333333334,0.7777777777777777,0.5,0.38888888888888884,0.8333333333333334,0.7777777777777777,0.8333333333333334,0.7777777777777777,0.5,0.38888888888888884,0.5,0.38888888888888884
3,500,0.8333333333333334,0.7777777777777777,0.8333333333333334,0.7777777777777777,0.8333333333333334,0.7777777777777777,0.8333333333333334,0.7777777777777777,0.5,0.38888888888888884,0.5,0.38888888888888884
3,1000,0.8333333333333334,0.7777777777777777,0.5,0.38888888888888884,0.8333333333333334,0.7777777777777777,0.8333333333333334,0.7777777777777777,0.5,0.38888888888888884,0.5,0.38888888888888884
3,1500,0.8333333333333334,0.7777777777777777,0.8333333333333334,0.7777777777777777,0.8333333333333334,0.7777777777777777,0.8333333333333334,0.7777777777777777,0.5,0.38888888888888884,0.5,0.38888888888888884
4,20,0.3333333333333333,0.13333333333333333,0.3333333333333333,0.16666666666666666,0.3333333333333333,0.13333333333333333,0.0,0.0,0.3333333333333333,0.13333333333333333,0.0,0.0
4,50,0.3333333333333333,0.13333333333333333,0.0,0.0,0.3333333333333333,0.13333333333333333,0.5,0.38888888888888884,0.3333333333333333,0.13333333333333333,0.0,0.0
4,100,0.3333333333333333,0.13333333333333333,0.3333333333333333,0.13333333333333333,0.3333333333333333,0.13333333333333333,0.3333333333333333,0.16666666666666666,0.3333333333333333,0.13333333333333333,0.0,0.0
4,200,0.3333333333333333,0.13333333333333333,0.3333333333333333,0.13333333333333333,0.3333333333333333,0.13333333333333333,0.3333333333333333,0.16666666666666666,0.3333333333333333,0.13333333333333333,0.0,0.0
4,500,0.3333333333333333,0.13333333333333333,0.3333333333333333,0.13333333333333333,0.3333333333333333,0.13333333333333333,0.3333333333333333,0.13333333333333333,0.3333333333333333,0.13333333333333333,0.0,0.0
4,1000,0.3333333333333333,0.13333333333333333,0.3333333333333333,0.13333333333333333,0.3333333333333333,0.13333333333333333,0.3333333333333333,0.13333333333333333,0.3333333333333333,0.13333333333333333,0.0,0.0
4,1500,0.3333333333333333,0.13333333333333333,0.3333333333333333,0.13333333333333333,0.3333333333333333,0.13333333333333333,0.3333333333333333,0.13333333333333333,0.3333333333333333,0.13333333333333333,0.3333333333333333,0.13333333333333333
5,20,0.5,0.38888888888888884,0.6666666666666666,0.6,0.5,0.38888888888888884,0.16666666666666666,0.16666666666666666,0.3333333333333333,0.26666666666666666,0.16666666666666666,0.2222222222222222
5,50,0.5,0.38888888888888884,0.5,0.38888888888888884,0.5,0.38888888888888884,0.8333333333333334,0.7777777777777777,0.3333333333333333,0.26666666666666666,0.16666666666666666,0.2222222222222222
5,100,0.5,0.38888888888888884,0.16666666666666666,0.16666666666666666,0.5,0.38888888888888884,0.5,0.5,0.3333333333333333,0.26666666666666666,0.3333333333333333,0.26666666666666666
5,200,0.5,0.38888888888888884,0.5,0.38888888888888884,0.5,0.38888888888888884,0.5,0.38888888888888884,0.3333333333333333,0.26666666666666666,0.16666666666666666,0.16666666666666666
5,500,0.5,0.38888888888888884,0.5,0.38888888888888884,0.5,0.38888888888888884,0.5,0.38888888888888884,0.3333333333333333,0.26666666666666666,0.16666666666666666,0.16666666666666666
5,1000,0.5,0.38888888888888884,0.5,0.38888888888888884,0.5,0.38888888888888884,0.5,0.38888888888888884,0.3333333333333333,0.26666666666666666,0.16666666666666666,0.16666666666666666
5,1500,0.5,0.38888888888888884,0.5,0.38888888888888884,0.5,0.38888888888888884,0.5,0.38888888888888884,0.3333333333333333,0.26666666666666666,0.3333333333333333,0.26666666666666666
6,20,0.3333333333333333,0.26666666666666666,0.5,0.5,0.3333333333333333,0.26666666666666666,0.3333333333333333,0.26666666666666666,0.16666666666666666,0.16666666666666666,0.0,0.0
6,50,0.3333333333333333,0.26666666666666666,0.16666666666666666,0.16666666666666666,0.3333333333333333,0.26666666666666666,0.3333333333333333,0.26666666666666666,0.16666666666666666,0.16666666666666666,0.0,0.0
6,100,0.3333333333333333,0.26666666666666666,0.3333333333333333,0.26666666666666666,0.3333333333333333,0.26666666666666666,0.3333333333333333,0.26666666666666666,0.16666666666666666,0.16666666666666666,0.16666666666666666,0.16666666666666666
6,200,0.3333333333333333,0.26666666666666666,0.3333333333333333,0.26666666666666666,0.3333333333333333,0.26666666666666666,0.3333333333333333,0.26666666666666666,0.16666666666666666,0.16666666666666666,0.16666666666666666,0.16666666666666666
6,500,0.3333333333333333,0.26666666666666666,0.3333333333333333,0.26666666666666666,0.3333333333333333,0.26666666666666666,0.3333333333333333,0.26666666666666666,0.16666666666666666,0.16666666666666666,0.16666666666666666,0.16666666666666666
6,1000,0.3333333333333333,0.26666666666666666,0.3333333333333333,0.26666666666666666,0.3333333333333333,0.26666666666666666,0.3333333333333333,0.26666666666666666,0.16666666666666666,0.16666666666666666,0.16666666666666666,0.16666666666666666
6,1500,0.3333333333333333,0.26666666666666666,0.3333333333333333,0.26666666666666666,0.3333333333333333,0.26666666666666666,0.3333333333333333,0.26666666666666666,0.16666666666666666,0.16666666666666666,0.16666666666666666,0.16666666666666666
7,20,0.16666666666666666,0.16666666666666666,0.16666666666666666,0.13333333333333333,0.5,0.38888888888888884,0.16666666666666666,0.2222222222222222,0.16666666666666666,0.16666666666666666,0.16666666666666666,0.2222222222222222
7,50,0.16666666666666666,0.16666666666666666,0.16666666666666666,0.2222222222222222,0.5,0.38888888888888884,0.5,0.38888888888888884,0.16666666666666666,0.16666666666666666,0.16666666666666666,0.16666666666666666
7,100,0.16666666666666666,0.16666666666666666,0.16666666666666666,0.2222222222222222,0.5,0.38888888888888884,0.5,0.38888888888888884,0.16666666666666666,0.16666666666666666,0.0,0.0
7,200,0.16666666666666666,0.16666666666666666,0.16666666666666666,0.2222222222222222,0.5,0.38888888888888884,0.5,0.38888888888888884,0.16666666666666666,0.16666666666666666,0.0,0.0
7,500,0.16666666666666666,0.16666666666666666,0.16666666666666666,0.16666666666666666,0.5,0.38888888888888884,0.5,0.38888888888888884,0.16666666666666666,0.16666666666666666,0.16666666666666666,0.16666666666666666
7,1000,0.16666666666666666,0.16666666666666666,0.16666666666666666,0.16666666666666666,0.5,0.38888888888888884,0.5,0.38888888888888884,0.16666666666666666,0.16666666666666666,0.16666666666666666,0.16666666666666666
7,1500,0.16666666666666666,0.16666666666666666,0.16666666666666666,0.16666666666666666,0.5,0.38888888888888884,0.5,0.38888888888888884,0.16666666666666666,0.16666666666666666,0.16666666666666666,0.16666666666666666
8,20,0.16666666666666666,0.2222222222222222,0.3333333333333333,0.26666666666666666,0.3333333333333333,0.26666666666666666,0.3333333333333333,0.3333333333333333,0.5,0.38888888888888884,0.16666666666666666,0.2222222222222222
8,50,0.16666666666666666,0.2222222222222222,0.3333333333333333,0.3333333333333333,0.3333333333333333,0.26666666666666666,1.0,1.0,0.5,0.38888888888888884,0.16666666666666666,0.2222222222222222
8,100,0.16666666666666666,0.2222222222222222,0.16666666666666666,0.2222222222222222,0.3333333333333333,0.26666666666666666,0.6666666666666666,0.5555555555555555,0.5,0.38888888888888884,0.16666666666666666,0.2222222222222222
8,200,0.16666666666666666,0.2222222222222222,0.16666666666666666,0.2222222222222222,0.3333333333333333,0.26666666666666666,0.3333333333333333,0.3333333333333333,0.5,0.38888888888888884,0.5,0.38888888888888884
8,500,0.16666666666666666,0.2222222222222222,0.16666666666666666,0.2222222222222222,0.3333333333333333,0.26666666666666666,0.3333333333333333,0.26666666666666666,0.5,0.38888888888888884,0.5,0.38888888888888884
8,1000,0.16666666666666666,0.2222222222222222,0.16666666666666666,0.2222222222222222,0.3333333333333333,0.26666666666666666,0.3333333333333333,0.26666666666666666,0.5,0.38888888888888884,0.5,0.38888888888888884
8,1500,0.16666666666666666,0.2222222222222222,0.16666666666666666,0.2222222222222222,0.3333333333333333,0.26666666666666666,0.3333333333333333,0.26666666666666666,0.5,0.38888888888888884,0.5,0.38888888888888884
9,20,0.5,0.38888888888888884,0.16666666666666666,0.2222222222222222,0.5,0.38888888888888884,0.5,0.38888888888888884,0.0,0.0,0.0,0.0
9,50,0.5,0.38888888888888884,0.16666666666666666,0.2222222222222222,0.5,0.38888888888888884,0.5,0.38888888888888884,0.0,0.0,0.0,0.0
9,100,0.5,0.38888888888888884,0.16666666666666666,0.2222222222222222,0.5,0.38888888888888884,0.16666666666666666,0.2222222222222222,0.0,0.0,0.16666666666666666,0.2222222222222222
9,200,0.5,0.38888888888888884,0.16666666666666666,0.2222222222222222,0.5,0.38888888888888884,0.5,0.38888888888888884,0.0,0.0,0.16666666666666666,0.2222222222222222
9,500,0.5,0.38888888888888884,0.5,0.38888888888888884,0.5,0.38888888888888884,0.5,0.38888888888888884,0.0,0.0,0.16666666666666666,0.16666666666666666
9,1000,0.5,0.38888888888888884,0.5,0.38888888888888884,0.5,0.38888888888888884,0.5,0.38888888888888884,0.0,0.0,0.16666666666666666,0.13333333333333333
9,1500,0.5,0.38888888888888884,0.5,0.38888888888888884,0.5,0.38888888888888884,0.5,0.38888888888888884,0.0,0.0,0.0,0.0
10,20,0.8333333333333334,0.7777777777777777,0.5,0.5,0.6666666666666666,0.6,0.16666666666666666,0.16666666666666666,0.5,0.38888888888888884,0.5,0.5
10,50,0.8333333333333334,0.7777777777777777,0.5,0.5,0.6666666666666666,0.6,1.0,1.0,0.5,0.38888888888888884,0.5,0.38888888888888884
10,100,0.8333333333333334,0.7777777777777777,0.5,0.5,0.6666666666666666,0.6,0.6666666666666666,0.6,0.5,0.38888888888888884,0.5,0.38888888888888884
10,200,0.8333333333333334,0.7777777777777777,0.5,0.5,0.6666666666666666,0.6,1.0,1.0,0.5,0.38888888888888884,0.5,0.38888888888888884
10,500,0.8333333333333334,0.7777777777777777,0.8333333333333334,0.7777777777777777,0.6666666666666666,0.6,0.6666666666666666,0.6,0.5,0.38888888888888884,0.5,0.38888888888888884
10,1000,0.8333333333333334,0.7777777777777777,0.8333333333333334,0.7777777777777777,0.6666666666666666,0.6,0.6666666666666666,0.6,0.5,0.38888888888888884,0.5,0.38888888888888884
10,1500,0.8333333333333334,0.7777777777777777,0.8333333333333334,0.7777777777777777,0.6666666666666666,0.6,0.6666666666666666,0.6,0.5,0.38888888888888884,0.5,0.38888888888888884
11,20,0.6666666666666666,0.6,0.5,0.38888888888888884,0.6666666666666666,0.6,0.6666666666666666,0.6,0.6666666666666666,0.6,0.16666666666666666,0.16666666666666666
11,50,0.6666666666666666,0.6,0.6666666666666666,0.6,0.6666666666666666,0.6,0.6666666666666666,0.6,0.6666666666666666,0.6,0.5,0.38888888888888884
11,100,0.6666666666666666,0.6,0.6666666666666666,0.6,0.6666666666666666,0.6,0.6666666666666666,0.6,0.6666666666666666,0.6,0.5,0.38888888888888884
11,200,0.6666666666666666,0.6,0.6666666666666666,0.6,0.6666666666666666,0.6,0.6666666666666666,0.6,0.6666666666666666,0.6,0.6666666666666666,0.6
11,500,0.6666666666666666,0.6,0.6666666666666666,0.6,0.6666666666666666,0.6,0.6666666666666666,0.6,0.6666666666666666,0.6,0.5,0.38888888888888884
11,1000,0.6666666666666666,0.6,0.6666666666666666,0.6,0.6666666666666666,0.6,0.6666666666666666,0.6,0.6666666666666666,0.6,0.5,0.38888888888888884
11,1500,0.6666666666666666,0.6,0.6666666666666666,0.6,0.6666666666666666,0.6,0.6666666666666666,0.6,0.6666666666666666,0.6,0.5,0.38888888888888884
12,20,0.6666666666666666,0.5555555555555555,0.16666666666666666,0.2222222222222222,0.5,0.38888888888888884,0.0,0.0,0.6666666666666666,0.5555555555555555,0.3333333333333333,0.2222222222222222
12,50,0.6666666666666666,0.5555555555555555,0.3333333333333333,0.3333333333333333,0.5,0.38888888888888884,0.16666666666666666,0.13333333333333333,0.6666666666666666,0.5555555555555555,0.3333333333333333,0.26666666666666666
12,100,0.6666666666666666,0.5555555555555555,0.3333333333333333,0.3333333333333333,0.5,0.38888888888888884,0.6666666666666666,0.6,0.6666666666666666,0.5555555555555555,0.6666666666666666,0.5555555555555555
12,200,0.6666666666666666,0.5555555555555555,0.3333333333333333,0.3333333333333333,0.5,0.38888888888888884,0.5,0.38888888888888884,0.6666666666666666,0.5555555555555555,0.6666666666666666,0.5555555555555555
12,500,0.6666666666666666,0.5555555555555555,0.6666666666666666,0.5555555555555555,0.5,0.38888888888888884,0.5,0.38888888888888884,0.6666666666666666,0.5555555555555555,0.6666666666666666,0.5555555555555555
12,1000,0.6666666666666666,0.5555555555555555,0.6666666666666666,0.5555555555555555,0.5,0.38888888888888884,0.5,0.38888888888888884,0.6666666666666666,0.5555555555555555,0.6666666666666666,0.5555555555555555
12,1500,0.6666666666666666,0.5555555555555555,0.6666666666666666,0.5555555555555555,0.5,0.38888888888888884,0.5,0.38888888888888884,0.6666666666666666,0.5555555555555555,0.6666666666666666,0.5555555555555555
13,20,0.5,0.4444444444444444,0.0,0.0,0.5,0.4444444444444444,0.6666666666666666,0.5,0.16666666666666666,0.2222222222222222,0.3333333333333333,0.3333333333333333
13,50,0.5,0.4444444444444444,0.5,0.4444444444444444,0.5,0.4444444444444444,0.3333333333333333,0.2222222222222222,0.16666666666666666,0.2222222222222222,0.16666666666666666,0.2222222222222222
13,100,0.5,0.4444444444444444,0.5,0.4444444444444444,0.5,0.4444444444444444,0.5,0.4444444444444444,0.16666666666666666,0.2222222222222222,0.16666666666666666,0.2222222222222222
13,200,0.5,0.4444444444444444,0.5,0.4444444444444444,0.5,0.4444444444444444,0.5,0.4444444444444444,0.16666666666666666,0.2222222222222222,0.16666666666666666,0.2222222222222222
13,500,0.5,0.4444444444444444,0.5,0.4444444444444444,0.5,0.4444444444444444,0.5,0.4444444444444444,0.16666666666666666,0.2222222222222222,0.16666666666666666,0.2222222222222222
13,1000,0.5,0.4444444444444444,0.5,0.4444444444444444,0.5,0.4444444444444444,0.5,0.4444444444444444,0.16666666666666666,0.2222222222222222,0.16666666666666666,0.2222222222222222
13,1500,0.5,0.4444444444444444,0.5,0.4444444444444444,0.5,0.4444444444444444,0.5,0.4444444444444444,0.16666666666666666,0.2222222222222222,0.16666666666666666,0.2222222222222222
14,20,0.3333333333333333,0.16666666666666666,0.3333333333333333,0.2222222222222222,0.5,0.5,0.5,0.38888888888888884,0.3333333333333333,0.2222222222222222,0.3333333333333333,0.2222222222222222
14,50,0.3333333333333333,0.16666666666666666,0.16666666666666666,0.13333333333333333,0.5,0.5,0.3333333333333333,0.16666666666666666,0.3333333333333333,0.2222222222222222,0.3333333333333333,0.2222222222222222
14,100,0.3333333333333333,0.16666666666666666,0.0,0.0,0.5,0.5,0.3333333333333333,0.16666666666666666,0.3333333333333333,0.2222222222222222,0.3333333333333333,0.2222222222222222
14,200,0.3333333333333333,0.16666666666666666,0.16666666666666666,0.13333333333333333,0.5,0.5,0.3333333333333333,0.2222222222222222,0.3333333333333333,0.2222222222222222,0.3333333333333333,0.2222222222222222
14,500,0.3333333333333333,0.16666666666666666,0.3333333333333333,0.16666666666666666,0.5,0.5,0.5,0.5,0.3333333333333333,0.2222222222222222,0.3333333333333333,0.2222222222222222
14,1000,0.3333333333333333,0.16666666666666666,0.0,0.0,0.5,0.5,0.5,0.5,0.3333333333333333,0.2222222222222222,0.3333333333333333,0.2222222222222222
14,1500,0.3333333333333333,0.16666666666666666,0.3333333333333333,0.16666666666666666,0.5,0.5,0.5,0.5,0.3333333333333333,0.2222222222222222,0.3333333333333333,0.2222222222222222
15,20,0.5,0.4444444444444444,0.16666666666666666,0.16666666666666666,0.5,0.4444444444444444,0.5,0.38888888888888884,0.5,0.38888888888888884,0.16666666666666666,0.13333333333333333
15,50,0.5,0.4444444444444444,0.5,0.4444444444444444,0.5,0.4444444444444444,0.6666666666666666,0.5555555555555555,0.5,0.38888888888888884,0.16666666666666666,0.13333333333333333
15,100,0.5,0.4444444444444444,0.5,0.4444444444444444,0.5,0.4444444444444444,0.6666666666666666,0.5555555555555555,0.5,0.38888888888888884,0.5,0.5
15,200,0.5,0.4444444444444444,0.5,0.4444444444444444,0.5,0.4444444444444444,0.5,0.4444444444444444,0.5,0.38888888888888884,0.5,0.38888888888888884
15,500,0.5,0.4444444444444444,0.8333333333333334,0.7777777777777777,0.5,0.4444444444444444,0.5,0.4444444444444444,0.5,0.38888888888888884,0.5,0.38888888888888884
15,1000,0.5,0.4444444444444444,0.5,0.4444444444444444,0.5,0.4444444444444444,0.5,0.4444444444444444,0.5,0.38888888888888884,0.5,0.38888888888888884
15,1500,0.5,0.4444444444444444,0.5,0.4444444444444444,0.5,0.4444444444444444,0.5,0.4444444444444444,0.5,0.38888888888888884,0.5,0.38888888888888884
16,20,0.5,0.38888888888888884,0.6666666666666666,0.6,0.5,0.4444444444444444,0.0,0.0,0.5,0.5,0.0,0.0
16,50,0.5,0.38888888888888884,0.5,0.38888888888888884,0.5,0.4444444444444444,0.3333333333333333,0.2222222222222222,0.5,0.5,0.16666666666666666,0.2222222222222222
16,100,0.5,0.38888888888888884,0.5,0.38888888888888884,0.5,0.4444444444444444,0.5,0.38888888888888884,0.5,0.5,0.5,0.4444444444444444
16,200,0.5,0.38888888888888884,0.5,0.38888888888888884,0.5,0.4444444444444444,0.5,0.38888888888888884,0.5,0.5,0.5,0.4444444444444444
16,500,0.5,0.38888888888888884,0.5,0.38888888888888884,0.5,0.4444444444444444,0.5,0.38888888888888884,0.5,0.5,0.5,0.5
16,1000,0.5,0.38888888888888884,0.6666666666666666,0.6,0.5,0.4444444444444444,0.5,0.4444444444444444,0.5,0.5,0.5,0.5
16,1500,0.5,0.38888888888888884,0.5,0.38888888888888884,0.5,0.4444444444444444,0.5,0.4444444444444444,0.5,0.5,0.5,0.5
17,20,0.6666666666666666,0.5,0.3333333333333333,0.16666666666666666,0.8333333333333334,0.7777777777777777,0.8333333333333334,0.7777777777777777,0.6666666666666666,0.5,0.6666666666666666,0.4444444444444444
17,50,0.6666666666666666,0.5,0.6666666666666666,0.4444444444444444,0.8333333333333334,0.7777777777777777,0.8333333333333334,0.7777777777777777,0.6666666666666666,0.5,0.6666666666666666,0.5
17,100,0.6666666666666666,0.5,0.6666666666666666,0.4444444444444444,0.8333333333333334,0.7777777777777777,0.8333333333333334,0.7777777777777777,0.6666666666666666,0.5,0.6666666666666666,0.5
17,200,0.6666666666666666,0.5,0.3333333333333333,0.2222222222222222,0.8333333333333334,0.7777777777777777,0.8333333333333334,0.7777777777777777,0.6666666666666666,0.5,0.6666666666666666,0.5
17,500,0.6666666666666666,0.5,0.6666666666666666,0.4444444444444444,0.8333333333333334,0.7777777777777777,0.8333333333333334,0.7777777777777777,0.6666666666666666,0.5,0.6666666666666666,0.5
17,1000,0.6666666666666666,0.5,0.3333333333333333,0.16666666666666666,0.8333333333333334,0.7777777777777777,0.8333333333333334,0.7777777777777777,0.6666666666666666,0.5,0.6666666666666666,0.5
17,1500,0.6666666666666666,0.5,0.6666666666666666,0.5,0.8333333333333334,0.7777777777777777,0.8333333333333334,0.7777777777777777,0.6666666666666666,0.5,0.6666666666666666,0.5
18,20,0.6666666666666666,0.5555555555555555,0.6666666666666666,0.5555555555555555,0.6666666666666666,0.5555555555555555,1.0,1.0,1.0,1.0,0.8333333333333334,0.7777777777777777
18,50,0.6666666666666666,0.5555555555555555,0.6666666666666666,0.5555555555555555,0.6666666666666666,0.5555555555555555,1.0,1.0,1.0,1.0,1.0,1.0
18,100,0.6666666666666666,0.5555555555555555,0.6666666666666666,0.5555555555555555,0.6666666666666666,0.5555555555555555,0.6666666666666666,0.5555555555555555,1.0,1.0,1.0,1.0
18,200,0.6666666666666666,0.5555555555555555,0.6666666666666666,0.5555555555555555,0.6666666666666666,0.5555555555555555,0.6666666666666666,0.5555555555555555,1.0,1.0,1.0,1.0
18,500,0.6666666666666666,0.5555555555555555,0.6666666666666666,0.5555555555555555,0.6666666666666666,0.5555555555555555,0.6666666666666666,0.5555555555555555,1.0,1.0,1.0,1.0
18,1000,0.6666666666666666,0.5555555555555555,0.6666666666666666,0.5555555555555555,0.6666666666666666,0.5555555555555555,0.6666666666666666,0.5555555555555555,1.0,1.0,1.0,1.0
18,1500,0.6666666666666666,0.5555555555555555,0.6666666666666666,0.5555555555555555,0.6666666666666666,0.5555555555555555,0.6666666666666666,0.5555555555555555,1.0,1.0,1.0,1.0
19,20,0.0,0.0,0.3333333333333333,0.2222222222222222,0.0,0.0,0.0,0.0,0.16666666666666666,0.16666666666666666,0.16666666666666666,0.16666666666666666
19,50,0.0,0.0,0.16666666666666666,0.13333333333333333,0.0,0.0,0.0,0.0,0.16666666666666666,0.16666666666666666,0.16666666666666666,0.16666666666666666
19,100,0.0,0.0,0.0,0.0,0.0,0.0,0.0,0.0,0.16666666666666666,0.16666666666666666,0.0,0.0
19,200,0.0,0.0,0.16666666666666666,0.16666666666666666,0.0,0.0,0.0,0.0,0.16666666666666666,0.16666666666666666,0.0,0.0
19,500,0.0,0.0,0.0,0.0,0.0,0.0,0.0,0.0,0.16666666666666666,0.16666666666666666,0.0,0.0
19,1000,0.0,0.0,0.0,0.0,0.0,0.0,0.0,0.0,0.16666666666666666,0.16666666666666666,0.0,0.0
19,1500,0.0,0.0,0.0,0.0,0.0,0.0,0.0,0.0,0.16666666666666666,0.16666666666666666,0.16666666666666666,0.16666666666666666
20,20,0.6666666666666666,0.5,0.16666666666666666,0.16666666666666666,0.16666666666666666,0.13333333333333333,0.6666666666666666,0.4444444444444444,0.3333333333333333,0.2222222222222222,0.3333333333333333,0.2222222222222222
20,50,0.6666666666666666,0.5,0.0,0.0,0.16666666666666666,0.13333333333333333,0.5,0.4444444444444444,0.3333333333333333,0.2222222222222222,0.3333333333333333,0.2222222222222222
20,100,0.6666666666666666,0.5,0.3333333333333333,0.3333333333333333,0.16666666666666666,0.13333333333333333,0.5,0.4444444444444444,0.3333333333333333,0.2222222222222222,0.3333333333333333,0.2222222222222222
20,200,0.6666666666666666,0.5,0.6666666666666666,0.5,0.16666666666666666,0.13333333333333333,0.8333333333333334,0.7777777777777777,0.3333333333333333,0.2222222222222222,0.3333333333333333,0.2222222222222222
20,500,0.6666666666666666,0.5,0.6666666666666666,0.5,0.16666666666666666,0.13333333333333333,0.16666666666666666,0.13333333333333333,0.3333333333333333,0.2222222222222222,0.3333333333333333,0.2222222222222222
20,1000,0.6666666666666666,0.5,0.6666666666666666,0.5,0.16666666666666666,0.13333333333333333,0.16666666666666666,0.13333333333333333,0.3333333333333333,0.2222222222222222,0.3333333333333333,0.2222222222222222
20,1500,0.6666666666666666,0.5,0.6666666666666666,0.5,0.16666666666666666,0.13333333333333333,0.16666666666666666,0.13333333333333333,0.3333333333333333,0.2222222222222222,0.3333333333333333,0.2222222222222222
21,20,0.0,0.0,0.0,0.0,0.3333333333333333,0.13333333333333333,0.3333333333333333,0.13333333333333333,0.0,0.0,0.0,0.0
21,50,0.0,0.0,0.0,0.0,0.3333333333333333,0.13333333333333333,0.3333333333333333,0.13333333333333333,0.0,0.0,0.0,0.0
21,100,0.0,0.0,0.0,0.0,0.3333333333333333,0.13333333333333333,0.3333333333333333,0.13333333333333333,0.0,0.0,0.3333333333333333,0.13333333333333333
21,200,0.0,0.0,0.0,0.0,0.3333333333333333,0.13333333333333333,0.3333333333333333,0.13333333333333333,0.0,0.0,0.0,0.0
21,500,0.0,0.0,0.0,0.0,0.3333333333333333,0.13333333333333333,0.3333333333333333,0.13333333333333333,0.0,0.0,0.3333333333333333,0.13333333333333333
21,1000,0.0,0.0,0.0,0.0,0.3333333333333333,0.13333333333333333,0.3333333333333333,0.13333333333333333,0.0,0.0,0.0,0.0
21,1500,0.0,0.0,0.0,0.0,0.3333333333333333,0.13333333333333333,0.3333333333333333,0.13333333333333333,0.0,0.0,0.0,0.0
22,20,0.8333333333333334,0.7777777777777777,0.5,0.38888888888888884,0.8333333333333334,0.7777777777777777,0.3333333333333333,0.2222222222222222,0.5,0.38888888888888884,0.5,0.4444444444444444
22,50,0.8333333333333334,0.7777777777777777,0.8333333333333334,0.7777777777777777,0.8333333333333334,0.7777777777777777,0.6666666666666666,0.4444444444444444,0.5,0.38888888888888884,0.5,0.38888888888888884
22,100,0.8333333333333334,0.7777777777777777,0.8333333333333334,0.7777777777777777,0.8333333333333334,0.7777777777777777,0.8333333333333334,0.7777777777777777,0.5,0.38888888888888884,0.5,0.38888888888888884
22,200,0.8333333333333334,0.7777777777777777,0.8333333333333334,0.7777777777777777,0.8333333333333334,0.7777777777777777,0.8333333333333334,0.7777777777777777,0.5,0.38888888888888884,0.5,0.38888888888888884
22,500,0.8333333333333334,0.7777777777777777,0.8333333333333334,0.7777777777777777,0.8333333333333334,0.7777777777777777,0.5,0.38888888888888884,0.5,0.38888888888888884,0.5,0.38888888888888884
22,1000,0.8333333333333334,0.7777777777777777,0.8333333333333334,0.7777777777777777,0.8333333333333334,0.7777777777777777,0.8333333333333334,0.7777777777777777,0.5,0.38888888888888884,0.5,0.38888888888888884
22,1500,0.8333333333333334,0.7777777777777777,0.8333333333333334,0.7777777777777777,0.8333333333333334,0.7777777777777777,0.8333333333333334,0.7777777777777777,0.5,0.38888888888888884,0.5,0.38888888888888884
23,20,0.5,0.38888888888888884,0.3333333333333333,0.13333333333333333,0.5,0.38888888888888884,0.5,0.5,0.5,0.38888888888888884,1.0,1.0
23,50,0.5,0.38888888888888884,0.6666666666666666,0.5,0.5,0.38888888888888884,0.5,0.38888888888888884,0.5,0.38888888888888884,0.5,0.5
23,100,0.5,0.38888888888888884,0.5,0.38888888888888884,0.5,0.38888888888888884,0.5,0.38888888888888884,0.5,0.38888888888888884,0.16666666666666666,0.16666666666666666
23,200,0.5,0.38888888888888884,0.5,0.38888888888888884,0.5,0.38888888888888884,0.5,0.38888888888888884,0.5,0.38888888888888884,0.5,0.38888888888888884
23,500,0.5,0.38888888888888884,0.5,0.38888888888888884,0.5,0.38888888888888884,0.5,0.38888888888888884,0.5,0.38888888888888884,0.5,0.38888888888888884
23,1000,0.5,0.38888888888888884,0.5,0.38888888888888884,0.5,0.38888888888888884,0.5,0.38888888888888884,0.5,0.38888888888888884,0.5,0.38888888888888884
23,1500,0.5,0.38888888888888884,0.5,0.38888888888888884,0.5,0.38888888888888884,0.5,0.38888888888888884,0.5,0.38888888888888884,0.5,0.38888888888888884
24,20,0.6666666666666666,0.5,0.3333333333333333,0.3333333333333333,0.6666666666666666,0.5,0.16666666666666666,0.16666666666666666,0.3333333333333333,0.2222222222222222,0.3333333333333333,0.2222222222222222
24,50,0.6666666666666666,0.5,0.3333333333333333,0.3333333333333333,0.6666666666666666,0.5,0.0,0.0,0.3333333333333333,0.2222222222222222,0.3333333333333333,0.2222222222222222
24,100,0.6666666666666666,0.5,0.3333333333333333,0.3333333333333333,0.6666666666666666,0.5,0.6666666666666666,0.5,0.3333333333333333,0.2222222222222222,0.3333333333333333,0.2222222222222222
24,200,0.6666666666666666,0.5,0.3333333333333333,0.2222222222222222,0.6666666666666666,0.5,0.6666666666666666,0.5,0.3333333333333333,0.2222222222222222,0.3333333333333333,0.2222222222222222
24,500,0.6666666666666666,0.5,0.6666666666666666,0.5,0.6666666666666666,0.5,0.6666666666666666,0.5,0.3333333333333333,0.2222222222222222,0.3333333333333333,0.2222222222222222
24,1000,0.6666666666666666,0.5,0.6666666666666666,0.5,0.6666666666666666,0.5,0.6666666666666666,0.5,0.3333333333333333,0.2222222222222222,0.3333333333333333,0.2222222222222222
24,1500,0.6666666666666666,0.5,0.6666666666666666,0.5,0.6666666666666666,0.5,0.6666666666666666,0.5,0.3333333333333333,0.2222222222222222,0.3333333333333333,0.2222222222222222
25,20,0.6666666666666666,0.4444444444444444,0.6666666666666666,0.5,0.6666666666666666,0.4444444444444444,0.6666666666666666,0.4444444444444444,0.8333333333333334,0.7777777777777777,0.8333333333333334,0.7777777777777777
25,50,0.6666666666666666,0.4444444444444444,0.6666666666666666,0.5,0.6666666666666666,0.4444444444444444,1.0,1.0,0.8333333333333334,0.7777777777777777,0.6666666666666666,0.5
25,100,0.6666666666666666,0.4444444444444444,0.6666666666666666,0.4444444444444444,0.6666666666666666,0.4444444444444444,0.8333333333333334,0.7777777777777777,0.8333333333333334,0.7777777777777777,0.8333333333333334,0.7777777777777777
25,200,0.6666666666666666,0.4444444444444444,0.6666666666666666,0.4444444444444444,0.6666666666666666,0.4444444444444444,0.6666666666666666,0.4444444444444444,0.8333333333333334,0.7777777777777777,0.8333333333333334,0.7777777777777777
25,500,0.6666666666666666,0.4444444444444444,0.6666666666666666,0.4444444444444444,0.6666666666666666,0.4444444444444444,0.6666666666666666,0.4444444444444444,0.8333333333333334,0.7777777777777777,0.8333333333333334,0.7777777777777777
25,1000,0.6666666666666666,0.4444444444444444,0.6666666666666666,0.4444444444444444,0.6666666666666666,0.4444444444444444,0.6666666666666666,0.4444444444444444,0.8333333333333334,0.7777777777777777,0.8333333333333334,0.7777777777777777
25,1500,0.6666666666666666,0.4444444444444444,0.6666666666666666,0.4444444444444444,0.6666666666666666,0.4444444444444444,0.6666666666666666,0.4444444444444444,0.8333333333333334,0.7777777777777777,0.8333333333333334,0.7777777777777777
26,20,0.3333333333333333,0.3333333333333333,0.16666666666666666,0.2222222222222222,0.3333333333333333,0.3333333333333333,0.6666666666666666,0.6,0.5,0.38888888888888884,0.5,0.38888888888888884
26,50,0.3333333333333333,0.3333333333333333,0.16666666666666666,0.2222222222222222,0.3333333333333333,0.3333333333333333,0.3333333333333333,0.3333333333333333,0.5,0.38888888888888884,0.5,0.38888888888888884
26,100,0.3333333333333333,0.3333333333333333,0.3333333333333333,0.3333333333333333,0.3333333333333333,0.3333333333333333,0.3333333333333333,0.3333333333333333,0.5,0.38888888888888884,0.5,0.38888888888888884
26,200,0.3333333333333333,0.3333333333333333,0.3333333333333333,0.3333333333333333,0.3333333333333333,0.3333333333333333,0.3333333333333333,0.3333333333333333,0.5,0.38888888888888884,0.5,0.38888888888888884
26,500,0.3333333333333333,0.3333333333333333,0.3333333333333333,0.3333333333333333,0.3333333333333333,0.3333333333333333,0.3333333333333333,0.3333333333333333,0.5,0.38888888888888884,0.5,0.38888888888888884
26,1000,0.3333333333333333,0.3333333333333333,0.3333333333333333,0.3333333333333333,0.3333333333333333,0.3333333333333333,0.3333333333333333,0.3333333333333333,0.5,0.38888888888888884,0.5,0.38888888888888884
26,1500,0.3333333333333333,0.3333333333333333,0.3333333333333333,0.3333333333333333,0.3333333333333333,0.3333333333333333,0.3333333333333333,0.3333333333333333,0.5,0.38888888888888884,0.5,0.38888888888888884
27,20,0.3333333333333333,0.26666666666666666,0.6666666666666666,0.5555555555555555,0.3333333333333333,0.26666666666666666,0.16666666666666666,0.13333333333333333,0.3333333333333333,0.26666666666666666,0.6666666666666666,0.6
27,50,0.3333333333333333,0.26666666666666666,0.3333333333333333,0.26666666666666666,0.3333333333333333,0.26666666666666666,0.3333333333333333,0.26666666666666666,0.3333333333333333,0.26666666666666666,0.3333333333333333,0.26666666666666666
27,100,0.3333333333333333,0.26666666666666666,0.3333333333333333,0.26666666666666666,0.3333333333333333,0.26666666666666666,0.3333333333333333,0.26666666666666666,0.3333333333333333,0.26666666666666666,0.3333333333333333,0.26666666666666666
27,200,0.3333333333333333,0.26666666666666666,0.3333333333333333,0.26666666666666666,0.3333333333333333,0.26666666666666666,0.3333333333333333,0.26666666666666666,0.3333333333333333,0.26666666666666666,0.3333333333333333,0.26666666666666666
27,500,0.3333333333333333,0.26666666666666666,0.3333333333333333,0.26666666666666666,0.3333333333333333,0.26666666666666666,0.3333333333333333,0.26666666666666666,0.3333333333333333,0.26666666666666666,0.3333333333333333,0.26666666666666666
27,1000,0.3333333333333333,0.26666666666666666,0.3333333333333333,0.26666666666666666,0.3333333333333333,0.26666666666666666,0.3333333333333333,0.26666666666666666,0.3333333333333333,0.26666666666666666,0.3333333333333333,0.26666666666666666
27,1500,0.3333333333333333,0.26666666666666666,0.3333333333333333,0.26666666666666666,0.3333333333333333,0.26666666666666666,0.3333333333333333,0.26666666666666666,0.3333333333333333,0.26666666666666666,0.3333333333333333,0.26666666666666666
28,20,0.8333333333333334,0.7777777777777777,0.5,0.4444444444444444,0.8333333333333334,0.7777777777777777,0.3333333333333333,0.2222222222222222,0.8333333333333334,0.7777777777777777,0.5,0.38888888888888884
28,50,0.8333333333333334,0.7777777777777777,0.5,0.4444444444444444,0.8333333333333334,0.7777777777777777,0.8333333333333334,0.7777777777777777,0.8333333333333334,0.7777777777777777,0.8333333333333334,0.7777777777777777
28,100,0.8333333333333334,0.7777777777777777,0.5,0.4444444444444444,0.8333333333333334,0.7777777777777777,0.6666666666666666,0.4444444444444444,0.8333333333333334,0.7777777777777777,0.5,0.38888888888888884
28,200,0.8333333333333334,0.7777777777777777,0.5,0.4444444444444444,0.8333333333333334,0.7777777777777777,0.6666666666666666,0.4444444444444444,0.8333333333333334,0.7777777777777777,0.5,0.38888888888888884
28,500,0.8333333333333334,0.7777777777777777,0.8333333333333334,0.7777777777777777,0.8333333333333334,0.7777777777777777,0.8333333333333334,0.7777777777777777,0.8333333333333334,0.7777777777777777,0.5,0.38888888888888884
28,1000,0.8333333333333334,0.7777777777777777,0.5,0.4444444444444444,0.8333333333333334,0.7777777777777777,0.8333333333333334,0.7777777777777777,0.8333333333333334,0.7777777777777777,0.8333333333333334,0.7777777777777777
28,1500,0.8333333333333334,0.7777777777777777,0.8333333333333334,0.7777777777777777,0.8333333333333334,0.7777777777777777,0.8333333333333334,0.7777777777777777,0.8333333333333334,0.7777777777777777,0.8333333333333334,0.7777777777777777
29,20,0.16666666666666666,0.13333333333333333,0.3333333333333333,0.2222222222222222,0.3333333333333333,0.2222222222222222,0.6666666666666666,0.6,0.16666666666666666,0.13333333333333333,0.3333333333333333,0.2222222222222222
29,50,0.16666666666666666,0.13333333333333333,0.3333333333333333,0.2222222222222222,0.3333333333333333,0.2222222222222222,0.6666666666666666,0.6,0.16666666666666666,0.13333333333333333,0.5,0.5
29,100,0.16666666666666666,0.13333333333333333,0.3333333333333333,0.2222222222222222,0.3333333333333333,0.2222222222222222,0.3333333333333333,0.2222222222222222,0.16666666666666666,0.13333333333333333,0.16666666666666666,0.13333333333333333
29,200,0.16666666666666666,0.13333333333333333,0.16666666666666666,0.13333333333333333,0.3333333333333333,0.2222222222222222,0.3333333333333333,0.2222222222222222,0.16666666666666666,0.13333333333333333,0.16666666666666666,0.13333333333333333
29,500,0.16666666666666666,0.13333333333333333,0.16666666666666666,0.13333333333333333,0.3333333333333333,0.2222222222222222,0.3333333333333333,0.2222222222222222,0.16666666666666666,0.13333333333333333,0.16666666666666666,0.13333333333333333
29,1000,0.16666666666666666,0.13333333333333333,0.16666666666666666,0.13333333333333333,0.3333333333333333,0.2222222222222222,0.3333333333333333,0.2222222222222222,0.16666666666666666,0.13333333333333333,0.16666666666666666,0.13333333333333333
29,1500,0.16666666666666666,0.13333333333333333,0.16666666666666666,0.13333333333333333,0.3333333333333333,0.2222222222222222,0.3333333333333333,0.2222222222222222,0.16666666666666666,0.13333333333333333,0.16666666666666666,0.13333333333333333
30,20,0.3333333333333333,0.13333333333333333,0.16666666666666666,0.16666666666666666,0.6666666666666666,0.5,0.3333333333333333,0.13333333333333333,0.3333333333333333,0.16666666666666666,0.0,0.0
30,50,0.3333333333333333,0.13333333333333333,0.16666666666666666,0.13333333333333333,0.6666666666666666,0.5,0.3333333333333333,0.16666666666666666,0.3333333333333333,0.16666666666666666,0.0,0.0
30,100,0.3333333333333333,0.13333333333333333,0.3333333333333333,0.16666666666666666,0.6666666666666666,0.5,0.6666666666666666,0.4444444444444444,0.3333333333333333,0.16666666666666666,0.3333333333333333,0.2222222222222222
30,200,0.3333333333333333,0.13333333333333333,0.3333333333333333,0.16666666666666666,0.6666666666666666,0.5,0.6666666666666666,0.4444444444444444,0.3333333333333333,0.16666666666666666,0.3333333333333333,0.2222222222222222
30,500,0.3333333333333333,0.13333333333333333,0.3333333333333333,0.13333333333333333,0.6666666666666666,0.5,0.6666666666666666,0.5,0.3333333333333333,0.16666666666666666,0.3333333333333333,0.16666666666666666
30,1000,0.3333333333333333,0.13333333333333333,0.3333333333333333,0.13333333333333333,0.6666666666666666,0.5,0.6666666666666666,0.5,0.3333333333333333,0.16666666666666666,0.3333333333333333,0.2222222222222222
30,1500,0.3333333333333333,0.13333333333333333,0.3333333333333333,0.13333333333333333,0.6666666666666666,0.5,0.6666666666666666,0.5,0.3333333333333333,0.16666666666666666,0.3333333333333333,0.16666666666666666
31,20,0.6666666666666666,0.5,0.3333333333333333,0.16666666666666666,0.6666666666666666,0.5,0.3333333333333333,0.13333333333333333,0.6666666666666666,0.5,0.6666666666666666,0.4444444444444444
31,50,0.6666666666666666,0.5,0.6666666666666666,0.5,0.6666666666666666,0.5,0.3333333333333333,0.2222222222222222,0.6666666666666666,0.5,0.6666666666666666,0.4444444444444444
31,100,0.6666666666666666,0.5,0.6666666666666666,0.4444444444444444,0.6666666666666666,0.5,0.5,0.4444444444444444,0.6666666666666666,0.5,0.6666666666666666,0.5
31,200,0.6666666666666666,0.5,0.6666666666666666,0.5,0.6666666666666666,0.5,0.8333333333333334,0.7777777777777777,0.6666666666666666,0.5,0.6666666666666666,0.4444444444444444
31,500,0.6666666666666666,0.5,0.6666666666666666,0.5,0.6666666666666666,0.5,0.6666666666666666,0.5,0.6666666666666666,0.5,0.6666666666666666,0.5
31,1000,0.6666666666666666,0.5,0.6666666666666666,0.5,0.6666666666666666,0.5,0.6666666666666666,0.5,0.6666666666666666,0.5,0.6666666666666666,0.5
31,1500,0.6666666666666666,0.5,0.6666666666666666,0.5,0.6666666666666666,0.5,0.6666666666666666,0.5,0.6666666666666666,0.5,0.6666666666666666,0.5
32,20,0.16666666666666666,0.16666666666666666,0.5,0.4444444444444444,0.16666666666666666,0.16666666666666666,0.16666666666666666,0.16666666666666666,0.16666666666666666,0.16666666666666666,0.16666666666666666,0.16666666666666666
32,50,0.16666666666666666,0.16666666666666666,0.16666666666666666,0.16666666666666666,0.16666666666666666,0.16666666666666666,0.5,0.5,0.16666666666666666,0.16666666666666666,0.16666666666666666,0.16666666666666666
32,100,0.16666666666666666,0.16666666666666666,0.16666666666666666,0.16666666666666666,0.16666666666666666,0.16666666666666666,0.5,0.5,0.16666666666666666,0.16666666666666666,0.16666666666666666,0.16666666666666666
32,200,0.16666666666666666,0.16666666666666666,0.16666666666666666,0.16666666666666666,0.16666666666666666,0.16666666666666666,0.16666666666666666,0.16666666666666666,0.16666666666666666,0.16666666666666666,0.16666666666666666,0.16666666666666666
32,500,0.16666666666666666,0.16666666666666666,0.16666666666666666,0.16666666666666666,0.16666666666666666,0.16666666666666666,0.16666666666666666,0.16666666666666666,0.16666666666666666,0.16666666666666666,0.16666666666666666,0.16666666666666666
32,1000,0.16666666666666666,0.16666666666666666,0.16666666666666666,0.16666666666666666,0.16666666666666666,0.16666666666666666,0.16666666666666666,0.16666666666666666,0.16666666666666666,0.16666666666666666,0.16666666666666666,0.16666666666666666
32,1500,0.16666666666666666,0.16666666666666666,0.16666666666666666,0.16666666666666666,0.16666666666666666,0.16666666666666666,0.16666666666666666,0.16666666666666666,0.16666666666666666,0.16666666666666666,0.16666666666666666,0.16666666666666666
33,20,0.5,0.4444444444444444,0.8333333333333334,0.7777777777777777,0.5,0.4444444444444444,0.5,0.4444444444444444,0.5,0.4444444444444444,0.8333333333333334,0.7777777777777777
33,50,0.5,0.4444444444444444,0.5,0.4444444444444444,0.5,0.4444444444444444,0.5,0.4444444444444444,0.5,0.4444444444444444,0.5,0.4444444444444444
33,100,0.5,0.4444444444444444,0.5,0.4444444444444444,0.5,0.4444444444444444,0.8333333333333334,0.7777777777777777,0.5,0.4444444444444444,0.5,0.4444444444444444
33,200,0.5,0.4444444444444444,0.5,0.4444444444444444,0.5,0.4444444444444444,0.5,0.4444444444444444,0.5,0.4444444444444444,0.8333333333333334,0.7777777777777777
33,500,0.5,0.4444444444444444,0.5,0.4444444444444444,0.5,0.4444444444444444,0.5,0.4444444444444444,0.5,0.4444444444444444,0.8333333333333334,0.7777777777777777
33,1000,0.5,0.4444444444444444,0.8333333333333334,0.7777777777777777,0.5,0.4444444444444444,0.5,0.4444444444444444,0.5,0.4444444444444444,0.5,0.4444444444444444
33,1500,0.5,0.4444444444444444,0.5,0.4444444444444444,0.5,0.4444444444444444,0.5,0.4444444444444444,0.5,0.4444444444444444,0.5,0.4444444444444444
34,20,0.5,0.38888888888888884,0.16666666666666666,0.13333333333333333,0.5,0.38888888888888884,0.16666666666666666,0.16666666666666666,0.5,0.38888888888888884,0.16666666666666666,0.13333333333333333
34,50,0.5,0.38888888888888884,0.3333333333333333,0.2222222222222222,0.5,0.38888888888888884,0.5,0.38888888888888884,0.5,0.38888888888888884,0.3333333333333333,0.2222222222222222
34,100,0.5,0.38888888888888884,0.16666666666666666,0.13333333333333333,0.5,0.38888888888888884,0.5,0.38888888888888884,0.5,0.38888888888888884,0.3333333333333333,0.2222222222222222
34,200,0.5,0.38888888888888884,0.5,0.38888888888888884,0.5,0.38888888888888884,0.5,0.38888888888888884,0.5,0.38888888888888884,0.5,0.38888888888888884
34,500,0.5,0.38888888888888884,0.5,0.38888888888888884,0.5,0.38888888888888884,0.5,0.38888888888888884,0.5,0.38888888888888884,0.5,0.38888888888888884
34,1000,0.5,0.38888888888888884,0.5,0.38888888888888884,0.5,0.38888888888888884,0.5,0.38888888888888884,0.5,0.38888888888888884,0.5,0.38888888888888884
34,1500,0.5,0.38888888888888884,0.5,0.38888888888888884,0.5,0.38888888888888884,0.5,0.38888888888888884,0.5,0.38888888888888884,0.5,0.38888888888888884
35,20,0.3333333333333333,0.13333333333333333,0.3333333333333333,0.13333333333333333,0.6666666666666666,0.4444444444444444,0.6666666666666666,0.4444444444444444,0.3333333333333333,0.13333333333333333,0.3333333333333333,0.13333333333333333
35,50,0.3333333333333333,0.13333333333333333,0.3333333333333333,0.13333333333333333,0.6666666666666666,0.4444444444444444,0.6666666666666666,0.5,0.3333333333333333,0.13333333333333333,0.5,0.38888888888888884
35,100,0.3333333333333333,0.13333333333333333,0.3333333333333333,0.13333333333333333,0.6666666666666666,0.4444444444444444,0.6666666666666666,0.5,0.3333333333333333,0.13333333333333333,0.3333333333333333,0.13333333333333333
35,200,0.3333333333333333,0.13333333333333333,0.3333333333333333,0.13333333333333333,0.6666666666666666,0.4444444444444444,0.8333333333333334,0.7777777777777777,0.3333333333333333,0.13333333333333333,0.3333333333333333,0.13333333333333333
35,500,0.3333333333333333,0.13333333333333333,0.3333333333333333,0.13333333333333333,0.6666666666666666,0.4444444444444444,0.6666666666666666,0.4444444444444444,0.3333333333333333,0.13333333333333333,0.3333333333333333,0.13333333333333333
35,1000,0.3333333333333333,0.13333333333333333,0.3333333333333333,0.13333333333333333,0.6666666666666666,0.4444444444444444,0.6666666666666666,0.4444444444444444,0.3333333333333333,0.13333333333333333,0.3333333333333333,0.13333333333333333
35,1500,0.3333333333333333,0.13333333333333333,0.3333333333333333,0.13333333333333333,0.6666666666666666,0.4444444444444444,0.6666666666666666,0.4444444444444444,0.3333333333333333,0.13333333333333333,0.3333333333333333,0.13333333333333333
36,20,0.6666666666666666,0.6,0.6666666666666666,0.5,0.3333333333333333,0.26666666666666666,0.5,0.38888888888888884,0.6666666666666666,0.6,0.5,0.38888888888888884
36,50,0.6666666666666666,0.6,0.3333333333333333,0.2222222222222222,0.3333333333333333,0.26666666666666666,0.6666666666666666,0.5555555555555555,0.6666666666666666,0.6,0.6666666666666666,0.5555555555555555
36,100,0.6666666666666666,0.6,0.3333333333333333,0.3333333333333333,0.3333333333333333,0.26666666666666666,0.6666666666666666,0.5555555555555555,0.6666666666666666,0.6,0.5,0.5
36,200,0.6666666666666666,0.6,0.3333333333333333,0.2222222222222222,0.3333333333333333,0.26666666666666666,0.6666666666666666,0.5555555555555555,0.6666666666666666,0.6,1.0,1.0
36,500,0.6666666666666666,0.6,0.5,0.4444444444444444,0.3333333333333333,0.26666666666666666,0.6666666666666666,0.6,0.6666666666666666,0.6,0.6666666666666666,0.6
36,1000,0.6666666666666666,0.6,0.5,0.5,0.3333333333333333,0.26666666666666666,0.3333333333333333,0.26666666666666666,0.6666666666666666,0.6,0.6666666666666666,0.6
36,1500,0.6666666666666666,0.6,0.6666666666666666,0.6,0.3333333333333333,0.26666666666666666,0.3333333333333333,0.26666666666666666,0.6666666666666666,0.6,0.6666666666666666,0.6
37,20,0.5,0.4444444444444444,0.0,0.0,0.5,0.4444444444444444,0.3333333333333333,0.13333333333333333,0.16666666666666666,0.16666666666666666,0.16666666666666666,0.16666666666666666
37,50,0.5,0.4444444444444444,0.16666666666666666,0.13333333333333333,0.5,0.4444444444444444,0.5,0.4444444444444444,0.16666666666666666,0.16666666666666666,0.5,0.4444444444444444
37,100,0.5,0.4444444444444444,0.5,0.4444444444444444,0.5,0.4444444444444444,0.5,0.4444444444444444,0.16666666666666666,0.16666666666666666,0.5,0.4444444444444444
37,200,0.5,0.4444444444444444,0.5,0.4444444444444444,0.5,0.4444444444444444,0.5,0.4444444444444444,0.16666666666666666,0.16666666666666666,0.16666666666666666,0.16666666666666666
37,500,0.5,0.4444444444444444,0.5,0.4444444444444444,0.5,0.4444444444444444,0.5,0.4444444444444444,0.16666666666666666,0.16666666666666666,0.16666666666666666,0.16666666666666666
37,1000,0.5,0.4444444444444444,0.5,0.4444444444444444,0.5,0.4444444444444444,0.5,0.4444444444444444,0.16666666666666666,0.16666666666666666,0.16666666666666666,0.16666666666666666
37,1500,0.5,0.4444444444444444,0.5,0.4444444444444444,0.5,0.4444444444444444,0.5,0.4444444444444444,0.16666666666666666,0.16666666666666666,0.16666666666666666,0.16666666666666666
38,20,0.16666666666666666,0.13333333333333333,0.5,0.4444444444444444,0.16666666666666666,0.13333333333333333,0.16666666666666666,0.16666666666666666,0.3333333333333333,0.2222222222222222,0.5,0.5
38,50,0.16666666666666666,0.13333333333333333,0.16666666666666666,0.16666666666666666,0.16666666666666666,0.13333333333333333,0.16666666666666666,0.16666666666666666,0.3333333333333333,0.2222222222222222,0.5,0.38888888888888884
38,100,0.16666666666666666,0.13333333333333333,0.16666666666666666,0.13333333333333333,0.16666666666666666,0.13333333333333333,0.16666666666666666,0.13333333333333333,0.3333333333333333,0.2222222222222222,0.5,0.38888888888888884
38,200,0.16666666666666666,0.13333333333333333,0.16666666666666666,0.16666666666666666,0.16666666666666666,0.13333333333333333,0.16666666666666666,0.13333333333333333,0.3333333333333333,0.2222222222222222,0.16666666666666666,0.16666666666666666
38,500,0.16666666666666666,0.13333333333333333,0.16666666666666666,0.16666666666666666,0.16666666666666666,0.13333333333333333,0.3333333333333333,0.2222222222222222,0.3333333333333333,0.2222222222222222,0.5,0.5
38,1000,0.16666666666666666,0.13333333333333333,0.16666666666666666,0.13333333333333333,0.16666666666666666,0.13333333333333333,0.16666666666666666,0.13333333333333333,0.3333333333333333,0.2222222222222222,0.3333333333333333,0.2222222222222222
38,1500,0.16666666666666666,0.13333333333333333,0.16666666666666666,0.13333333333333333,0.16666666666666666,0.13333333333333333,0.16666666666666666,0.13333333333333333,0.3333333333333333,0.2222222222222222,0.16666666666666666,0.13333333333333333
39,20,0.16666666666666666,0.16666666666666666,0.0,0.0,0.3333333333333333,0.26666666666666666,0.3333333333333333,0.26666666666666666,0.16666666666666666,0.16666666666666666,0.16666666666666666,0.2222222222222222
39,50,0.16666666666666666,0.16666666666666666,0.0,0.0,0.3333333333333333,0.26666666666666666,0.3333333333333333,0.26666666666666666,0.16666666666666666,0.16666666666666666,0.5,0.38888888888888884
39,100,0.16666666666666666,0.16666666666666666,0.0,0.0,0.3333333333333333,0.26666666666666666,0.3333333333333333,0.26666666666666666,0.16666666666666666,0.16666666666666666,0.5,0.38888888888888884
39,200,0.16666666666666666,0.16666666666666666,0.0,0.0,0.3333333333333333,0.26666666666666666,0.3333333333333333,0.26666666666666666,0.16666666666666666,0.16666666666666666,0.16666666666666666,0.16666666666666666
39,500,0.16666666666666666,0.16666666666666666,0.16666666666666666,0.16666666666666666,0.3333333333333333,0.26666666666666666,0.3333333333333333,0.26666666666666666,0.16666666666666666,0.16666666666666666,0.16666666666666666,0.16666666666666666
39,1000,0.16666666666666666,0.16666666666666666,0.16666666666666666,0.16666666666666666,0.3333333333333333,0.26666666666666666,0.3333333333333333,0.26666666666666666,0.16666666666666666,0.16666666666666666,0.16666666666666666,0.16666666666666666
39,1500,0.16666666666666666,0.16666666666666666,0.16666666666666666,0.16666666666666666,0.3333333333333333,0.26666666666666666,0.3333333333333333,0.26666666666666666,0.16666666666666666,0.16666666666666666,0.16666666666666666,0.16666666666666666
40,20,0.5,0.38888888888888884,0.5,0.5,0.8333333333333334,0.7777777777777777,0.8333333333333334,0.7777777777777777,0.6666666666666666,0.5555555555555555,0.5,0.4444444444444444
40,50,0.5,0.38888888888888884,0.8333333333333334,0.7777777777777777,0.8333333333333334,0.7777777777777777,1.0,1.0,0.6666666666666666,0.5555555555555555,0.5,0.38888888888888884
40,100,0.5,0.38888888888888884,0.5,0.38888888888888884,0.8333333333333334,0.7777777777777777,0.8333333333333334,0.7777777777777777,0.6666666666666666,0.5555555555555555,0.3333333333333333,0.16666666666666666
40,200,0.5,0.38888888888888884,0.5,0.38888888888888884,0.8333333333333334,0.7777777777777777,0.8333333333333334,0.7777777777777777,0.6666666666666666,0.5555555555555555,0.5,0.38888888888888884
40,500,0.5,0.38888888888888884,0.5,0.38888888888888884,0.8333333333333334,0.7777777777777777,0.8333333333333334,0.7777777777777777,0.6666666666666666,0.5555555555555555,0.6666666666666666,0.5555555555555555
40,1000,0.5,0.38888888888888884,0.5,0.38888888888888884,0.8333333333333334,0.7777777777777777,0.8333333333333334,0.7777777777777777,0.6666666666666666,0.5555555555555555,0.6666666666666666,0.5555555555555555
40,1500,0.5,0.38888888888888884,0.5,0.38888888888888884,0.8333333333333334,0.7777777777777777,0.8333333333333334,0.7777777777777777,0.6666666666666666,0.5555555555555555,0.6666666666666666,0.5555555555555555
41,20,0.6666666666666666,0.6,0.5,0.4444444444444444,0.5,0.38888888888888884,0.5,0.38888888888888884,0.5,0.5,0.16666666666666666,0.16666666666666666
41,50,0.6666666666666666,0.6,0.16666666666666666,0.16666666666666666,0.5,0.38888888888888884,0.5,0.38888888888888884,0.5,0.5,0.16666666666666666,0.16666666666666666
41,100,0.6666666666666666,0.6,0.5,0.38888888888888884,0.5,0.38888888888888884,0.5,0.38888888888888884,0.5,0.5,0.16666666666666666,0.16666666666666666
41,200,0.6666666666666666,0.6,0.6666666666666666,0.6,0.5,0.38888888888888884,0.5,0.38888888888888884,0.5,0.5,0.16666666666666666,0.16666666666666666
41,500,0.6666666666666666,0.6,0.5,0.5,0.5,0.38888888888888884,0.5,0.38888888888888884,0.5,0.5,0.16666666666666666,0.16666666666666666
41,1000,0.6666666666666666,0.6,0.5,0.5,0.5,0.38888888888888884,0.5,0.38888888888888884,0.5,0.5,0.5,0.5
41,1500,0.6666666666666666,0.6,0.6666666666666666,0.6,0.5,0.38888888888888884,0.5,0.38888888888888884,0.5,0.5,0.5,0.5
42,20,0.5,0.38888888888888884,0.5,0.38888888888888884,0.5,0.38888888888888884,0.6666666666666666,0.5,0.8333333333333334,0.7777777777777777,1.0,1.0
42,50,0.5,0.38888888888888884,0.5,0.38888888888888884,0.5,0.38888888888888884,0.8333333333333334,0.7777777777777777,0.8333333333333334,0.7777777777777777,0.8333333333333334,0.7777777777777777
42,100,0.5,0.38888888888888884,0.5,0.38888888888888884,0.5,0.38888888888888884,0.8333333333333334,0.7777777777777777,0.8333333333333334,0.7777777777777777,0.6666666666666666,0.5
42,200,0.5,0.38888888888888884,0.5,0.38888888888888884,0.5,0.38888888888888884,0.5,0.38888888888888884,0.8333333333333334,0.7777777777777777,0.5,0.38888888888888884
42,500,0.5,0.38888888888888884,0.5,0.38888888888888884,0.5,0.38888888888888884,0.5,0.38888888888888884,0.8333333333333334,0.7777777777777777,0.8333333333333334,0.7777777777777777
42,1000,0.5,0.38888888888888884,0.5,0.38888888888888884,0.5,0.38888888888888884,0.5,0.38888888888888884,0.8333333333333334,0.7777777777777777,0.8333333333333334,0.7777777777777777
42,1500,0.5,0.38888888888888884,0.5,0.38888888888888884,0.5,0.38888888888888884,0.5,0.38888888888888884,0.8333333333333334,0.7777777777777777,0.8333333333333334,0.7777777777777777
43,20,0.8333333333333334,0.7777777777777777,0.5,0.4444444444444444,0.8333333333333334,0.7777777777777777,0.8333333333333334,0.7777777777777777,0.8333333333333334,0.7777777777777777,0.5,0.38888888888888884
43,50,0.8333333333333334,0.7777777777777777,0.8333333333333334,0.7777777777777777,0.8333333333333334,0.7777777777777777,0.8333333333333334,0.7777777777777777,0.8333333333333334,0.7777777777777777,0.5,0.38888888888888884
43,100,0.8333333333333334,0.7777777777777777,0.8333333333333334,0.7777777777777777,0.8333333333333334,0.7777777777777777,0.8333333333333334,0.7777777777777777,0.8333333333333334,0.7777777777777777,0.8333333333333334,0.7777777777777777
43,200,0.8333333333333334,0.7777777777777777,0.8333333333333334,0.7777777777777777,0.8333333333333334,0.7777777777777777,0.8333333333333334,0.7777777777777777,0.8333333333333334,0.7777777777777777,0.8333333333333334,0.7777777777777777
43,500,0.8333333333333334,0.7777777777777777,0.8333333333333334,0.7777777777777777,0.8333333333333334,0.7777777777777777,0.8333333333333334,0.7777777777777777,0.8333333333333334,0.7777777777777777,0.8333333333333334,0.7777777777777777
43,1000,0.8333333333333334,0.7777777777777777,0.8333333333333334,0.7777777777777777,0.8333333333333334,0.7777777777777777,0.8333333333333334,0.7777777777777777,0.8333333333333334,0.7777777777777777,0.8333333333333334,0.7777777777777777
43,1500,0.8333333333333334,0.7777777777777777,0.8333333333333334,0.7777777777777777,0.8333333333333334,0.7777777777777777,0.8333333333333334,0.7777777777777777,0.8333333333333334,0.7777777777777777,0.8333333333333334,0.7777777777777777
44,20,0.3333333333333333,0.13333333333333333,0.3333333333333333,0.2222222222222222,0.8333333333333334,0.7777777777777777,0.3333333333333333,0.16666666666666666,0.5,0.38888888888888884,0.5,0.38888888888888884
44,50,0.3333333333333333,0.13333333333333333,0.3333333333333333,0.16666666666666666,0.8333333333333334,0.7777777777777777,0.3333333333333333,0.2222222222222222,0.5,0.38888888888888884,0.5,0.38888888888888884
44,100,0.3333333333333333,0.13333333333333333,0.3333333333333333,0.16666666666666666,0.8333333333333334,0.7777777777777777,0.5,0.38888888888888884,0.5,0.38888888888888884,0.5,0.38888888888888884
44,200,0.3333333333333333,0.13333333333333333,0.3333333333333333,0.13333333333333333,0.8333333333333334,0.7777777777777777,0.5,0.38888888888888884,0.5,0.38888888888888884,0.5,0.38888888888888884
44,500,0.3333333333333333,0.13333333333333333,0.3333333333333333,0.13333333333333333,0.8333333333333334,0.7777777777777777,0.8333333333333334,0.7777777777777777,0.5,0.38888888888888884,0.5,0.38888888888888884
44,1000,0.3333333333333333,0.13333333333333333,0.3333333333333333,0.13333333333333333,0.8333333333333334,0.7777777777777777,0.5,0.38888888888888884,0.5,0.38888888888888884,0.5,0.38888888888888884
44,1500,0.3333333333333333,0.13333333333333333,0.3333333333333333,0.13333333333333333,0.8333333333333334,0.7777777777777777,0.8333333333333334,0.7777777777777777,0.5,0.38888888888888884,0.5,0.38888888888888884
45,20,0.6666666666666666,0.4444444444444444,0.3333333333333333,0.3333333333333333,0.6666666666666666,0.4444444444444444,0.3333333333333333,0.13333333333333333,0.5,0.38888888888888884,0.5,0.4444444444444444
45,50,0.6666666666666666,0.4444444444444444,0.3333333333333333,0.2222222222222222,0.6666666666666666,0.4444444444444444,0.5,0.4444444444444444,0.5,0.38888888888888884,0.5,0.38888888888888884
45,100,0.6666666666666666,0.4444444444444444,0.5,0.5,0.6666666666666666,0.4444444444444444,0.8333333333333334,0.7777777777777777,0.5,0.38888888888888884,0.5,0.38888888888888884
45,200,0.6666666666666666,0.4444444444444444,0.3333333333333333,0.2222222222222222,0.6666666666666666,0.4444444444444444,0.6666666666666666,0.4444444444444444,0.5,0.38888888888888884,0.5,0.4444444444444444
45,500,0.6666666666666666,0.4444444444444444,0.6666666666666666,0.4444444444444444,0.6666666666666666,0.4444444444444444,0.6666666666666666,0.4444444444444444,0.5,0.38888888888888884,0.5,0.38888888888888884
45,1000,0.6666666666666666,0.4444444444444444,0.6666666666666666,0.4444444444444444,0.6666666666666666,0.4444444444444444,0.6666666666666666,0.4444444444444444,0.5,0.38888888888888884,0.5,0.38888888888888884
45,1500,0.6666666666666666,0.4444444444444444,0.6666666666666666,0.4444444444444444,0.6666666666666666,0.4444444444444444,0.6666666666666666,0.4444444444444444,0.5,0.38888888888888884,0.5,0.38888888888888884
46,20,0.5,0.38888888888888884,0.5,0.38888888888888884,0.3333333333333333,0.26666666666666666,0.3333333333333333,0.26666666666666666,0.3333333333333333,0.2222222222222222,0.3333333333333333,0.26666666666666666
46,50,0.5,0.38888888888888884,0.5,0.38888888888888884,0.3333333333333333,0.26666666666666666,0.3333333333333333,0.26666666666666666,0.3333333333333333,0.2222222222222222,0.16666666666666666,0.13333333333333333
46,100,0.5,0.38888888888888884,0.5,0.38888888888888884,0.3333333333333333,0.26666666666666666,0.3333333333333333,0.26666666666666666,0.3333333333333333,0.2222222222222222,0.3333333333333333,0.2222222222222222
46,200,0.5,0.38888888888888884,0.16666666666666666,0.16666666666666666,0.3333333333333333,0.26666666666666666,0.3333333333333333,0.26666666666666666,0.3333333333333333,0.2222222222222222,0.3333333333333333,0.2222222222222222
46,500,0.5,0.38888888888888884,0.16666666666666666,0.16666666666666666,0.3333333333333333,0.26666666666666666,0.3333333333333333,0.26666666666666666,0.3333333333333333,0.2222222222222222,0.3333333333333333,0.2222222222222222
46,1000,0.5,0.38888888888888884,0.16666666666666666,0.13333333333333333,0.3333333333333333,0.26666666666666666,0.3333333333333333,0.26666666666666666,0.3333333333333333,0.2222222222222222,0.3333333333333333,0.2222222222222222
46,1500,0.5,0.38888888888888884,0.16666666666666666,0.13333333333333333,0.3333333333333333,0.26666666666666666,0.3333333333333333,0.26666666666666666,0.3333333333333333,0.2222222222222222,0.3333333333333333,0.2222222222222222
47,20,0.5,0.5,0.5,0.4444444444444444,0.5,0.5,0.3333333333333333,0.16666666666666666,0.16666666666666666,0.16666666666666666,0.5,0.4444444444444444
47,50,0.5,0.5,0.16666666666666666,0.16666666666666666,0.5,0.5,0.5,0.4444444444444444,0.16666666666666666,0.16666666666666666,0.5,0.38888888888888884
47,100,0.5,0.5,0.16666666666666666,0.16666666666666666,0.5,0.5,0.5,0.5,0.16666666666666666,0.16666666666666666,0.16666666666666666,0.16666666666666666
47,200,0.5,0.5,0.5,0.4444444444444444,0.5,0.5,0.5,0.5,0.16666666666666666,0.16666666666666666,0.16666666666666666,0.16666666666666666
47,500,0.5,0.5,0.5,0.5,0.5,0.5,0.5,0.5,0.16666666666666666,0.16666666666666666,0.16666666666666666,0.16666666666666666
47,1000,0.5,0.5,0.5,0.5,0.5,0.5,0.5,0.5,0.16666666666666666,0.16666666666666666,0.16666666666666666,0.16666666666666666
47,1500,0.5,0.5,0.5,0.5,0.5,0.5,0.5,0.5,0.16666666666666666,0.16666666666666666,0.16666666666666666,0.16666666666666666
48,20,0.3333333333333333,0.26666666666666666,0.3333333333333333,0.26666666666666666,0.16666666666666666,0.16666666666666666,0.0,0.0,0.3333333333333333,0.26666666666666666,0.3333333333333333,0.26666666666666666
48,50,0.3333333333333333,0.26666666666666666,0.3333333333333333,0.26666666666666666,0.16666666666666666,0.16666666666666666,0.3333333333333333,0.26666666666666666,0.3333333333333333,0.26666666666666666,0.3333333333333333,0.26666666666666666
48,100,0.3333333333333333,0.26666666666666666,0.3333333333333333,0.26666666666666666,0.16666666666666666,0.16666666666666666,0.3333333333333333,0.26666666666666666,0.3333333333333333,0.26666666666666666,0.3333333333333333,0.26666666666666666
48,200,0.3333333333333333,0.26666666666666666,0.3333333333333333,0.26666666666666666,0.16666666666666666,0.16666666666666666,0.5,0.38888888888888884,0.3333333333333333,0.26666666666666666,0.3333333333333333,0.26666666666666666
48,500,0.3333333333333333,0.26666666666666666,0.3333333333333333,0.26666666666666666,0.16666666666666666,0.16666666666666666,0.16666666666666666,0.16666666666666666,0.3333333333333333,0.26666666666666666,0.3333333333333333,0.26666666666666666
48,1000,0.3333333333333333,0.26666666666666666,0.3333333333333333,0.26666666666666666,0.16666666666666666,0.16666666666666666,0.16666666666666666,0.16666666666666666,0.3333333333333333,0.26666666666666666,0.3333333333333333,0.26666666666666666
48,1500,0.3333333333333333,0.26666666666666666,0.3333333333333333,0.26666666666666666,0.16666666666666666,0.16666666666666666,0.16666666666666666,0.16666666666666666,0.3333333333333333,0.26666666666666666,0.3333333333333333,0.26666666666666666
49,20,0.3333333333333333,0.13333333333333333,0.5,0.38888888888888884,0.16666666666666666,0.16666666666666666,0.5,0.4444444444444444,0.0,0.0,0.0,0.0
49,50,0.3333333333333333,0.13333333333333333,0.0,0.0,0.16666666666666666,0.16666666666666666,0.16666666666666666,0.16666666666666666,0.0,0.0,0.0,0.0
49,100,0.3333333333333333,0.13333333333333333,0.0,0.0,0.16666666666666666,0.16666666666666666,0.5,0.38888888888888884,0.0,0.0,0.0,0.0
49,200,0.3333333333333333,0.13333333333333333,0.3333333333333333,0.13333333333333333,0.16666666666666666,0.16666666666666666,0.5,0.38888888888888884,0.0,0.0,0.0,0.0
49,500,0.3333333333333333,0.13333333333333333,0.3333333333333333,0.13333333333333333,0.16666666666666666,0.16666666666666666,0.16666666666666666,0.13333333333333333,0.0,0.0,0.0,0.0
49,1000,0.3333333333333333,0.13333333333333333,0.3333333333333333,0.13333333333333333,0.16666666666666666,0.16666666666666666,0.16666666666666666,0.16666666666666666,0.0,0.0,0.0,0.0
49,1500,0.3333333333333333,0.13333333333333333,0.3333333333333333,0.13333333333333333,0.16666666666666666,0.16666666666666666,0.16666666666666666,0.16666666666666666,0.0,0.0,0.0,0.0
50,20,0.16666666666666666,0.16666666666666666,0.16666666666666666,0.16666666666666666,0.8333333333333334,0.7777777777777777,0.16666666666666666,0.16666666666666666,0.3333333333333333,0.3333333333333333,0.5,0.4444444444444444
50,50,0.16666666666666666,0.16666666666666666,0.3333333333333333,0.26666666666666666,0.8333333333333334,0.7777777777777777,0.5,0.38888888888888884,0.3333333333333333,0.3333333333333333,0.0,0.0
50,100,0.16666666666666666,0.16666666666666666,0.6666666666666666,0.5555555555555555,0.8333333333333334,0.7777777777777777,0.6666666666666666,0.5555555555555555,0.3333333333333333,0.3333333333333333,0.16666666666666666,0.2222222222222222
50,200,0.16666666666666666,0.16666666666666666,0.3333333333333333,0.3333333333333333,0.8333333333333334,0.7777777777777777,0.8333333333333334,0.7777777777777777,0.3333333333333333,0.3333333333333333,0.16666666666666666,0.16666666666666666
50,500,0.16666666666666666,0.16666666666666666,0.5,0.4444444444444444,0.8333333333333334,0.7777777777777777,0.8333333333333334,0.7777777777777777,0.3333333333333333,0.3333333333333333,0.16666666666666666,0.2222222222222222
50,1000,0.16666666666666666,0.16666666666666666,0.16666666666666666,0.16666666666666666,0.8333333333333334,0.7777777777777777,0.8333333333333334,0.7777777777777777,0.3333333333333333,0.3333333333333333,0.16666666666666666,0.2222222222222222
50,1500,0.16666666666666666,0.16666666666666666,0.16666666666666666,0.16666666666666666,0.8333333333333334,0.7777777777777777,0.8333333333333334,0.7777777777777777,0.3333333333333333,0.3333333333333333,0.16666666666666666,0.2222222222222222
51,20,0.16666666666666666,0.13333333333333333,0.5,0.5,0.16666666666666666,0.16666666666666666,0.16666666666666666,0.16666666666666666,0.16666666666666666,0.13333333333333333,0.5,0.4444444444444444
51,50,0.16666666666666666,0.13333333333333333,0.16666666666666666,0.16666666666666666,0.16666666666666666,0.16666666666666666,0.5,0.5,0.16666666666666666,0.13333333333333333,0.16666666666666666,0.2222222222222222
51,100,0.16666666666666666,0.13333333333333333,0.16666666666666666,0.16666666666666666,0.16666666666666666,0.16666666666666666,0.16666666666666666,0.13333333333333333,0.16666666666666666,0.13333333333333333,0.16666666666666666,0.2222222222222222
51,200,0.16666666666666666,0.13333333333333333,0.16666666666666666,0.16666666666666666,0.16666666666666666,0.16666666666666666,0.16666666666666666,0.13333333333333333,0.16666666666666666,0.13333333333333333,0.16666666666666666,0.16666666666666666
51,500,0.16666666666666666,0.13333333333333333,0.16666666666666666,0.13333333333333333,0.16666666666666666,0.16666666666666666,0.16666666666666666,0.16666666666666666,0.16666666666666666,0.13333333333333333,0.16666666666666666,0.13333333333333333
51,1000,0.16666666666666666,0.13333333333333333,0.16666666666666666,0.13333333333333333,0.16666666666666666,0.16666666666666666,0.16666666666666666,0.16666666666666666,0.16666666666666666,0.13333333333333333,0.16666666666666666,0.13333333333333333
51,1500,0.16666666666666666,0.13333333333333333,0.16666666666666666,0.13333333333333333,0.16666666666666666,0.16666666666666666,0.16666666666666666,0.16666666666666666,0.16666666666666666,0.13333333333333333,0.16666666666666666,0.13333333333333333
52,20,0.3333333333333333,0.16666666666666666,0.3333333333333333,0.16666666666666666,0.5,0.5,0.5,0.5,0.3333333333333333,0.13333333333333333,0.6666666666666666,0.4444444444444444
52,50,0.3333333333333333,0.16666666666666666,0.3333333333333333,0.16666666666666666,0.5,0.5,0.5,0.38888888888888884,0.3333333333333333,0.13333333333333333,0.6666666666666666,0.5
52,100,0.3333333333333333,0.16666666666666666,0.3333333333333333,0.16666666666666666,0.5,0.5,0.5,0.38888888888888884,0.3333333333333333,0.13333333333333333,0.3333333333333333,0.16666666666666666
52,200,0.3333333333333333,0.16666666666666666,0.3333333333333333,0.16666666666666666,0.5,0.5,0.5,0.5,0.3333333333333333,0.13333333333333333,0.0,0.0
52,500,0.3333333333333333,0.16666666666666666,0.3333333333333333,0.16666666666666666,0.5,0.5,0.5,0.5,0.3333333333333333,0.13333333333333333,0.0,0.0
52,1000,0.3333333333333333,0.16666666666666666,0.3333333333333333,0.16666666666666666,0.5,0.5,0.5,0.5,0.3333333333333333,0.13333333333333333,0.0,0.0
52,1500,0.3333333333333333,0.16666666666666666,0.3333333333333333,0.16666666666666666,0.5,0.5,0.5,0.5,0.3333333333333333,0.13333333333333333,0.0,0.0
53,20,0.6666666666666666,0.5555555555555555,0.3333333333333333,0.3333333333333333,1.0,1.0,0.0,0.0,0.3333333333333333,0.2222222222222222,0.16666666666666666,0.16666666666666666
53,50,0.6666666666666666,0.5555555555555555,0.3333333333333333,0.3333333333333333,1.0,1.0,0.6666666666666666,0.6,0.3333333333333333,0.2222222222222222,0.3333333333333333,0.2222222222222222
53,100,0.6666666666666666,0.5555555555555555,0.6666666666666666,0.5555555555555555,1.0,1.0,0.6666666666666666,0.5555555555555555,0.3333333333333333,0.2222222222222222,0.3333333333333333,0.26666666666666666
53,200,0.6666666666666666,0.5555555555555555,0.3333333333333333,0.3333333333333333,1.0,1.0,0.6666666666666666,0.5555555555555555,0.3333333333333333,0.2222222222222222,0.3333333333333333,0.26666666666666666
53,500,0.6666666666666666,0.5555555555555555,0.6666666666666666,0.5555555555555555,1.0,1.0,0.6666666666666666,0.5555555555555555,0.3333333333333333,0.2222222222222222,0.3333333333333333,0.26666666666666666
53,1000,0.6666666666666666,0.5555555555555555,0.6666666666666666,0.5555555555555555,1.0,1.0,0.6666666666666666,0.5555555555555555,0.3333333333333333,0.2222222222222222,0.3333333333333333,0.26666666666666666
53,1500,0.6666666666666666,0.5555555555555555,0.6666666666666666,0.5555555555555555,1.0,1.0,1.0,1.0,0.3333333333333333,0.2222222222222222,0.3333333333333333,0.2222222222222222
54,20,0.8333333333333334,0.7777777777777777,0.5,0.38888888888888884,0.6666666666666666,0.6,0.3333333333333333,0.16666666666666666,0.5,0.4444444444444444,0.5,0.38888888888888884
54,50,0.8333333333333334,0.7777777777777777,0.6666666666666666,0.5555555555555555,0.6666666666666666,0.6,0.16666666666666666,0.16666666666666666,0.5,0.4444444444444444,0.8333333333333334,0.7777777777777777
54,100,0.8333333333333334,0.7777777777777777,0.8333333333333334,0.7777777777777777,0.6666666666666666,0.6,0.8333333333333334,0.7777777777777777,0.5,0.4444444444444444,0.5,0.5
54,200,0.8333333333333334,0.7777777777777777,0.5,0.4444444444444444,0.6666666666666666,0.6,0.6666666666666666,0.6,0.5,0.4444444444444444,0.5,0.4444444444444444
54,500,0.8333333333333334,0.7777777777777777,0.8333333333333334,0.7777777777777777,0.6666666666666666,0.6,0.6666666666666666,0.6,0.5,0.4444444444444444,0.5,0.4444444444444444
54,1000,0.8333333333333334,0.7777777777777777,0.8333333333333334,0.7777777777777777,0.6666666666666666,0.6,0.6666666666666666,0.6,0.5,0.4444444444444444,0.5,0.4444444444444444
54,1500,0.8333333333333334,0.7777777777777777,0.8333333333333334,0.7777777777777777,0.6666666666666666,0.6,0.6666666666666666,0.6,0.5,0.4444444444444444,0.5,0.4444444444444444
55,20,0.5,0.38888888888888884,0.16666666666666666,0.13333333333333333,0.5,0.38888888888888884,0.5,0.38888888888888884,0.5,0.38888888888888884,0.5,0.38888888888888884
55,50,0.5,0.38888888888888884,0.5,0.38888888888888884,0.5,0.38888888888888884,0.5,0.38888888888888884,0.5,0.38888888888888884,0.5,0.38888888888888884
55,100,0.5,0.38888888888888884,0.5,0.5,0.5,0.38888888888888884,0.5,0.38888888888888884,0.5,0.38888888888888884,0.5,0.38888888888888884
55,200,0.5,0.38888888888888884,0.5,0.5,0.5,0.38888888888888884,0.5,0.38888888888888884,0.5,0.38888888888888884,0.5,0.38888888888888884
55,500,0.5,0.38888888888888884,0.5,0.38888888888888884,0.5,0.38888888888888884,0.5,0.38888888888888884,0.5,0.38888888888888884,0.5,0.38888888888888884
55,1000,0.5,0.38888888888888884,0.5,0.38888888888888884,0.5,0.38888888888888884,0.5,0.38888888888888884,0.5,0.38888888888888884,0.5,0.38888888888888884
55,1500,0.5,0.38888888888888884,0.5,0.38888888888888884,0.5,0.38888888888888884,0.5,0.38888888888888884,0.5,0.38888888888888884,0.5,0.38888888888888884
56,20,0.16666666666666666,0.2222222222222222,0.3333333333333333,0.3333333333333333,0.5,0.38888888888888884,0.5,0.38888888888888884,0.5,0.38888888888888884,0.16666666666666666,0.16666666666666666
56,50,0.16666666666666666,0.2222222222222222,0.0,0.0,0.5,0.38888888888888884,0.16666666666666666,0.2222222222222222,0.5,0.38888888888888884,0.5,0.38888888888888884
56,100,0.16666666666666666,0.2222222222222222,0.16666666666666666,0.2222222222222222,0.5,0.38888888888888884,0.5,0.38888888888888884,0.5,0.38888888888888884,0.16666666666666666,0.2222222222222222
56,200,0.16666666666666666,0.2222222222222222,0.3333333333333333,0.13333333333333333,0.5,0.38888888888888884,0.5,0.38888888888888884,0.5,0.38888888888888884,0.5,0.38888888888888884
56,500,0.16666666666666666,0.2222222222222222,0.16666666666666666,0.2222222222222222,0.5,0.38888888888888884,0.5,0.38888888888888884,0.5,0.38888888888888884,0.5,0.38888888888888884
56,1000,0.16666666666666666,0.2222222222222222,0.16666666666666666,0.2222222222222222,0.5,0.38888888888888884,0.5,0.38888888888888884,0.5,0.38888888888888884,0.5,0.38888888888888884
56,1500,0.16666666666666666,0.2222222222222222,0.16666666666666666,0.2222222222222222,0.5,0.38888888888888884,0.5,0.38888888888888884,0.5,0.38888888888888884,0.5,0.38888888888888884
57,20,0.5,0.4444444444444444,0.5,0.38888888888888884,0.16666666666666666,0.13333333333333333,0.16666666666666666,0.2222222222222222,0.16666666666666666,0.13333333333333333,0.16666666666666666,0.13333333333333333
57,50,0.5,0.4444444444444444,0.5,0.5,0.16666666666666666,0.13333333333333333,0.16666666666666666,0.13333333333333333,0.16666666666666666,0.13333333333333333,0.16666666666666666,0.13333333333333333
57,100,0.5,0.4444444444444444,0.5,0.5,0.16666666666666666,0.13333333333333333,0.16666666666666666,0.16666666666666666,0.16666666666666666,0.13333333333333333,0.16666666666666666,0.13333333333333333
57,200,0.5,0.4444444444444444,0.5,0.4444444444444444,0.16666666666666666,0.13333333333333333,0.16666666666666666,0.13333333333333333,0.16666666666666666,0.13333333333333333,0.16666666666666666,0.13333333333333333
57,500,0.5,0.4444444444444444,0.5,0.4444444444444444,0.16666666666666666,0.13333333333333333,0.16666666666666666,0.13333333333333333,0.16666666666666666,0.13333333333333333,0.16666666666666666,0.13333333333333333
57,1000,0.5,0.4444444444444444,0.5,0.4444444444444444,0.16666666666666666,0.13333333333333333,0.16666666666666666,0.13333333333333333,0.16666666666666666,0.13333333333333333,0.16666666666666666,0.13333333333333333
57,1500,0.5,0.4444444444444444,0.5,0.4444444444444444,0.16666666666666666,0.13333333333333333,0.16666666666666666,0.13333333333333333,0.16666666666666666,0.13333333333333333,0.16666666666666666,0.13333333333333333
58,20,0.8333333333333334,0.7777777777777777,0.5,0.4444444444444444,0.8333333333333334,0.7777777777777777,0.3333333333333333,0.2222222222222222,0.8333333333333334,0.7777777777777777,0.5,0.38888888888888884
58,50,0.8333333333333334,0.7777777777777777,0.5,0.4444444444444444,0.8333333333333334,0.7777777777777777,0.8333333333333334,0.7777777777777777,0.8333333333333334,0.7777777777777777,0.8333333333333334,0.7777777777777777
58,100,0.8333333333333334,0.7777777777777777,0.5,0.4444444444444444,0.8333333333333334,0.7777777777777777,0.6666666666666666,0.4444444444444444,0.8333333333333334,0.7777777777777777,0.5,0.38888888888888884
58,200,0.8333333333333334,0.7777777777777777,0.5,0.4444444444444444,0.8333333333333334,0.7777777777777777,0.6666666666666666,0.4444444444444444,0.8333333333333334,0.7777777777777777,0.5,0.38888888888888884
58,500,0.8333333333333334,0.7777777777777777,0.8333333333333334,0.7777777777777777,0.8333333333333334,0.7777777777777777,0.8333333333333334,0.7777777777777777,0.8333333333333334,0.7777777777777777,0.5,0.38888888888888884
58,1000,0.8333333333333334,0.7777777777777777,0.5,0.4444444444444444,0.8333333333333334,0.7777777777777777,0.8333333333333334,0.7777777777777777,0.8333333333333334,0.7777777777777777,0.8333333333333334,0.7777777777777777
58,1500,0.8333333333333334,0.7777777777777777,0.8333333333333334,0.7777777777777777,0.8333333333333334,0.7777777777777777,0.8333333333333334,0.7777777777777777,0.8333333333333334,0.7777777777777777,0.8333333333333334,0.7777777777777777
59,20,0.6666666666666666,0.5,0.5,0.5,0.5,0.5,0.6666666666666666,0.5,0.8333333333333334,0.7777777777777777,0.0,0.0
59,50,0.6666666666666666,0.5,0.5,0.5,0.5,0.5,0.6666666666666666,0.6,0.8333333333333334,0.7777777777777777,0.5,0.38888888888888884
59,100,0.6666666666666666,0.5,0.5,0.5,0.5,0.5,0.5,0.5,0.8333333333333334,0.7777777777777777,0.3333333333333333,0.3333333333333333
59,200,0.6666666666666666,0.5,0.8333333333333334,0.7777777777777777,0.5,0.5,0.5,0.5,0.8333333333333334,0.7777777777777777,0.6666666666666666,0.5
59,500,0.6666666666666666,0.5,0.8333333333333334,0.7777777777777777,0.5,0.5,0.5,0.5,0.8333333333333334,0.7777777777777777,0.8333333333333334,0.7777777777777777
59,1000,0.6666666666666666,0.5,0.6666666666666666,0.5,0.5,0.5,0.5,0.5,0.8333333333333334,0.7777777777777777,0.8333333333333334,0.7777777777777777
59,1500,0.6666666666666666,0.5,0.6666666666666666,0.5,0.5,0.5,0.5,0.5,0.8333333333333334,0.7777777777777777,0.8333333333333334,0.7777777777777777
60,20,0.6666666666666666,0.5,0.3333333333333333,0.2222222222222222,0.6666666666666666,0.5,0.6666666666666666,0.4444444444444444,0.3333333333333333,0.3333333333333333,0.3333333333333333,0.3333333333333333
60,50,0.6666666666666666,0.5,0.6666666666666666,0.5,0.6666666666666666,0.5,0.6666666666666666,0.4444444444444444,0.3333333333333333,0.3333333333333333,0.5,0.5
60,100,0.6666666666666666,0.5,0.6666666666666666,0.5,0.6666666666666666,0.5,0.6666666666666666,0.5,0.3333333333333333,0.3333333333333333,0.3333333333333333,0.2222222222222222
60,200,0.6666666666666666,0.5,0.6666666666666666,0.5,0.6666666666666666,0.5,0.6666666666666666,0.5,0.3333333333333333,0.3333333333333333,0.3333333333333333,0.2222222222222222
60,500,0.6666666666666666,0.5,0.6666666666666666,0.5,0.6666666666666666,0.5,0.6666666666666666,0.5,0.3333333333333333,0.3333333333333333,0.3333333333333333,0.2222222222222222
60,1000,0.6666666666666666,0.5,0.6666666666666666,0.5,0.6666666666666666,0.5,0.6666666666666666,0.5,0.3333333333333333,0.3333333333333333,0.3333333333333333,0.2222222222222222
60,1500,0.6666666666666666,0.5,0.6666666666666666,0.5,0.6666666666666666,0.5,0.6666666666666666,0.5,0.3333333333333333,0.3333333333333333,0.3333333333333333,0.2222222222222222
61,20,0.6666666666666666,0.6,0.6666666666666666,0.5,0.16666666666666666,0.16666666666666666,0.0,0.0,0.5,0.4444444444444444,0.6666666666666666,0.5555555555555555
61,50,0.6666666666666666,0.6,0.3333333333333333,0.13333333333333333,0.16666666666666666,0.16666666666666666,0.16666666666666666,0.16666666666666666,0.5,0.4444444444444444,0.5,0.4444444444444444
61,100,0.6666666666666666,0.6,0.3333333333333333,0.2222222222222222,0.16666666666666666,0.16666666666666666,0.16666666666666666,0.16666666666666666,0.5,0.4444444444444444,0.5,0.5
61,200,0.6666666666666666,0.6,0.5,0.5,0.16666666666666666,0.16666666666666666,0.16666666666666666,0.16666666666666666,0.5,0.4444444444444444,0.5,0.5
61,500,0.6666666666666666,0.6,0.5,0.5,0.16666666666666666,0.16666666666666666,0.16666666666666666,0.16666666666666666,0.5,0.4444444444444444,0.5,0.5
61,1000,0.6666666666666666,0.6,0.6666666666666666,0.6,0.16666666666666666,0.16666666666666666,0.16666666666666666,0.16666666666666666,0.5,0.4444444444444444,0.5,0.4444444444444444
61,1500,0.6666666666666666,0.6,0.6666666666666666,0.6,0.16666666666666666,0.16666666666666666,0.16666666666666666,0.16666666666666666,0.5,0.4444444444444444,0.5,0.4444444444444444
62,20,0.3333333333333333,0.16666666666666666,0.3333333333333333,0.13333333333333333,0.5,0.4444444444444444,0.3333333333333333,0.2222222222222222,0.3333333333333333,0.2222222222222222,0.3333333333333333,0.2222222222222222
62,50,0.3333333333333333,0.16666666666666666,0.3333333333333333,0.13333333333333333,0.5,0.4444444444444444,0.5,0.4444444444444444,0.3333333333333333,0.2222222222222222,0.0,0.0
62,100,0.3333333333333333,0.16666666666666666,0.5,0.4444444444444444,0.5,0.4444444444444444,0.5,0.4444444444444444,0.3333333333333333,0.2222222222222222,0.3333333333333333,0.2222222222222222
62,200,0.3333333333333333,0.16666666666666666,0.5,0.4444444444444444,0.5,0.4444444444444444,0.5,0.4444444444444444,0.3333333333333333,0.2222222222222222,0.5,0.38888888888888884
62,500,0.3333333333333333,0.16666666666666666,0.3333333333333333,0.16666666666666666,0.5,0.4444444444444444,0.5,0.4444444444444444,0.3333333333333333,0.2222222222222222,0.3333333333333333,0.2222222222222222
62,1000,0.3333333333333333,0.16666666666666666,0.3333333333333333,0.16666666666666666,0.5,0.4444444444444444,0.5,0.4444444444444444,0.3333333333333333,0.2222222222222222,0.3333333333333333,0.2222222222222222
62,1500,0.3333333333333333,0.16666666666666666,0.3333333333333333,0.16666666666666666,0.5,0.4444444444444444,0.5,0.4444444444444444,0.3333333333333333,0.2222222222222222,0.3333333333333333,0.2222222222222222
63,20,0.5,0.4444444444444444,0.8333333333333334,0.7777777777777777,0.8333333333333334,0.7777777777777777,0.8333333333333334,0.7777777777777777,0.8333333333333334,0.7777777777777777,0.6666666666666666,0.5555555555555555
63,50,0.5,0.4444444444444444,0.5,0.4444444444444444,0.8333333333333334,0.7777777777777777,0.8333333333333334,0.7777777777777777,0.8333333333333334,0.7777777777777777,0.5,0.38888888888888884
63,100,0.5,0.4444444444444444,0.5,0.5,0.8333333333333334,0.7777777777777777,0.8333333333333334,0.7777777777777777,0.8333333333333334,0.7777777777777777,0.5,0.38888888888888884
63,200,0.5,0.4444444444444444,0.5,0.5,0.8333333333333334,0.7777777777777777,0.8333333333333334,0.7777777777777777,0.8333333333333334,0.7777777777777777,0.8333333333333334,0.7777777777777777
63,500,0.5,0.4444444444444444,0.8333333333333334,0.7777777777777777,0.8333333333333334,0.7777777777777777,0.8333333333333334,0.7777777777777777,0.8333333333333334,0.7777777777777777,0.5,0.5
63,1000,0.5,0.4444444444444444,0.5,0.4444444444444444,0.8333333333333334,0.7777777777777777,0.8333333333333334,0.7777777777777777,0.8333333333333334,0.7777777777777777,0.5,0.4444444444444444
63,1500,0.5,0.4444444444444444,0.5,0.4444444444444444,0.8333333333333334,0.7777777777777777,0.8333333333333334,0.7777777777777777,0.8333333333333334,0.7777777777777777,0.5,0.4444444444444444
64,20,0.5,0.38888888888888884,0.5,0.38888888888888884,0.5,0.38888888888888884,0.5,0.38888888888888884,0.5,0.38888888888888884,0.16666666666666666,0.13333333333333333
64,50,0.5,0.38888888888888884,0.5,0.38888888888888884,0.5,0.38888888888888884,0.5,0.38888888888888884,0.5,0.38888888888888884,0.16666666666666666,0.13333333333333333
64,100,0.5,0.38888888888888884,0.5,0.38888888888888884,0.5,0.38888888888888884,0.5,0.38888888888888884,0.5,0.38888888888888884,0.5,0.38888888888888884
64,200,0.5,0.38888888888888884,0.5,0.38888888888888884,0.5,0.38888888888888884,0.5,0.38888888888888884,0.5,0.38888888888888884,0.16666666666666666,0.16666666666666666
64,500,0.5,0.38888888888888884,0.5,0.38888888888888884,0.5,0.38888888888888884,0.5,0.38888888888888884,0.5,0.38888888888888884,0.5,0.38888888888888884
64,1000,0.5,0.38888888888888884,0.5,0.38888888888888884,0.5,0.38888888888888884,0.5,0.38888888888888884,0.5,0.38888888888888884,0.5,0.38888888888888884
64,1500,0.5,0.38888888888888884,0.5,0.38888888888888884,0.5,0.38888888888888884,0.5,0.38888888888888884,0.5,0.38888888888888884,0.5,0.38888888888888884
65,20,0.3333333333333333,0.2222222222222222,0.3333333333333333,0.2222222222222222,0.3333333333333333,0.2222222222222222,0.3333333333333333,0.13333333333333333,0.3333333333333333,0.16666666666666666,0.16666666666666666,0.16666666666666666
65,50,0.3333333333333333,0.2222222222222222,0.3333333333333333,0.2222222222222222,0.3333333333333333,0.2222222222222222,0.5,0.38888888888888884,0.3333333333333333,0.16666666666666666,0.3333333333333333,0.16666666666666666
65,100,0.3333333333333333,0.2222222222222222,0.3333333333333333,0.3333333333333333,0.3333333333333333,0.2222222222222222,0.3333333333333333,0.16666666666666666,0.3333333333333333,0.16666666666666666,0.3333333333333333,0.16666666666666666
65,200,0.3333333333333333,0.2222222222222222,0.3333333333333333,0.2222222222222222,0.3333333333333333,0.2222222222222222,0.3333333333333333,0.2222222222222222,0.3333333333333333,0.16666666666666666,0.3333333333333333,0.2222222222222222
65,500,0.3333333333333333,0.2222222222222222,0.3333333333333333,0.2222222222222222,0.3333333333333333,0.2222222222222222,0.3333333333333333,0.2222222222222222,0.3333333333333333,0.16666666666666666,0.3333333333333333,0.16666666666666666
65,1000,0.3333333333333333,0.2222222222222222,0.3333333333333333,0.2222222222222222,0.3333333333333333,0.2222222222222222,0.3333333333333333,0.2222222222222222,0.3333333333333333,0.16666666666666666,0.3333333333333333,0.16666666666666666
65,1500,0.3333333333333333,0.2222222222222222,0.3333333333333333,0.2222222222222222,0.3333333333333333,0.2222222222222222,0.3333333333333333,0.2222222222222222,0.3333333333333333,0.16666666666666666,0.3333333333333333,0.16666666666666666
66,20,0.16666666666666666,0.16666666666666666,0.16666666666666666,0.13333333333333333,0.16666666666666666,0.16666666666666666,0.16666666666666666,0.16666666666666666,0.16666666666666666,0.16666666666666666,0.16666666666666666,0.13333333333333333
66,50,0.16666666666666666,0.16666666666666666,0.3333333333333333,0.26666666666666666,0.16666666666666666,0.16666666666666666,0.16666666666666666,0.16666666666666666,0.16666666666666666,0.16666666666666666,0.0,0.0
66,100,0.16666666666666666,0.16666666666666666,0.3333333333333333,0.26666666666666666,0.16666666666666666,0.16666666666666666,0.16666666666666666,0.16666666666666666,0.16666666666666666,0.16666666666666666,0.0,0.0
66,200,0.16666666666666666,0.16666666666666666,0.16666666666666666,0.16666666666666666,0.16666666666666666,0.16666666666666666,0.16666666666666666,0.16666666666666666,0.16666666666666666,0.16666666666666666,0.16666666666666666,0.16666666666666666
66,500,0.16666666666666666,0.16666666666666666,0.16666666666666666,0.16666666666666666,0.16666666666666666,0.16666666666666666,0.16666666666666666,0.16666666666666666,0.16666666666666666,0.16666666666666666,0.16666666666666666,0.13333333333333333
66,1000,0.16666666666666666,0.16666666666666666,0.16666666666666666,0.16666666666666666,0.16666666666666666,0.16666666666666666,0.16666666666666666,0.16666666666666666,0.16666666666666666,0.16666666666666666,0.16666666666666666,0.16666666666666666
66,1500,0.16666666666666666,0.16666666666666666,0.16666666666666666,0.16666666666666666,0.16666666666666666,0.16666666666666666,0.16666666666666666,0.16666666666666666,0.16666666666666666,0.16666666666666666,0.16666666666666666,0.16666666666666666
67,20,0.6666666666666666,0.5,0.3333333333333333,0.16666666666666666,0.8333333333333334,0.7777777777777777,0.8333333333333334,0.7777777777777777,0.6666666666666666,0.5,0.6666666666666666,0.4444444444444444
67,50,0.6666666666666666,0.5,0.6666666666666666,0.4444444444444444,0.8333333333333334,0.7777777777777777,0.8333333333333334,0.7777777777777777,0.6666666666666666,0.5,0.6666666666666666,0.5
67,100,0.6666666666666666,0.5,0.6666666666666666,0.4444444444444444,0.8333333333333334,0.7777777777777777,0.8333333333333334,0.7777777777777777,0.6666666666666666,0.5,0.6666666666666666,0.5
67,200,0.6666666666666666,0.5,0.3333333333333333,0.2222222222222222,0.8333333333333334,0.7777777777777777,0.8333333333333334,0.7777777777777777,0.6666666666666666,0.5,0.6666666666666666,0.5
67,500,0.6666666666666666,0.5,0.6666666666666666,0.4444444444444444,0.8333333333333334,0.7777777777777777,0.8333333333333334,0.7777777777777777,0.6666666666666666,0.5,0.6666666666666666,0.5
67,1000,0.6666666666666666,0.5,0.3333333333333333,0.16666666666666666,0.8333333333333334,0.7777777777777777,0.8333333333333334,0.7777777777777777,0.6666666666666666,0.5,0.6666666666666666,0.5
67,1500,0.6666666666666666,0.5,0.6666666666666666,0.5,0.8333333333333334,0.7777777777777777,0.8333333333333334,0.7777777777777777,0.6666666666666666,0.5,0.6666666666666666,0.5
68,20,0.5,0.4444444444444444,0.16666666666666666,0.2222222222222222,0.5,0.4444444444444444,0.5,0.4444444444444444,0.5,0.38888888888888884,0.16666666666666666,0.2222222222222222
68,50,0.5,0.4444444444444444,0.5,0.38888888888888884,0.5,0.4444444444444444,0.16666666666666666,0.2222222222222222,0.5,0.38888888888888884,0.16666666666666666,0.2222222222222222
68,100,0.5,0.4444444444444444,0.16666666666666666,0.2222222222222222,0.5,0.4444444444444444,0.5,0.4444444444444444,0.5,0.38888888888888884,0.5,0.38888888888888884
68,200,0.5,0.4444444444444444,0.16666666666666666,0.2222222222222222,0.5,0.4444444444444444,0.5,0.4444444444444444,0.5,0.38888888888888884,0.5,0.38888888888888884
68,500,0.5,0.4444444444444444,0.16666666666666666,0.2222222222222222,0.5,0.4444444444444444,0.5,0.4444444444444444,0.5,0.38888888888888884,0.5,0.38888888888888884
68,1000,0.5,0.4444444444444444,0.5,0.4444444444444444,0.5,0.4444444444444444,0.5,0.4444444444444444,0.5,0.38888888888888884,0.5,0.38888888888888884
68,1500,0.5,0.4444444444444444,0.5,0.4444444444444444,0.5,0.4444444444444444,0.5,0.4444444444444444,0.5,0.38888888888888884,0.5,0.38888888888888884
69,20,0.8333333333333334,0.7777777777777777,0.5,0.38888888888888884,0.5,0.38888888888888884,0.16666666666666666,0.16666666666666666,0.6666666666666666,0.6,0.6666666666666666,0.5555555555555555
69,50,0.8333333333333334,0.7777777777777777,0.5,0.38888888888888884,0.5,0.38888888888888884,0.3333333333333333,0.2222222222222222,0.6666666666666666,0.6,0.5,0.38888888888888884
69,100,0.8333333333333334,0.7777777777777777,0.5,0.38888888888888884,0.5,0.38888888888888884,0.16666666666666666,0.13333333333333333,0.6666666666666666,0.6,0.5,0.38888888888888884
69,200,0.8333333333333334,0.7777777777777777,0.8333333333333334,0.7777777777777777,0.5,0.38888888888888884,0.5,0.38888888888888884,0.6666666666666666,0.6,0.5,0.38888888888888884
69,500,0.8333333333333334,0.7777777777777777,0.8333333333333334,0.7777777777777777,0.5,0.38888888888888884,0.5,0.38888888888888884,0.6666666666666666,0.6,0.5,0.38888888888888884
69,1000,0.8333333333333334,0.7777777777777777,0.8333333333333334,0.7777777777777777,0.5,0.38888888888888884,0.5,0.38888888888888884,0.6666666666666666,0.6,0.6666666666666666,0.6
69,1500,0.8333333333333334,0.7777777777777777,0.8333333333333334,0.7777777777777777,0.5,0.38888888888888884,0.5,0.38888888888888884,0.6666666666666666,0.6,0.6666666666666666,0.6
70,20,0.6666666666666666,0.5,0.6666666666666666,0.5,0.8333333333333334,0.7777777777777777,0.5,0.38888888888888884,0.5,0.38888888888888884,0.0,0.0
70,50,0.6666666666666666,0.5,0.3333333333333333,0.3333333333333333,0.8333333333333334,0.7777777777777777,0.6666666666666666,0.5555555555555555,0.5,0.38888888888888884,0.5,0.4444444444444444
70,100,0.6666666666666666,0.5,0.3333333333333333,0.2222222222222222,0.8333333333333334,0.7777777777777777,0.5,0.5,0.5,0.38888888888888884,0.5,0.4444444444444444
70,200,0.6666666666666666,0.5,0.3333333333333333,0.2222222222222222,0.8333333333333334,0.7777777777777777,0.5,0.5,0.5,0.38888888888888884,0.3333333333333333,0.2222222222222222
70,500,0.6666666666666666,0.5,0.6666666666666666,0.5,0.8333333333333334,0.7777777777777777,0.8333333333333334,0.7777777777777777,0.5,0.38888888888888884,0.3333333333333333,0.16666666666666666
70,1000,0.6666666666666666,0.5,0.6666666666666666,0.5,0.8333333333333334,0.7777777777777777,0.8333333333333334,0.7777777777777777,0.5,0.38888888888888884,0.5,0.38888888888888884
70,1500,0.6666666666666666,0.5,0.6666666666666666,0.5,0.8333333333333334,0.7777777777777777,0.8333333333333334,0.7777777777777777,0.5,0.38888888888888884,0.5,0.38888888888888884
71,20,0.8333333333333334,0.7777777777777777,0.6666666666666666,0.4444444444444444,0.8333333333333334,0.7777777777777777,0.3333333333333333,0.16666666666666666,0.6666666666666666,0.4444444444444444,0.6666666666666666,0.4444444444444444
71,50,0.8333333333333334,0.7777777777777777,0.8333333333333334,0.7777777777777777,0.8333333333333334,0.7777777777777777,0.3333333333333333,0.16666666666666666,0.6666666666666666,0.4444444444444444,0.3333333333333333,0.16666666666666666
71,100,0.8333333333333334,0.7777777777777777,0.8333333333333334,0.7777777777777777,0.8333333333333334,0.7777777777777777,0.8333333333333334,0.7777777777777777,0.6666666666666666,0.4444444444444444,0.3333333333333333,0.16666666666666666
71,200,0.8333333333333334,0.7777777777777777,0.6666666666666666,0.5,0.8333333333333334,0.7777777777777777,0.8333333333333334,0.7777777777777777,0.6666666666666666,0.4444444444444444,0.6666666666666666,0.4444444444444444
71,500,0.8333333333333334,0.7777777777777777,0.8333333333333334,0.7777777777777777,0.8333333333333334,0.7777777777777777,0.8333333333333334,0.7777777777777777,0.6666666666666666,0.4444444444444444,0.6666666666666666,0.4444444444444444
71,1000,0.8333333333333334,0.7777777777777777,0.8333333333333334,0.7777777777777777,0.8333333333333334,0.7777777777777777,0.8333333333333334,0.7777777777777777,0.6666666666666666,0.4444444444444444,0.6666666666666666,0.4444444444444444
71,1500,0.8333333333333334,0.7777777777777777,0.8333333333333334,0.7777777777777777,0.8333333333333334,0.7777777777777777,0.8333333333333334,0.7777777777777777,0.6666666666666666,0.4444444444444444,0.6666666666666666,0.4444444444444444
72,20,0.5,0.38888888888888884,0.5,0.38888888888888884,0.5,0.38888888888888884,0.16666666666666666,0.16666666666666666,0.5,0.38888888888888884,0.16666666666666666,0.2222222222222222
72,50,0.5,0.38888888888888884,0.16666666666666666,0.2222222222222222,0.5,0.38888888888888884,0.5,0.38888888888888884,0.5,0.38888888888888884,0.16666666666666666,0.2222222222222222
72,100,0.5,0.38888888888888884,0.5,0.38888888888888884,0.5,0.38888888888888884,0.5,0.38888888888888884,0.5,0.38888888888888884,0.16666666666666666,0.2222222222222222
72,200,0.5,0.38888888888888884,0.5,0.38888888888888884,0.5,0.38888888888888884,0.5,0.38888888888888884,0.5,0.38888888888888884,0.16666666666666666,0.2222222222222222
72,500,0.5,0.38888888888888884,0.5,0.38888888888888884,0.5,0.38888888888888884,0.5,0.38888888888888884,0.5,0.38888888888888884,0.5,0.38888888888888884
72,1000,0.5,0.38888888888888884,0.5,0.38888888888888884,0.5,0.38888888888888884,0.5,0.38888888888888884,0.5,0.38888888888888884,0.5,0.38888888888888884
72,1500,0.5,0.38888888888888884,0.5,0.38888888888888884,0.5,0.38888888888888884,0.5,0.38888888888888884,0.5,0.38888888888888884,0.5,0.38888888888888884
73,20,0.8333333333333334,0.7777777777777777,0.8333333333333334,0.7777777777777777,0.8333333333333334,0.7777777777777777,0.6666666666666666,0.4444444444444444,0.8333333333333334,0.7777777777777777,0.8333333333333334,0.7777777777777777
73,50,0.8333333333333334,0.7777777777777777,0.8333333333333334,0.7777777777777777,0.8333333333333334,0.7777777777777777,0.8333333333333334,0.7777777777777777,0.8333333333333334,0.7777777777777777,0.8333333333333334,0.7777777777777777
73,100,0.8333333333333334,0.7777777777777777,0.8333333333333334,0.7777777777777777,0.8333333333333334,0.7777777777777777,0.8333333333333334,0.7777777777777777,0.8333333333333334,0.7777777777777777,0.8333333333333334,0.7777777777777777
73,200,0.8333333333333334,0.7777777777777777,0.8333333333333334,0.7777777777777777,0.8333333333333334,0.7777777777777777,0.8333333333333334,0.7777777777777777,0.8333333333333334,0.7777777777777777,0.8333333333333334,0.7777777777777777
73,500,0.8333333333333334,0.7777777777777777,0.8333333333333334,0.7777777777777777,0.8333333333333334,0.7777777777777777,0.8333333333333334,0.7777777777777777,0.8333333333333334,0.7777777777777777,0.8333333333333334,0.7777777777777777
73,1000,0.8333333333333334,0.7777777777777777,0.8333333333333334,0.7777777777777777,0.8333333333333334,0.7777777777777777,0.8333333333333334,0.7777777777777777,0.8333333333333334,0.7777777777777777,0.8333333333333334,0.7777777777777777
73,1500,0.8333333333333334,0.7777777777777777,0.8333333333333334,0.7777777777777777,0.8333333333333334,0.7777777777777777,0.8333333333333334,0.7777777777777777,0.8333333333333334,0.7777777777777777,0.8333333333333334,0.7777777777777777
74,20,0.3333333333333333,0.2222222222222222,0.3333333333333333,0.2222222222222222,0.3333333333333333,0.16666666666666666,0.3333333333333333,0.13333333333333333,0.5,0.5,0.3333333333333333,0.2222222222222222
74,50,0.3333333333333333,0.2222222222222222,0.3333333333333333,0.3333333333333333,0.3333333333333333,0.16666666666666666,0.3333333333333333,0.13333333333333333,0.5,0.5,0.5,0.4444444444444444
74,100,0.3333333333333333,0.2222222222222222,0.3333333333333333,0.3333333333333333,0.3333333333333333,0.16666666666666666,0.3333333333333333,0.16666666666666666,0.5,0.5,0.3333333333333333,0.3333333333333333
74,200,0.3333333333333333,0.2222222222222222,0.3333333333333333,0.3333333333333333,0.3333333333333333,0.16666666666666666,0.3333333333333333,0.16666666666666666,0.5,0.5,0.5,0.4444444444444444
74,500,0.3333333333333333,0.2222222222222222,0.3333333333333333,0.2222222222222222,0.3333333333333333,0.16666666666666666,0.3333333333333333,0.16666666666666666,0.5,0.5,0.3333333333333333,0.3333333333333333
74,1000,0.3333333333333333,0.2222222222222222,0.3333333333333333,0.2222222222222222,0.3333333333333333,0.16666666666666666,0.3333333333333333,0.16666666666666666,0.5,0.5,0.3333333333333333,0.3333333333333333
74,1500,0.3333333333333333,0.2222222222222222,0.3333333333333333,0.2222222222222222,0.3333333333333333,0.16666666666666666,0.3333333333333333,0.16666666666666666,0.5,0.5,0.3333333333333333,0.3333333333333333
75,20,0.3333333333333333,0.13333333333333333,0.3333333333333333,0.2222222222222222,0.3333333333333333,0.16666666666666666,0.0,0.0,0.3333333333333333,0.16666666666666666,0.8333333333333334,0.7777777777777777
75,50,0.3333333333333333,0.13333333333333333,0.0,0.0,0.3333333333333333,0.16666666666666666,0.3333333333333333,0.16666666666666666,0.3333333333333333,0.16666666666666666,0.3333333333333333,0.16666666666666666
75,100,0.3333333333333333,0.13333333333333333,0.0,0.0,0.3333333333333333,0.16666666666666666,0.3333333333333333,0.16666666666666666,0.3333333333333333,0.16666666666666666,0.3333333333333333,0.16666666666666666
75,200,0.3333333333333333,0.13333333333333333,0.5,0.38888888888888884,0.3333333333333333,0.16666666666666666,0.3333333333333333,0.16666666666666666,0.3333333333333333,0.16666666666666666,0.3333333333333333,0.16666666666666666
75,500,0.3333333333333333,0.13333333333333333,0.3333333333333333,0.13333333333333333,0.3333333333333333,0.16666666666666666,0.3333333333333333,0.16666666666666666,0.3333333333333333,0.16666666666666666,0.3333333333333333,0.13333333333333333
75,1000,0.3333333333333333,0.13333333333333333,0.3333333333333333,0.13333333333333333,0.3333333333333333,0.16666666666666666,0.3333333333333333,0.16666666666666666,0.3333333333333333,0.16666666666666666,0.3333333333333333,0.16666666666666666
75,1500,0.3333333333333333,0.13333333333333333,0.3333333333333333,0.13333333333333333,0.3333333333333333,0.16666666666666666,0.3333333333333333,0.16666666666666666,0.3333333333333333,0.16666666666666666,0.3333333333333333,0.16666666666666666
76,20,0.6666666666666666,0.6,0.3333333333333333,0.26666666666666666,0.5,0.38888888888888884,0.5,0.38888888888888884,0.5,0.5,0.5,0.38888888888888884
76,50,0.6666666666666666,0.6,0.3333333333333333,0.26666666666666666,0.5,0.38888888888888884,0.5,0.38888888888888884,0.5,0.5,0.5,0.38888888888888884
76,100,0.6666666666666666,0.6,0.3333333333333333,0.26666666666666666,0.5,0.38888888888888884,0.5,0.38888888888888884,0.5,0.5,0.5,0.5
76,200,0.6666666666666666,0.6,0.3333333333333333,0.26666666666666666,0.5,0.38888888888888884,0.5,0.38888888888888884,0.5,0.5,0.16666666666666666,0.16666666666666666
76,500,0.6666666666666666,0.6,0.6666666666666666,0.6,0.5,0.38888888888888884,0.5,0.38888888888888884,0.5,0.5,0.16666666666666666,0.16666666666666666
76,1000,0.6666666666666666,0.6,0.6666666666666666,0.6,0.5,0.38888888888888884,0.5,0.38888888888888884,0.5,0.5,0.16666666666666666,0.16666666666666666
76,1500,0.6666666666666666,0.6,0.6666666666666666,0.6,0.5,0.38888888888888884,0.5,0.38888888888888884,0.5,0.5,0.5,0.5
77,20,0.5,0.4444444444444444,0.8333333333333334,0.7777777777777777,0.16666666666666666,0.2222222222222222,0.3333333333333333,0.16666666666666666,0.5,0.5,0.16666666666666666,0.2222222222222222
77,50,0.5,0.4444444444444444,0.5,0.38888888888888884,0.16666666666666666,0.2222222222222222,0.16666666666666666,0.2222222222222222,0.5,0.5,0.5,0.5
77,100,0.5,0.4444444444444444,0.5,0.38888888888888884,0.16666666666666666,0.2222222222222222,0.5,0.4444444444444444,0.5,0.5,0.5,0.5
77,200,0.5,0.4444444444444444,0.16666666666666666,0.2222222222222222,0.16666666666666666,0.2222222222222222,0.16666666666666666,0.2222222222222222,0.5,0.5,0.5,0.4444444444444444
77,500,0.5,0.4444444444444444,0.5,0.4444444444444444,0.16666666666666666,0.2222222222222222,0.16666666666666666,0.2222222222222222,0.5,0.5,0.16666666666666666,0.2222222222222222
77,1000,0.5,0.4444444444444444,0.5,0.4444444444444444,0.16666666666666666,0.2222222222222222,0.16666666666666666,0.2222222222222222,0.5,0.5,0.16666666666666666,0.16666666666666666
77,1500,0.5,0.4444444444444444,0.5,0.4444444444444444,0.16666666666666666,0.2222222222222222,0.16666666666666666,0.2222222222222222,0.5,0.5,0.5,0.5
78,20,0.5,0.4444444444444444,0.0,0.0,0.5,0.4444444444444444,0.5,0.4444444444444444,0.16666666666666666,0.2222222222222222,0.3333333333333333,0.3333333333333333
78,50,0.5,0.4444444444444444,0.16666666666666666,0.2222222222222222,0.5,0.4444444444444444,0.5,0.4444444444444444,0.16666666666666666,0.2222222222222222,0.16666666666666666,0.2222222222222222
78,100,0.5,0.4444444444444444,0.5,0.4444444444444444,0.5,0.4444444444444444,0.5,0.4444444444444444,0.16666666666666666,0.2222222222222222,0.16666666666666666,0.2222222222222222
78,200,0.5,0.4444444444444444,0.5,0.4444444444444444,0.5,0.4444444444444444,0.5,0.4444444444444444,0.16666666666666666,0.2222222222222222,0.16666666666666666,0.2222222222222222
78,500,0.5,0.4444444444444444,0.5,0.4444444444444444,0.5,0.4444444444444444,0.5,0.4444444444444444,0.16666666666666666,0.2222222222222222,0.16666666666666666,0.2222222222222222
78,1000,0.5,0.4444444444444444,0.5,0.4444444444444444,0.5,0.4444444444444444,0.5,0.4444444444444444,0.16666666666666666,0.2222222222222222,0.16666666666666666,0.2222222222222222
78,1500,0.5,0.4444444444444444,0.5,0.4444444444444444,0.5,0.4444444444444444,0.5,0.4444444444444444,0.16666666666666666,0.2222222222222222,0.16666666666666666,0.2222222222222222
79,20,0.5,0.38888888888888884,0.3333333333333333,0.2222222222222222,0.3333333333333333,0.2222222222222222,0.16666666666666666,0.13333333333333333,0.16666666666666666,0.13333333333333333,0.3333333333333333,0.2222222222222222
79,50,0.5,0.38888888888888884,0.0,0.0,0.3333333333333333,0.2222222222222222,0.16666666666666666,0.16666666666666666,0.16666666666666666,0.13333333333333333,0.5,0.5
79,100,0.5,0.38888888888888884,0.0,0.0,0.3333333333333333,0.2222222222222222,0.3333333333333333,0.26666666666666666,0.16666666666666666,0.13333333333333333,0.16666666666666666,0.13333333333333333
79,200,0.5,0.38888888888888884,0.16666666666666666,0.13333333333333333,0.3333333333333333,0.2222222222222222,0.3333333333333333,0.2222222222222222,0.16666666666666666,0.13333333333333333,0.16666666666666666,0.13333333333333333
79,500,0.5,0.38888888888888884,0.5,0.38888888888888884,0.3333333333333333,0.2222222222222222,0.3333333333333333,0.2222222222222222,0.16666666666666666,0.13333333333333333,0.16666666666666666,0.13333333333333333
79,1000,0.5,0.38888888888888884,0.5,0.38888888888888884,0.3333333333333333,0.2222222222222222,0.3333333333333333,0.2222222222222222,0.16666666666666666,0.13333333333333333,0.16666666666666666,0.13333333333333333
79,1500,0.5,0.38888888888888884,0.5,0.38888888888888884,0.3333333333333333,0.2222222222222222,0.3333333333333333,0.2222222222222222,0.16666666666666666,0.13333333333333333,0.16666666666666666,0.13333333333333333
80,20,0.6666666666666666,0.5,0.3333333333333333,0.16666666666666666,0.6666666666666666,0.5,0.16666666666666666,0.16666666666666666,0.3333333333333333,0.16666666666666666,0.0,0.0
80,50,0.6666666666666666,0.5,0.3333333333333333,0.13333333333333333,0.6666666666666666,0.5,0.0,0.0,0.3333333333333333,0.16666666666666666,0.3333333333333333,0.16666666666666666
80,100,0.6666666666666666,0.5,0.3333333333333333,0.13333333333333333,0.6666666666666666,0.5,0.5,0.5,0.3333333333333333,0.16666666666666666,0.3333333333333333,0.16666666666666666
80,200,0.6666666666666666,0.5,0.3333333333333333,0.13333333333333333,0.6666666666666666,0.5,0.3333333333333333,0.13333333333333333,0.3333333333333333,0.16666666666666666,0.3333333333333333,0.16666666666666666
80,500,0.6666666666666666,0.5,0.6666666666666666,0.5,0.6666666666666666,0.5,0.6666666666666666,0.5,0.3333333333333333,0.16666666666666666,0.3333333333333333,0.16666666666666666
80,1000,0.6666666666666666,0.5,0.6666666666666666,0.5,0.6666666666666666,0.5,0.6666666666666666,0.5,0.3333333333333333,0.16666666666666666,0.3333333333333333,0.13333333333333333
80,1500,0.6666666666666666,0.5,0.6666666666666666,0.5,0.6666666666666666,0.5,0.6666666666666666,0.5,0.3333333333333333,0.16666666666666666,0.3333333333333333,0.16666666666666666
81,20,0.16666666666666666,0.13333333333333333,0.3333333333333333,0.2222222222222222,0.16666666666666666,0.13333333333333333,0.16666666666666666,0.13333333333333333,0.16666666666666666,0.13333333333333333,0.16666666666666666,0.16666666666666666
81,50,0.16666666666666666,0.13333333333333333,0.3333333333333333,0.2222222222222222,0.16666666666666666,0.13333333333333333,0.16666666666666666,0.16666666666666666,0.16666666666666666,0.13333333333333333,0.16666666666666666,0.13333333333333333
81,100,0.16666666666666666,0.13333333333333333,0.3333333333333333,0.2222222222222222,0.16666666666666666,0.13333333333333333,0.16666666666666666,0.13333333333333333,0.16666666666666666,0.13333333333333333,0.16666666666666666,0.13333333333333333
81,200,0.16666666666666666,0.13333333333333333,0.16666666666666666,0.13333333333333333,0.16666666666666666,0.13333333333333333,0.16666666666666666,0.13333333333333333,0.16666666666666666,0.13333333333333333,0.16666666666666666,0.13333333333333333
81,500,0.16666666666666666,0.13333333333333333,0.16666666666666666,0.13333333333333333,0.16666666666666666,0.13333333333333333,0.16666666666666666,0.13333333333333333,0.16666666666666666,0.13333333333333333,0.16666666666666666,0.13333333333333333
81,1000,0.16666666666666666,0.13333333333333333,0.16666666666666666,0.13333333333333333,0.16666666666666666,0.13333333333333333,0.16666666666666666,0.13333333333333333,0.16666666666666666,0.13333333333333333,0.16666666666666666,0.13333333333333333
81,1500,0.16666666666666666,0.13333333333333333,0.16666666666666666,0.13333333333333333,0.16666666666666666,0.13333333333333333,0.16666666666666666,0.13333333333333333,0.16666666666666666,0.13333333333333333,0.16666666666666666,0.13333333333333333
82,20,0.0,0.0,0.3333333333333333,0.16666666666666666,0.5,0.4444444444444444,0.16666666666666666,0.16666666666666666,0.3333333333333333,0.2222222222222222,0.0,0.0
82,50,0.0,0.0,0.6666666666666666,0.5,0.5,0.4444444444444444,0.5,0.5,0.3333333333333333,0.2222222222222222,0.0,0.0
82,100,0.0,0.0,0.0,0.0,0.5,0.4444444444444444,0.5,0.4444444444444444,0.3333333333333333,0.2222222222222222,0.3333333333333333,0.16666666666666666
82,200,0.0,0.0,0.16666666666666666,0.2222222222222222,0.5,0.4444444444444444,0.5,0.4444444444444444,0.3333333333333333,0.2222222222222222,0.0,0.0
82,500,0.0,0.0,0.16666666666666666,0.2222222222222222,0.5,0.4444444444444444,0.5,0.4444444444444444,0.3333333333333333,0.2222222222222222,0.0,0.0
82,1000,0.0,0.0,0.0,0.0,0.5,0.4444444444444444,0.5,0.4444444444444444,0.3333333333333333,0.2222222222222222,0.0,0.0
82,1500,0.0,0.0,0.0,0.0,0.5,0.4444444444444444,0.5,0.4444444444444444,0.3333333333333333,0.2222222222222222,0.0,0.0
83,20,0.16666666666666666,0.16666666666666666,0.16666666666666666,0.13333333333333333,0.16666666666666666,0.16666666666666666,0.3333333333333333,0.3333333333333333,0.8333333333333334,0.7777777777777777,0.5,0.4444444444444444
83,50,0.16666666666666666,0.16666666666666666,0.16666666666666666,0.2222222222222222,0.16666666666666666,0.16666666666666666,0.0,0.0,0.8333333333333334,0.7777777777777777,0.8333333333333334,0.7777777777777777
83,100,0.16666666666666666,0.16666666666666666,0.16666666666666666,0.16666666666666666,0.16666666666666666,0.16666666666666666,0.16666666666666666,0.16666666666666666,0.8333333333333334,0.7777777777777777,0.5,0.4444444444444444
83,200,0.16666666666666666,0.16666666666666666,0.16666666666666666,0.16666666666666666,0.16666666666666666,0.16666666666666666,0.16666666666666666,0.16666666666666666,0.8333333333333334,0.7777777777777777,0.5,0.4444444444444444
83,500,0.16666666666666666,0.16666666666666666,0.16666666666666666,0.16666666666666666,0.16666666666666666,0.16666666666666666,0.3333333333333333,0.26666666666666666,0.8333333333333334,0.7777777777777777,0.8333333333333334,0.7777777777777777
83,1000,0.16666666666666666,0.16666666666666666,0.16666666666666666,0.16666666666666666,0.16666666666666666,0.16666666666666666,0.16666666666666666,0.16666666666666666,0.8333333333333334,0.7777777777777777,0.8333333333333334,0.7777777777777777
83,1500,0.16666666666666666,0.16666666666666666,0.16666666666666666,0.16666666666666666,0.16666666666666666,0.16666666666666666,0.16666666666666666,0.16666666666666666,0.8333333333333334,0.7777777777777777,0.8333333333333334,0.7777777777777777
84,20,0.8333333333333334,0.7777777777777777,0.5,0.4444444444444444,0.8333333333333334,0.7777777777777777,0.5,0.4444444444444444,0.5,0.4444444444444444,0.5,0.4444444444444444
84,50,0.8333333333333334,0.7777777777777777,0.5,0.38888888888888884,0.8333333333333334,0.7777777777777777,0.5,0.4444444444444444,0.5,0.4444444444444444,0.5,0.4444444444444444
84,100,0.8333333333333334,0.7777777777777777,0.5,0.4444444444444444,0.8333333333333334,0.7777777777777777,0.5,0.4444444444444444,0.5,0.4444444444444444,0.3333333333333333,0.16666666666666666
84,200,0.8333333333333334,0.7777777777777777,0.5,0.4444444444444444,0.8333333333333334,0.7777777777777777,0.5,0.4444444444444444,0.5,0.4444444444444444,0.5,0.4444444444444444
84,500,0.8333333333333334,0.7777777777777777,0.8333333333333334,0.7777777777777777,0.8333333333333334,0.7777777777777777,0.8333333333333334,0.7777777777777777,0.5,0.4444444444444444,0.5,0.4444444444444444
84,1000,0.8333333333333334,0.7777777777777777,0.8333333333333334,0.7777777777777777,0.8333333333333334,0.7777777777777777,0.8333333333333334,0.7777777777777777,0.5,0.4444444444444444,0.5,0.4444444444444444
84,1500,0.8333333333333334,0.7777777777777777,0.8333333333333334,0.7777777777777777,0.8333333333333334,0.7777777777777777,0.8333333333333334,0.7777777777777777,0.5,0.4444444444444444,0.5,0.4444444444444444
85,20,0.5,0.5,0.5,0.38888888888888884,0.6666666666666666,0.6,0.3333333333333333,0.2222222222222222,0.5,0.5,0.5,0.38888888888888884
85,50,0.5,0.5,0.5,0.5,0.6666666666666666,0.6,0.16666666666666666,0.16666666666666666,0.5,0.5,0.3333333333333333,0.2222222222222222
85,100,0.5,0.5,0.6666666666666666,0.6,0.6666666666666666,0.6,0.5,0.38888888888888884,0.5,0.5,0.3333333333333333,0.2222222222222222
85,200,0.5,0.5,0.5,0.5,0.6666666666666666,0.6,0.6666666666666666,0.6,0.5,0.5,0.6666666666666666,0.6
85,500,0.5,0.5,0.5,0.5,0.6666666666666666,0.6,0.6666666666666666,0.6,0.5,0.5,0.6666666666666666,0.6
85,1000,0.5,0.5,0.5,0.5,0.6666666666666666,0.6,0.6666666666666666,0.6,0.5,0.5,0.6666666666666666,0.6
85,1500,0.5,0.5,0.5,0.5,0.6666666666666666,0.6,0.6666666666666666,0.6,0.5,0.5,0.5,0.5
86,20,0.3333333333333333,0.2222222222222222,0.5,0.38888888888888884,0.3333333333333333,0.2222222222222222,0.16666666666666666,0.13333333333333333,0.3333333333333333,0.2222222222222222,0.16666666666666666,0.13333333333333333
86,50,0.3333333333333333,0.2222222222222222,0.16666666666666666,0.13333333333333333,0.3333333333333333,0.2222222222222222,0.16666666666666666,0.13333333333333333,0.3333333333333333,0.2222222222222222,0.16666666666666666,0.13333333333333333
86,100,0.3333333333333333,0.2222222222222222,0.3333333333333333,0.2222222222222222,0.3333333333333333,0.2222222222222222,0.3333333333333333,0.2222222222222222,0.3333333333333333,0.2222222222222222,0.3333333333333333,0.2222222222222222
86,200,0.3333333333333333,0.2222222222222222,0.3333333333333333,0.2222222222222222,0.3333333333333333,0.2222222222222222,0.3333333333333333,0.2222222222222222,0.3333333333333333,0.2222222222222222,0.3333333333333333,0.2222222222222222
86,500,0.3333333333333333,0.2222222222222222,0.3333333333333333,0.2222222222222222,0.3333333333333333,0.2222222222222222,0.3333333333333333,0.2222222222222222,0.3333333333333333,0.2222222222222222,0.3333333333333333,0.2222222222222222
86,1000,0.3333333333333333,0.2222222222222222,0.3333333333333333,0.2222222222222222,0.3333333333333333,0.2222222222222222,0.3333333333333333,0.2222222222222222,0.3333333333333333,0.2222222222222222,0.3333333333333333,0.2222222222222222
86,1500,0.3333333333333333,0.2222222222222222,0.3333333333333333,0.2222222222222222,0.3333333333333333,0.2222222222222222,0.3333333333333333,0.2222222222222222,0.3333333333333333,0.2222222222222222,0.3333333333333333,0.2222222222222222
87,20,0.6666666666666666,0.5,0.3333333333333333,0.13333333333333333,0.3333333333333333,0.13333333333333333,0.3333333333333333,0.13333333333333333,0.3333333333333333,0.13333333333333333,0.0,0.0
87,50,0.6666666666666666,0.5,0.6666666666666666,0.5,0.3333333333333333,0.13333333333333333,0.6666666666666666,0.5,0.3333333333333333,0.13333333333333333,0.3333333333333333,0.16666666666666666
87,100,0.6666666666666666,0.5,0.3333333333333333,0.13333333333333333,0.3333333333333333,0.13333333333333333,0.6666666666666666,0.5,0.3333333333333333,0.13333333333333333,0.3333333333333333,0.16666666666666666
87,200,0.6666666666666666,0.5,0.6666666666666666,0.5,0.3333333333333333,0.13333333333333333,0.6666666666666666,0.5,0.3333333333333333,0.13333333333333333,0.3333333333333333,0.13333333333333333
87,500,0.6666666666666666,0.5,0.6666666666666666,0.5,0.3333333333333333,0.13333333333333333,0.3333333333333333,0.13333333333333333,0.3333333333333333,0.13333333333333333,0.3333333333333333,0.13333333333333333
87,1000,0.6666666666666666,0.5,0.6666666666666666,0.5,0.3333333333333333,0.13333333333333333,0.3333333333333333,0.13333333333333333,0.3333333333333333,0.13333333333333333,0.3333333333333333,0.13333333333333333
87,1500,0.6666666666666666,0.5,0.6666666666666666,0.5,0.3333333333333333,0.13333333333333333,0.3333333333333333,0.13333333333333333,0.3333333333333333,0.13333333333333333,0.3333333333333333,0.13333333333333333
88,20,0.6666666666666666,0.5555555555555555,0.3333333333333333,0.3333333333333333,0.3333333333333333,0.3333333333333333,0.6666666666666666,0.6,0.6666666666666666,0.5555555555555555,0.6666666666666666,0.6
88,50,0.6666666666666666,0.5555555555555555,0.3333333333333333,0.3333333333333333,0.3333333333333333,0.3333333333333333,1.0,1.0,0.6666666666666666,0.5555555555555555,0.6666666666666666,0.5555555555555555
88,100,0.6666666666666666,0.5555555555555555,0.3333333333333333,0.3333333333333333,0.3333333333333333,0.3333333333333333,0.6666666666666666,0.5555555555555555,0.6666666666666666,0.5555555555555555,0.6666666666666666,0.5555555555555555
88,200,0.6666666666666666,0.5555555555555555,0.3333333333333333,0.3333333333333333,0.3333333333333333,0.3333333333333333,0.6666666666666666,0.5555555555555555,0.6666666666666666,0.5555555555555555,0.6666666666666666,0.5555555555555555
88,500,0.6666666666666666,0.5555555555555555,0.3333333333333333,0.3333333333333333,0.3333333333333333,0.3333333333333333,0.6666666666666666,0.5555555555555555,0.6666666666666666,0.5555555555555555,0.6666666666666666,0.5555555555555555
88,1000,0.6666666666666666,0.5555555555555555,0.6666666666666666,0.5555555555555555,0.3333333333333333,0.3333333333333333,0.3333333333333333,0.3333333333333333,0.6666666666666666,0.5555555555555555,0.6666666666666666,0.5555555555555555
88,1500,0.6666666666666666,0.5555555555555555,0.6666666666666666,0.5555555555555555,0.3333333333333333,0.3333333333333333,0.6666666666666666,0.5555555555555555,0.6666666666666666,0.5555555555555555,0.6666666666666666,0.5555555555555555
89,20,0.5,0.4444444444444444,0.5,0.38888888888888884,0.5,0.38888888888888884,0.3333333333333333,0.13333333333333333,0.5,0.5,0.5,0.38888888888888884
89,50,0.5,0.4444444444444444,0.5,0.38888888888888884,0.5,0.38888888888888884,0.3333333333333333,0.16666666666666666,0.5,0.5,0.3333333333333333,0.2222222222222222
89,100,0.5,0.4444444444444444,0.5,0.4444444444444444,0.5,0.38888888888888884,0.3333333333333333,0.16666666666666666,0.5,0.5,0.5,0.5
89,200,0.5,0.4444444444444444,0.8333333333333334,0.7777777777777777,0.5,0.38888888888888884,0.3333333333333333,0.16666666666666666,0.5,0.5,0.5,0.5
89,500,0.5,0.4444444444444444,0.5,0.4444444444444444,0.5,0.38888888888888884,0.5,0.4444444444444444,0.5,0.5,0.5,0.5
89,1000,0.5,0.4444444444444444,0.5,0.4444444444444444,0.5,0.38888888888888884,0.5,0.38888888888888884,0.5,0.5,0.5,0.5
89,1500,0.5,0.4444444444444444,0.5,0.4444444444444444,0.5,0.38888888888888884,0.5,0.38888888888888884,0.5,0.5,0.5,0.5
90,20,0.6666666666666666,0.4444444444444444,0.6666666666666666,0.5,0.6666666666666666,0.4444444444444444,0.3333333333333333,0.16666666666666666,0.8333333333333334,0.7777777777777777,0.5,0.38888888888888884
90,50,0.6666666666666666,0.4444444444444444,0.6666666666666666,0.5,0.6666666666666666,0.4444444444444444,0.5,0.4444444444444444,0.8333333333333334,0.7777777777777777,0.5,0.38888888888888884
90,100,0.6666666666666666,0.4444444444444444,0.6666666666666666,0.4444444444444444,0.6666666666666666,0.4444444444444444,0.3333333333333333,0.13333333333333333,0.8333333333333334,0.7777777777777777,0.5,0.4444444444444444
90,200,0.6666666666666666,0.4444444444444444,0.6666666666666666,0.4444444444444444,0.6666666666666666,0.4444444444444444,0.3333333333333333,0.13333333333333333,0.8333333333333334,0.7777777777777777,0.5,0.38888888888888884
90,500,0.6666666666666666,0.4444444444444444,0.6666666666666666,0.4444444444444444,0.6666666666666666,0.4444444444444444,0.8333333333333334,0.7777777777777777,0.8333333333333334,0.7777777777777777,0.5,0.38888888888888884
90,1000,0.6666666666666666,0.4444444444444444,0.6666666666666666,0.4444444444444444,0.6666666666666666,0.4444444444444444,0.6666666666666666,0.4444444444444444,0.8333333333333334,0.7777777777777777,0.8333333333333334,0.7777777777777777
90,1500,0.6666666666666666,0.4444444444444444,0.6666666666666666,0.4444444444444444,0.6666666666666666,0.4444444444444444,0.6666666666666666,0.4444444444444444,0.8333333333333334,0.7777777777777777,0.8333333333333334,0.7777777777777777
91,20,0.6666666666666666,0.6,0.0,0.0,0.5,0.38888888888888884,0.3333333333333333,0.16666666666666666,0.3333333333333333,0.2222222222222222,0.3333333333333333,0.2222222222222222
91,50,0.6666666666666666,0.6,0.16666666666666666,0.16666666666666666,0.5,0.38888888888888884,0.3333333333333333,0.16666666666666666,0.3333333333333333,0.2222222222222222,0.3333333333333333,0.2222222222222222
91,100,0.6666666666666666,0.6,0.16666666666666666,0.16666666666666666,0.5,0.38888888888888884,0.5,0.38888888888888884,0.3333333333333333,0.2222222222222222,0.3333333333333333,0.2222222222222222
91,200,0.6666666666666666,0.6,0.3333333333333333,0.26666666666666666,0.5,0.38888888888888884,0.5,0.38888888888888884,0.3333333333333333,0.2222222222222222,0.3333333333333333,0.2222222222222222
91,500,0.6666666666666666,0.6,0.16666666666666666,0.16666666666666666,0.5,0.38888888888888884,0.5,0.38888888888888884,0.3333333333333333,0.2222222222222222,0.0,0.0
91,1000,0.6666666666666666,0.6,0.6666666666666666,0.6,0.5,0.38888888888888884,0.5,0.38888888888888884,0.3333333333333333,0.2222222222222222,0.3333333333333333,0.2222222222222222
91,1500,0.6666666666666666,0.6,0.6666666666666666,0.6,0.5,0.38888888888888884,0.5,0.38888888888888884,0.3333333333333333,0.2222222222222222,0.3333333333333333,0.2222222222222222
92,20,0.5,0.4444444444444444,0.16666666666666666,0.16666666666666666,0.8333333333333334,0.7777777777777777,0.8333333333333334,0.7777777777777777,0.5,0.4444444444444444,0.8333333333333334,0.7777777777777777
92,50,0.5,0.4444444444444444,0.16666666666666666,0.16666666666666666,0.8333333333333334,0.7777777777777777,0.8333333333333334,0.7777777777777777,0.5,0.4444444444444444,0.5,0.38888888888888884
92,100,0.5,0.4444444444444444,0.5,0.38888888888888884,0.8333333333333334,0.7777777777777777,0.8333333333333334,0.7777777777777777,0.5,0.4444444444444444,0.3333333333333333,0.2222222222222222
92,200,0.5,0.4444444444444444,0.5,0.38888888888888884,0.8333333333333334,0.7777777777777777,0.8333333333333334,0.7777777777777777,0.5,0.4444444444444444,0.5,0.38888888888888884
92,500,0.5,0.4444444444444444,0.5,0.4444444444444444,0.8333333333333334,0.7777777777777777,0.8333333333333334,0.7777777777777777,0.5,0.4444444444444444,0.5,0.4444444444444444
92,1000,0.5,0.4444444444444444,0.5,0.4444444444444444,0.8333333333333334,0.7777777777777777,0.8333333333333334,0.7777777777777777,0.5,0.4444444444444444,0.5,0.4444444444444444
92,1500,0.5,0.4444444444444444,0.5,0.4444444444444444,0.8333333333333334,0.7777777777777777,0.8333333333333334,0.7777777777777777,0.5,0.4444444444444444,0.5,0.4444444444444444
93,20,0.8333333333333334,0.7777777777777777,0.8333333333333334,0.7777777777777777,0.8333333333333334,0.7777777777777777,0.5,0.5,0.5,0.4444444444444444,0.16666666666666666,0.2222222222222222
93,50,0.8333333333333334,0.7777777777777777,0.8333333333333334,0.7777777777777777,0.8333333333333334,0.7777777777777777,0.8333333333333334,0.7777777777777777,0.5,0.4444444444444444,0.16666666666666666,0.2222222222222222
93,100,0.8333333333333334,0.7777777777777777,0.5,0.4444444444444444,0.8333333333333334,0.7777777777777777,0.8333333333333334,0.7777777777777777,0.5,0.4444444444444444,0.5,0.4444444444444444
93,200,0.8333333333333334,0.7777777777777777,0.5,0.4444444444444444,0.8333333333333334,0.7777777777777777,0.8333333333333334,0.7777777777777777,0.5,0.4444444444444444,0.5,0.4444444444444444
93,500,0.8333333333333334,0.7777777777777777,0.8333333333333334,0.7777777777777777,0.8333333333333334,0.7777777777777777,0.8333333333333334,0.7777777777777777,0.5,0.4444444444444444,0.5,0.4444444444444444
93,1000,0.8333333333333334,0.7777777777777777,0.8333333333333334,0.7777777777777777,0.8333333333333334,0.7777777777777777,0.8333333333333334,0.7777777777777777,0.5,0.4444444444444444,0.5,0.4444444444444444
93,1500,0.8333333333333334,0.7777777777777777,0.8333333333333334,0.7777777777777777,0.8333333333333334,0.7777777777777777,0.8333333333333334,0.7777777777777777,0.5,0.4444444444444444,0.5,0.4444444444444444
94,20,0.6666666666666666,0.5,0.16666666666666666,0.16666666666666666,0.3333333333333333,0.16666666666666666,0.0,0.0,0.6666666666666666,0.4444444444444444,0.8333333333333334,0.7777777777777777
94,50,0.6666666666666666,0.5,0.3333333333333333,0.13333333333333333,0.3333333333333333,0.16666666666666666,0.0,0.0,0.6666666666666666,0.4444444444444444,0.8333333333333334,0.7777777777777777
94,100,0.6666666666666666,0.5,0.6666666666666666,0.5,0.3333333333333333,0.16666666666666666,0.6666666666666666,0.5,0.6666666666666666,0.4444444444444444,0.8333333333333334,0.7777777777777777
94,200,0.6666666666666666,0.5,0.6666666666666666,0.5,0.3333333333333333,0.16666666666666666,0.6666666666666666,0.5,0.6666666666666666,0.4444444444444444,0.6666666666666666,0.4444444444444444
94,500,0.6666666666666666,0.5,0.6666666666666666,0.5,0.3333333333333333,0.16666666666666666,0.3333333333333333,0.16666666666666666,0.6666666666666666,0.4444444444444444,0.6666666666666666,0.4444444444444444
94,1000,0.6666666666666666,0.5,0.6666666666666666,0.5,0.3333333333333333,0.16666666666666666,0.3333333333333333,0.16666666666666666,0.6666666666666666,0.4444444444444444,0.6666666666666666,0.4444444444444444
94,1500,0.6666666666666666,0.5,0.6666666666666666,0.5,0.3333333333333333,0.16666666666666666,0.3333333333333333,0.16666666666666666,0.6666666666666666,0.4444444444444444,0.6666666666666666,0.4444444444444444
95,20,0.16666666666666666,0.16666666666666666,0.0,0.0,0.16666666666666666,0.13333333333333333,0.8333333333333334,0.7777777777777777,0.6666666666666666,0.5555555555555555,0.16666666666666666,0.13333333333333333
95,50,0.16666666666666666,0.16666666666666666,0.16666666666666666,0.13333333333333333,0.16666666666666666,0.13333333333333333,0.5,0.38888888888888884,0.6666666666666666,0.5555555555555555,0.0,0.0
95,100,0.16666666666666666,0.16666666666666666,0.16666666666666666,0.13333333333333333,0.16666666666666666,0.13333333333333333,0.16666666666666666,0.16666666666666666,0.6666666666666666,0.5555555555555555,0.0,0.0
95,200,0.16666666666666666,0.16666666666666666,0.16666666666666666,0.13333333333333333,0.16666666666666666,0.13333333333333333,0.16666666666666666,0.16666666666666666,0.6666666666666666,0.5555555555555555,0.3333333333333333,0.26666666666666666
95,500,0.16666666666666666,0.16666666666666666,0.16666666666666666,0.13333333333333333,0.16666666666666666,0.13333333333333333,0.5,0.38888888888888884,0.6666666666666666,0.5555555555555555,0.3333333333333333,0.26666666666666666
95,1000,0.16666666666666666,0.16666666666666666,0.16666666666666666,0.16666666666666666,0.16666666666666666,0.13333333333333333,0.16666666666666666,0.13333333333333333,0.6666666666666666,0.5555555555555555,0.6666666666666666,0.5555555555555555
95,1500,0.16666666666666666,0.16666666666666666,0.16666666666666666,0.16666666666666666,0.16666666666666666,0.13333333333333333,0.16666666666666666,0.13333333333333333,0.6666666666666666,0.5555555555555555,0.6666666666666666,0.5555555555555555
96,20,0.16666666666666666,0.13333333333333333,0.0,0.0,0.5,0.5,0.5,0.4444444444444444,0.16666666666666666,0.13333333333333333,0.16666666666666666,0.13333333333333333
96,50,0.16666666666666666,0.13333333333333333,0.0,0.0,0.5,0.5,0.8333333333333334,0.7777777777777777,0.16666666666666666,0.13333333333333333,0.16666666666666666,0.13333333333333333
96,100,0.16666666666666666,0.13333333333333333,0.0,0.0,0.5,0.5,0.8333333333333334,0.7777777777777777,0.16666666666666666,0.13333333333333333,0.16666666666666666,0.13333333333333333
96,200,0.16666666666666666,0.13333333333333333,0.0,0.0,0.5,0.5,0.8333333333333334,0.7777777777777777,0.16666666666666666,0.13333333333333333,0.16666666666666666,0.13333333333333333
96,500,0.16666666666666666,0.13333333333333333,0.16666666666666666,0.13333333333333333,0.5,0.5,0.8333333333333334,0.7777777777777777,0.16666666666666666,0.13333333333333333,0.16666666666666666,0.13333333333333333
96,1000,0.16666666666666666,0.13333333333333333,0.16666666666666666,0.13333333333333333,0.5,0.5,0.5,0.5,0.16666666666666666,0.13333333333333333,0.16666666666666666,0.13333333333333333
96,1500,0.16666666666666666,0.13333333333333333,0.16666666666666666,0.13333333333333333,0.5,0.5,0.5,0.5,0.16666666666666666,0.13333333333333333,0.16666666666666666,0.13333333333333333
97,20,0.6666666666666666,0.5555555555555555,0.5,0.4444444444444444,0.5,0.4444444444444444,0.0,0.0,0.6666666666666666,0.5555555555555555,0.5,0.38888888888888884
97,50,0.6666666666666666,0.5555555555555555,1.0,1.0,0.5,0.4444444444444444,0.6666666666666666,0.5555555555555555,0.6666666666666666,0.5555555555555555,1.0,1.0
97,100,0.6666666666666666,0.5555555555555555,1.0,1.0,0.5,0.4444444444444444,0.6666666666666666,0.5555555555555555,0.6666666666666666,0.5555555555555555,0.6666666666666666,0.5555555555555555
97,200,0.6666666666666666,0.5555555555555555,0.3333333333333333,0.3333333333333333,0.5,0.4444444444444444,0.6666666666666666,0.5555555555555555,0.6666666666666666,0.5555555555555555,0.6666666666666666,0.5555555555555555
97,500,0.6666666666666666,0.5555555555555555,0.6666666666666666,0.5555555555555555,0.5,0.4444444444444444,0.6666666666666666,0.5555555555555555,0.6666666666666666,0.5555555555555555,0.6666666666666666,0.5555555555555555
97,1000,0.6666666666666666,0.5555555555555555,0.6666666666666666,0.5555555555555555,0.5,0.4444444444444444,0.5,0.4444444444444444,0.6666666666666666,0.5555555555555555,0.6666666666666666,0.5555555555555555
97,1500,0.6666666666666666,0.5555555555555555,0.6666666666666666,0.5555555555555555,0.5,0.4444444444444444,0.5,0.4444444444444444,0.6666666666666666,0.5555555555555555,0.6666666666666666,0.5555555555555555
98,20,0.5,0.38888888888888884,0.5,0.38888888888888884,0.5,0.38888888888888884,0.3333333333333333,0.2222222222222222,0.8333333333333334,0.7777777777777777,0.16666666666666666,0.13333333333333333
98,50,0.5,0.38888888888888884,0.16666666666666666,0.16666666666666666,0.5,0.38888888888888884,0.0,0.0,0.8333333333333334,0.7777777777777777,0.8333333333333334,0.7777777777777777
98,100,0.5,0.38888888888888884,0.16666666666666666,0.13333333333333333,0.5,0.38888888888888884,0.5,0.38888888888888884,0.8333333333333334,0.7777777777777777,0.8333333333333334,0.7777777777777777
98,200,0.5,0.38888888888888884,0.16666666666666666,0.16666666666666666,0.5,0.38888888888888884,0.5,0.38888888888888884,0.8333333333333334,0.7777777777777777,0.8333333333333334,0.7777777777777777
98,500,0.5,0.38888888888888884,0.5,0.38888888888888884,0.5,0.38888888888888884,0.5,0.38888888888888884,0.8333333333333334,0.7777777777777777,0.5,0.5
98,1000,0.5,0.38888888888888884,0.5,0.38888888888888884,0.5,0.38888888888888884,0.5,0.38888888888888884,0.8333333333333334,0.7777777777777777,0.8333333333333334,0.7777777777777777
98,1500,0.5,0.38888888888888884,0.5,0.38888888888888884,0.5,0.38888888888888884,0.5,0.38888888888888884,0.8333333333333334,0.7777777777777777,0.8333333333333334,0.7777777777777777
99,20,0.16666666666666666,0.16666666666666666,0.16666666666666666,0.16666666666666666,0.16666666666666666,0.16666666666666666,0.16666666666666666,0.16666666666666666,0.16666666666666666,0.16666666666666666,0.16666666666666666,0.16666666666666666
99,50,0.16666666666666666,0.16666666666666666,0.5,0.38888888888888884,0.16666666666666666,0.16666666666666666,0.16666666666666666,0.16666666666666666,0.16666666666666666,0.16666666666666666,0.16666666666666666,0.16666666666666666
99,100,0.16666666666666666,0.16666666666666666,0.5,0.38888888888888884,0.16666666666666666,0.16666666666666666,0.16666666666666666,0.16666666666666666,0.16666666666666666,0.16666666666666666,0.16666666666666666,0.16666666666666666
99,200,0.16666666666666666,0.16666666666666666,0.5,0.38888888888888884,0.16666666666666666,0.16666666666666666,0.16666666666666666,0.13333333333333333,0.16666666666666666,0.16666666666666666,0.16666666666666666,0.16666666666666666
99,500,0.16666666666666666,0.16666666666666666,0.16666666666666666,0.16666666666666666,0.16666666666666666,0.16666666666666666,0.16666666666666666,0.16666666666666666,0.16666666666666666,0.16666666666666666,0.16666666666666666,0.16666666666666666
99,1000,0.16666666666666666,0.16666666666666666,0.16666666666666666,0.16666666666666666,0.16666666666666666,0.16666666666666666,0.16666666666666666,0.16666666666666666,0.16666666666666666,0.16666666666666666,0.16666666666666666,0.16666666666666666
99,1500,0.16666666666666666,0.16666666666666666,0.16666666666666666,0.16666666666666666,0.16666666666666666,0.16666666666666666,0.16666666666666666,0.16666666666666666,0.16666666666666666,0.16666666666666666,0.16666666666666666,0.16666666666666666
100,20,0.5,0.38888888888888884,0.5,0.38888888888888884,0.5,0.38888888888888884,0.16666666666666666,0.16666666666666666,0.16666666666666666,0.13333333333333333,0.16666666666666666,0.13333333333333333
100,50,0.5,0.38888888888888884,0.5,0.38888888888888884,0.5,0.38888888888888884,0.16666666666666666,0.13333333333333333,0.16666666666666666,0.13333333333333333,0.16666666666666666,0.16666666666666666
100,100,0.5,0.38888888888888884,0.5,0.38888888888888884,0.5,0.38888888888888884,0.5,0.38888888888888884,0.16666666666666666,0.13333333333333333,0.16666666666666666,0.13333333333333333
100,200,0.5,0.38888888888888884,0.5,0.38888888888888884,0.5,0.38888888888888884,0.5,0.38888888888888884,0.16666666666666666,0.13333333333333333,0.16666666666666666,0.13333333333333333
100,500,0.5,0.38888888888888884,0.5,0.38888888888888884,0.5,0.38888888888888884,0.5,0.38888888888888884,0.16666666666666666,0.13333333333333333,0.16666666666666666,0.13333333333333333
100,1000,0.5,0.38888888888888884,0.5,0.38888888888888884,0.5,0.38888888888888884,0.5,0.38888888888888884,0.16666666666666666,0.13333333333333333,0.16666666666666666,0.13333333333333333
100,1500,0.5,0.38888888888888884,0.5,0.38888888888888884,0.5,0.38888888888888884,0.5,0.38888888888888884,0.16666666666666666,0.13333333333333333,0.16666666666666666,0.13333333333333333
101,20,0.5,0.4444444444444444,0.5,0.5,0.5,0.4444444444444444,0.3333333333333333,0.13333333333333333,0.3333333333333333,0.16666666666666666,0.3333333333333333,0.13333333333333333
101,50,0.5,0.4444444444444444,0.6666666666666666,0.5555555555555555,0.5,0.4444444444444444,0.5,0.4444444444444444,0.3333333333333333,0.16666666666666666,0.3333333333333333,0.16666666666666666
101,100,0.5,0.4444444444444444,0.5,0.4444444444444444,0.5,0.4444444444444444,0.5,0.4444444444444444,0.3333333333333333,0.16666666666666666,0.3333333333333333,0.16666666666666666
101,200,0.5,0.4444444444444444,0.3333333333333333,0.16666666666666666,0.5,0.4444444444444444,0.5,0.4444444444444444,0.3333333333333333,0.16666666666666666,0.3333333333333333,0.16666666666666666
101,500,0.5,0.4444444444444444,0.5,0.4444444444444444,0.5,0.4444444444444444,0.5,0.4444444444444444,0.3333333333333333,0.16666666666666666,0.3333333333333333,0.16666666666666666
101,1000,0.5,0.4444444444444444,0.5,0.4444444444444444,0.5,0.4444444444444444,0.5,0.4444444444444444,0.3333333333333333,0.16666666666666666,0.3333333333333333,0.16666666666666666
101,1500,0.5,0.4444444444444444,0.5,0.4444444444444444,0.5,0.4444444444444444,0.5,0.4444444444444444,0.3333333333333333,0.16666666666666666,0.3333333333333333,0.16666666666666666
102,20,0.5,0.38888888888888884,0.5,0.38888888888888884,0.5,0.38888888888888884,0.5,0.38888888888888884,0.5,0.38888888888888884,0.5,0.38888888888888884
102,50,0.5,0.38888888888888884,0.16666666666666666,0.2222222222222222,0.5,0.38888888888888884,0.8333333333333334,0.7777777777777777,0.5,0.38888888888888884,0.5,0.38888888888888884
102,100,0.5,0.38888888888888884,0.5,0.38888888888888884,0.5,0.38888888888888884,0.5,0.38888888888888884,0.5,0.38888888888888884,0.5,0.38888888888888884
102,200,0.5,0.38888888888888884,0.5,0.38888888888888884,0.5,0.38888888888888884,0.5,0.38888888888888884,0.5,0.38888888888888884,0.5,0.38888888888888884
102,500,0.5,0.38888888888888884,0.5,0.38888888888888884,0.5,0.38888888888888884,0.5,0.38888888888888884,0.5,0.38888888888888884,0.5,0.38888888888888884
102,1000,0.5,0.38888888888888884,0.5,0.38888888888888884,0.5,0.38888888888888884,0.5,0.38888888888888884,0.5,0.38888888888888884,0.5,0.38888888888888884
102,1500,0.5,0.38888888888888884,0.5,0.38888888888888884,0.5,0.38888888888888884,0.5,0.38888888888888884,0.5,0.38888888888888884,0.5,0.38888888888888884
103,20,0.5,0.38888888888888884,0.16666666666666666,0.16666666666666666,0.5,0.38888888888888884,0.5,0.4444444444444444,0.8333333333333334,0.7777777777777777,0.16666666666666666,0.16666666666666666
103,50,0.5,0.38888888888888884,0.16666666666666666,0.16666666666666666,0.5,0.38888888888888884,0.5,0.4444444444444444,0.8333333333333334,0.7777777777777777,0.16666666666666666,0.16666666666666666
103,100,0.5,0.38888888888888884,0.5,0.38888888888888884,0.5,0.38888888888888884,0.5,0.4444444444444444,0.8333333333333334,0.7777777777777777,0.16666666666666666,0.16666666666666666
103,200,0.5,0.38888888888888884,0.5,0.38888888888888884,0.5,0.38888888888888884,0.5,0.4444444444444444,0.8333333333333334,0.7777777777777777,0.5,0.38888888888888884
103,500,0.5,0.38888888888888884,0.5,0.38888888888888884,0.5,0.38888888888888884,0.6666666666666666,0.5555555555555555,0.8333333333333334,0.7777777777777777,0.8333333333333334,0.7777777777777777
103,1000,0.5,0.38888888888888884,0.5,0.38888888888888884,0.5,0.38888888888888884,0.3333333333333333,0.13333333333333333,0.8333333333333334,0.7777777777777777,0.5,0.38888888888888884
103,1500,0.5,0.38888888888888884,0.5,0.38888888888888884,0.5,0.38888888888888884,0.5,0.38888888888888884,0.8333333333333334,0.7777777777777777,0.8333333333333334,0.7777777777777777
104,20,0.3333333333333333,0.13333333333333333,0.3333333333333333,0.2222222222222222,0.6666666666666666,0.4444444444444444,0.3333333333333333,0.2222222222222222,0.0,0.0,0.3333333333333333,0.16666666666666666
104,50,0.3333333333333333,0.13333333333333333,0.3333333333333333,0.13333333333333333,0.6666666666666666,0.4444444444444444,0.3333333333333333,0.2222222222222222,0.0,0.0,0.3333333333333333,0.13333333333333333
104,100,0.3333333333333333,0.13333333333333333,0.3333333333333333,0.13333333333333333,0.6666666666666666,0.4444444444444444,0.3333333333333333,0.2222222222222222,0.0,0.0,0.0,0.0
104,200,0.3333333333333333,0.13333333333333333,0.0,0.0,0.6666666666666666,0.4444444444444444,0.3333333333333333,0.16666666666666666,0.0,0.0,0.0,0.0
104,500,0.3333333333333333,0.13333333333333333,0.3333333333333333,0.13333333333333333,0.6666666666666666,0.4444444444444444,0.3333333333333333,0.16666666666666666,0.0,0.0,0.0,0.0
104,1000,0.3333333333333333,0.13333333333333333,0.3333333333333333,0.13333333333333333,0.6666666666666666,0.4444444444444444,0.6666666666666666,0.4444444444444444,0.0,0.0,0.0,0.0
104,1500,0.3333333333333333,0.13333333333333333,0.3333333333333333,0.13333333333333333,0.6666666666666666,0.4444444444444444,0.6666666666666666,0.4444444444444444,0.0,0.0,0.0,0.0
105,20,0.6666666666666666,0.5,0.3333333333333333,0.2222222222222222,0.8333333333333334,0.7777777777777777,0.3333333333333333,0.16666666666666666,0.6666666666666666,0.5,0.3333333333333333,0.16666666666666666
105,50,0.6666666666666666,0.5,0.3333333333333333,0.2222222222222222,0.8333333333333334,0.7777777777777777,0.8333333333333334,0.7777777777777777,0.6666666666666666,0.5,0.8333333333333334,0.7777777777777777
105,100,0.6666666666666666,0.5,0.6666666666666666,0.4444444444444444,0.8333333333333334,0.7777777777777777,0.8333333333333334,0.7777777777777777,0.6666666666666666,0.5,0.8333333333333334,0.7777777777777777
105,200,0.6666666666666666,0.5,0.6666666666666666,0.5,0.8333333333333334,0.7777777777777777,0.8333333333333334,0.7777777777777777,0.6666666666666666,0.5,0.6666666666666666,0.5
105,500,0.6666666666666666,0.5,0.6666666666666666,0.5,0.8333333333333334,0.7777777777777777,0.8333333333333334,0.7777777777777777,0.6666666666666666,0.5,0.6666666666666666,0.5
105,1000,0.6666666666666666,0.5,0.6666666666666666,0.5,0.8333333333333334,0.7777777777777777,0.8333333333333334,0.7777777777777777,0.6666666666666666,0.5,0.6666666666666666,0.5
105,1500,0.6666666666666666,0.5,0.6666666666666666,0.5,0.8333333333333334,0.7777777777777777,0.8333333333333334,0.7777777777777777,0.6666666666666666,0.5,0.6666666666666666,0.5
106,20,0.6666666666666666,0.5555555555555555,0.3333333333333333,0.13333333333333333,0.3333333333333333,0.26666666666666666,0.16666666666666666,0.16666666666666666,0.3333333333333333,0.26666666666666666,0.6666666666666666,0.5555555555555555
106,50,0.6666666666666666,0.5555555555555555,0.5,0.38888888888888884,0.3333333333333333,0.26666666666666666,0.3333333333333333,0.26666666666666666,0.3333333333333333,0.26666666666666666,0.3333333333333333,0.26666666666666666
106,100,0.6666666666666666,0.5555555555555555,0.6666666666666666,0.5555555555555555,0.3333333333333333,0.26666666666666666,0.3333333333333333,0.26666666666666666,0.3333333333333333,0.26666666666666666,0.3333333333333333,0.26666666666666666
106,200,0.6666666666666666,0.5555555555555555,0.3333333333333333,0.26666666666666666,0.3333333333333333,0.26666666666666666,0.3333333333333333,0.26666666666666666,0.3333333333333333,0.26666666666666666,0.3333333333333333,0.2222222222222222
106,500,0.6666666666666666,0.5555555555555555,0.3333333333333333,0.3333333333333333,0.3333333333333333,0.26666666666666666,0.3333333333333333,0.26666666666666666,0.3333333333333333,0.26666666666666666,0.3333333333333333,0.26666666666666666
106,1000,0.6666666666666666,0.5555555555555555,0.6666666666666666,0.5555555555555555,0.3333333333333333,0.26666666666666666,0.3333333333333333,0.26666666666666666,0.3333333333333333,0.26666666666666666,0.3333333333333333,0.2222222222222222
106,1500,0.6666666666666666,0.5555555555555555,0.6666666666666666,0.5555555555555555,0.3333333333333333,0.26666666666666666,0.3333333333333333,0.26666666666666666,0.3333333333333333,0.26666666666666666,0.3333333333333333,0.26666666666666666
107,20,0.5,0.4444444444444444,0.16666666666666666,0.2222222222222222,0.0,0.0,0.16666666666666666,0.2222222222222222,0.16666666666666666,0.16666666666666666,0.16666666666666666,0.2222222222222222
107,50,0.5,0.4444444444444444,0.16666666666666666,0.2222222222222222,0.0,0.0,0.16666666666666666,0.16666666666666666,0.16666666666666666,0.16666666666666666,0.5,0.5
107,100,0.5,0.4444444444444444,0.16666666666666666,0.2222222222222222,0.0,0.0,0.0,0.0,0.16666666666666666,0.16666666666666666,0.5,0.5
107,200,0.5,0.4444444444444444,0.16666666666666666,0.2222222222222222,0.0,0.0,0.0,0.0,0.16666666666666666,0.16666666666666666,0.5,0.4444444444444444
107,500,0.5,0.4444444444444444,0.16666666666666666,0.2222222222222222,0.0,0.0,0.0,0.0,0.16666666666666666,0.16666666666666666,0.16666666666666666,0.2222222222222222
107,1000,0.5,0.4444444444444444,0.5,0.4444444444444444,0.0,0.0,0.0,0.0,0.16666666666666666,0.16666666666666666,0.16666666666666666,0.16666666666666666
107,1500,0.5,0.4444444444444444,0.5,0.4444444444444444,0.0,0.0,0.0,0.0,0.16666666666666666,0.16666666666666666,0.16666666666666666,0.16666666666666666
108,20,0.3333333333333333,0.26666666666666666,0.3333333333333333,0.3333333333333333,0.6666666666666666,0.6,0.6666666666666666,0.6,0.3333333333333333,0.26666666666666666,0.3333333333333333,0.2222222222222222
108,50,0.3333333333333333,0.26666666666666666,0.3333333333333333,0.26666666666666666,0.6666666666666666,0.6,0.3333333333333333,0.26666666666666666,0.3333333333333333,0.26666666666666666,0.3333333333333333,0.26666666666666666
108,100,0.3333333333333333,0.26666666666666666,0.3333333333333333,0.26666666666666666,0.6666666666666666,0.6,0.6666666666666666,0.6,0.3333333333333333,0.26666666666666666,0.3333333333333333,0.26666666666666666
108,200,0.3333333333333333,0.26666666666666666,0.3333333333333333,0.26666666666666666,0.6666666666666666,0.6,0.6666666666666666,0.6,0.3333333333333333,0.26666666666666666,0.3333333333333333,0.26666666666666666
108,500,0.3333333333333333,0.26666666666666666,0.3333333333333333,0.26666666666666666,0.6666666666666666,0.6,0.3333333333333333,0.26666666666666666,0.3333333333333333,0.26666666666666666,0.3333333333333333,0.26666666666666666
108,1000,0.3333333333333333,0.26666666666666666,0.3333333333333333,0.26666666666666666,0.6666666666666666,0.6,0.6666666666666666,0.6,0.3333333333333333,0.26666666666666666,0.3333333333333333,0.26666666666666666
108,1500,0.3333333333333333,0.26666666666666666,0.3333333333333333,0.26666666666666666,0.6666666666666666,0.6,0.6666666666666666,0.6,0.3333333333333333,0.26666666666666666,0.3333333333333333,0.26666666666666666
109,20,0.5,0.38888888888888884,0.5,0.38888888888888884,0.5,0.38888888888888884,0.16666666666666666,0.2222222222222222,0.16666666666666666,0.16666666666666666,0.16666666666666666,0.13333333333333333
109,50,0.5,0.38888888888888884,0.5,0.38888888888888884,0.5,0.38888888888888884,0.16666666666666666,0.16666666666666666,0.16666666666666666,0.16666666666666666,0.16666666666666666,0.13333333333333333
109,100,0.5,0.38888888888888884,0.5,0.38888888888888884,0.5,0.38888888888888884,0.5,0.38888888888888884,0.16666666666666666,0.16666666666666666,0.16666666666666666,0.13333333333333333
109,200,0.5,0.38888888888888884,0.5,0.38888888888888884,0.5,0.38888888888888884,0.5,0.38888888888888884,0.16666666666666666,0.16666666666666666,0.16666666666666666,0.16666666666666666
109,500,0.5,0.38888888888888884,0.5,0.38888888888888884,0.5,0.38888888888888884,0.5,0.38888888888888884,0.16666666666666666,0.16666666666666666,0.16666666666666666,0.16666666666666666
109,1000,0.5,0.38888888888888884,0.5,0.38888888888888884,0.5,0.38888888888888884,0.5,0.38888888888888884,0.16666666666666666,0.16666666666666666,0.16666666666666666,0.16666666666666666
109,1500,0.5,0.38888888888888884,0.5,0.38888888888888884,0.5,0.38888888888888884,0.5,0.38888888888888884,0.16666666666666666,0.16666666666666666,0.16666666666666666,0.16666666666666666
110,20,0.5,0.38888888888888884,0.5,0.4444444444444444,0.8333333333333334,0.7777777777777777,0.5,0.4444444444444444,0.16666666666666666,0.2222222222222222,0.16666666666666666,0.16666666666666666
110,50,0.5,0.38888888888888884,0.5,0.4444444444444444,0.8333333333333334,0.7777777777777777,0.6666666666666666,0.5555555555555555,0.16666666666666666,0.2222222222222222,0.16666666666666666,0.2222222222222222
110,100,0.5,0.38888888888888884,0.16666666666666666,0.2222222222222222,0.8333333333333334,0.7777777777777777,0.5,0.4444444444444444,0.16666666666666666,0.2222222222222222,0.0,0.0
110,200,0.5,0.38888888888888884,0.16666666666666666,0.2222222222222222,0.8333333333333334,0.7777777777777777,0.5,0.38888888888888884,0.16666666666666666,0.2222222222222222,0.16666666666666666,0.2222222222222222
110,500,0.5,0.38888888888888884,0.5,0.38888888888888884,0.8333333333333334,0.7777777777777777,0.8333333333333334,0.7777777777777777,0.16666666666666666,0.2222222222222222,0.16666666666666666,0.2222222222222222
110,1000,0.5,0.38888888888888884,0.5,0.38888888888888884,0.8333333333333334,0.7777777777777777,0.8333333333333334,0.7777777777777777,0.16666666666666666,0.2222222222222222,0.16666666666666666,0.2222222222222222
110,1500,0.5,0.38888888888888884,0.5,0.38888888888888884,0.8333333333333334,0.7777777777777777,0.8333333333333334,0.7777777777777777,0.16666666666666666,0.2222222222222222,0.16666666666666666,0.2222222222222222
111,20,0.16666666666666666,0.16666666666666666,0.0,0.0,0.0,0.0,0.0,0.0,0.0,0.0,0.0,0.0
111,50,0.16666666666666666,0.16666666666666666,0.16666666666666666,0.2222222222222222,0.0,0.0,0.0,0.0,0.0,0.0,0.0,0.0
111,100,0.16666666666666666,0.16666666666666666,0.3333333333333333,0.3333333333333333,0.0,0.0,0.16666666666666666,0.2222222222222222,0.0,0.0,0.0,0.0
111,200,0.16666666666666666,0.16666666666666666,0.3333333333333333,0.3333333333333333,0.0,0.0,0.0,0.0,0.0,0.0,0.0,0.0
111,500,0.16666666666666666,0.16666666666666666,0.16666666666666666,0.2222222222222222,0.0,0.0,0.0,0.0,0.0,0.0,0.0,0.0
111,1000,0.16666666666666666,0.16666666666666666,0.16666666666666666,0.16666666666666666,0.0,0.0,0.0,0.0,0.0,0.0,0.0,0.0
111,1500,0.16666666666666666,0.16666666666666666,0.16666666666666666,0.16666666666666666,0.0,0.0,0.0,0.0,0.0,0.0,0.0,0.0
112,20,0.3333333333333333,0.13333333333333333,0.3333333333333333,0.2222222222222222,0.6666666666666666,0.4444444444444444,0.5,0.38888888888888884,0.3333333333333333,0.16666666666666666,0.0,0.0
112,50,0.3333333333333333,0.13333333333333333,0.3333333333333333,0.16666666666666666,0.6666666666666666,0.4444444444444444,0.8333333333333334,0.7777777777777777,0.3333333333333333,0.16666666666666666,0.0,0.0
112,100,0.3333333333333333,0.13333333333333333,0.0,0.0,0.6666666666666666,0.4444444444444444,0.6666666666666666,0.4444444444444444,0.3333333333333333,0.16666666666666666,0.0,0.0
112,200,0.3333333333333333,0.13333333333333333,0.0,0.0,0.6666666666666666,0.4444444444444444,0.6666666666666666,0.4444444444444444,0.3333333333333333,0.16666666666666666,0.0,0.0
112,500,0.3333333333333333,0.13333333333333333,0.3333333333333333,0.16666666666666666,0.6666666666666666,0.4444444444444444,0.6666666666666666,0.4444444444444444,0.3333333333333333,0.16666666666666666,0.0,0.0
112,1000,0.3333333333333333,0.13333333333333333,0.3333333333333333,0.13333333333333333,0.6666666666666666,0.4444444444444444,0.6666666666666666,0.4444444444444444,0.3333333333333333,0.16666666666666666,0.3333333333333333,0.16666666666666666
112,1500,0.3333333333333333,0.13333333333333333,0.3333333333333333,0.13333333333333333,0.6666666666666666,0.4444444444444444,0.6666666666666666,0.4444444444444444,0.3333333333333333,0.16666666666666666,0.3333333333333333,0.16666666666666666
113,20,0.5,0.38888888888888884,0.16666666666666666,0.16666666666666666,0.6666666666666666,0.5555555555555555,0.0,0.0,0.5,0.38888888888888884,0.0,0.0
113,50,0.5,0.38888888888888884,0.5,0.4444444444444444,0.6666666666666666,0.5555555555555555,0.5,0.38888888888888884,0.5,0.38888888888888884,0.16666666666666666,0.2222222222222222
113,100,0.5,0.38888888888888884,0.5,0.4444444444444444,0.6666666666666666,0.5555555555555555,0.6666666666666666,0.5555555555555555,0.5,0.38888888888888884,0.5,0.38888888888888884
113,200,0.5,0.38888888888888884,0.5,0.38888888888888884,0.6666666666666666,0.5555555555555555,0.6666666666666666,0.5555555555555555,0.5,0.38888888888888884,0.5,0.38888888888888884
113,500,0.5,0.38888888888888884,0.5,0.38888888888888884,0.6666666666666666,0.5555555555555555,0.6666666666666666,0.5555555555555555,0.5,0.38888888888888884,0.5,0.38888888888888884
113,1000,0.5,0.38888888888888884,0.5,0.38888888888888884,0.6666666666666666,0.5555555555555555,0.6666666666666666,0.5555555555555555,0.5,0.38888888888888884,0.5,0.38888888888888884
113,1500,0.5,0.38888888888888884,0.5,0.38888888888888884,0.6666666666666666,0.5555555555555555,0.6666666666666666,0.5555555555555555,0.5,0.38888888888888884,0.5,0.38888888888888884
114,20,1.0,1.0,0.6666666666666666,0.5555555555555555,1.0,1.0,0.5,0.5,1.0,1.0,1.0,1.0
114,50,1.0,1.0,1.0,1.0,1.0,1.0,1.0,1.0,1.0,1.0,0.8333333333333334,0.7777777777777777
114,100,1.0,1.0,1.0,1.0,1.0,1.0,0.6666666666666666,0.6,1.0,1.0,0.8333333333333334,0.7777777777777777
114,200,1.0,1.0,0.5,0.38888888888888884,1.0,1.0,1.0,1.0,1.0,1.0,0.8333333333333334,0.7777777777777777
114,500,1.0,1.0,1.0,1.0,1.0,1.0,0.6666666666666666,0.6,1.0,1.0,0.8333333333333334,0.7777777777777777
114,1000,1.0,1.0,1.0,1.0,1.0,1.0,1.0,1.0,1.0,1.0,1.0,1.0
114,1500,1.0,1.0,1.0,1.0,1.0,1.0,1.0,1.0,1.0,1.0,1.0,1.0
115,20,0.6666666666666666,0.5,0.16666666666666666,0.16666666666666666,0.6666666666666666,0.5,0.0,0.0,0.6666666666666666,0.4444444444444444,0.6666666666666666,0.5
115,50,0.6666666666666666,0.5,0.5,0.5,0.6666666666666666,0.5,0.6666666666666666,0.5,0.6666666666666666,0.4444444444444444,0.6666666666666666,0.4444444444444444
115,100,0.6666666666666666,0.5,0.3333333333333333,0.3333333333333333,0.6666666666666666,0.5,0.6666666666666666,0.5,0.6666666666666666,0.4444444444444444,0.6666666666666666,0.4444444444444444
115,200,0.6666666666666666,0.5,0.6666666666666666,0.5,0.6666666666666666,0.5,0.6666666666666666,0.5,0.6666666666666666,0.4444444444444444,0.6666666666666666,0.4444444444444444
115,500,0.6666666666666666,0.5,0.6666666666666666,0.5,0.6666666666666666,0.5,0.6666666666666666,0.5,0.6666666666666666,0.4444444444444444,0.6666666666666666,0.5
115,1000,0.6666666666666666,0.5,0.6666666666666666,0.5,0.6666666666666666,0.5,0.6666666666666666,0.5,0.6666666666666666,0.4444444444444444,0.6666666666666666,0.4444444444444444
115,1500,0.6666666666666666,0.5,0.6666666666666666,0.5,0.6666666666666666,0.5,0.6666666666666666,0.5,0.6666666666666666,0.4444444444444444,0.6666666666666666,0.4444444444444444
116,20,0.6666666666666666,0.6,0.3333333333333333,0.2222222222222222,0.3333333333333333,0.26666666666666666,0.3333333333333333,0.26666666666666666,0.6666666666666666,0.6,0.5,0.5
116,50,0.6666666666666666,0.6,0.6666666666666666,0.5,0.3333333333333333,0.26666666666666666,0.3333333333333333,0.26666666666666666,0.6666666666666666,0.6,0.5,0.5
116,100,0.6666666666666666,0.6,0.3333333333333333,0.3333333333333333,0.3333333333333333,0.26666666666666666,0.6666666666666666,0.6,0.6666666666666666,0.6,0.5,0.5
116,200,0.6666666666666666,0.6,0.6666666666666666,0.6,0.3333333333333333,0.26666666666666666,0.6666666666666666,0.6,0.6666666666666666,0.6,0.5,0.5
116,500,0.6666666666666666,0.6,0.6666666666666666,0.6,0.3333333333333333,0.26666666666666666,0.3333333333333333,0.26666666666666666,0.6666666666666666,0.6,0.5,0.5
116,1000,0.6666666666666666,0.6,0.6666666666666666,0.6,0.3333333333333333,0.26666666666666666,0.3333333333333333,0.26666666666666666,0.6666666666666666,0.6,0.5,0.5
116,1500,0.6666666666666666,0.6,0.6666666666666666,0.6,0.3333333333333333,0.26666666666666666,0.3333333333333333,0.26666666666666666,0.6666666666666666,0.6,0.6666666666666666,0.6
117,20,0.0,0.0,0.0,0.0,0.0,0.0,0.0,0.0,0.0,0.0,0.0,0.0
117,50,0.0,0.0,0.0,0.0,0.0,0.0,0.0,0.0,0.0,0.0,0.0,0.0
117,100,0.0,0.0,0.3333333333333333,0.2222222222222222,0.0,0.0,0.0,0.0,0.0,0.0,0.0,0.0
117,200,0.0,0.0,0.0,0.0,0.0,0.0,0.0,0.0,0.0,0.0,0.0,0.0
117,500,0.0,0.0,0.0,0.0,0.0,0.0,0.0,0.0,0.0,0.0,0.0,0.0
117,1000,0.0,0.0,0.0,0.0,0.0,0.0,0.0,0.0,0.0,0.0,0.0,0.0
117,1500,0.0,0.0,0.0,0.0,0.0,0.0,0.0,0.0,0.0,0.0,0.0,0.0
118,20,0.5,0.38888888888888884,0.5,0.4444444444444444,0.6666666666666666,0.5555555555555555,0.6666666666666666,0.6,0.5,0.38888888888888884,0.5,0.38888888888888884
118,50,0.5,0.38888888888888884,0.5,0.4444444444444444,0.6666666666666666,0.5555555555555555,0.6666666666666666,0.5555555555555555,0.5,0.38888888888888884,0.5,0.38888888888888884
118,100,0.5,0.38888888888888884,0.16666666666666666,0.2222222222222222,0.6666666666666666,0.5555555555555555,0.6666666666666666,0.5555555555555555,0.5,0.38888888888888884,0.5,0.38888888888888884
118,200,0.5,0.38888888888888884,0.5,0.4444444444444444,0.6666666666666666,0.5555555555555555,0.6666666666666666,0.5555555555555555,0.5,0.38888888888888884,0.5,0.38888888888888884
118,500,0.5,0.38888888888888884,0.5,0.4444444444444444,0.6666666666666666,0.5555555555555555,0.6666666666666666,0.5555555555555555,0.5,0.38888888888888884,0.5,0.38888888888888884
118,1000,0.5,0.38888888888888884,0.5,0.38888888888888884,0.6666666666666666,0.5555555555555555,0.6666666666666666,0.5555555555555555,0.5,0.38888888888888884,0.5,0.38888888888888884
118,1500,0.5,0.38888888888888884,0.5,0.38888888888888884,0.6666666666666666,0.5555555555555555,0.6666666666666666,0.5555555555555555,0.5,0.38888888888888884,0.5,0.38888888888888884
119,20,0.5,0.5,0.16666666666666666,0.13333333333333333,0.5,0.5,0.0,0.0,0.16666666666666666,0.16666666666666666,0.5,0.5
119,50,0.5,0.5,0.16666666666666666,0.13333333333333333,0.5,0.5,0.5,0.5,0.16666666666666666,0.16666666666666666,0.16666666666666666,0.2222222222222222
119,100,0.5,0.5,0.3333333333333333,0.2222222222222222,0.5,0.5,0.6666666666666666,0.6,0.16666666666666666,0.16666666666666666,0.16666666666666666,0.2222222222222222
119,200,0.5,0.5,0.16666666666666666,0.13333333333333333,0.5,0.5,0.5,0.5,0.16666666666666666,0.16666666666666666,0.16666666666666666,0.16666666666666666
119,500,0.5,0.5,0.5,0.5,0.5,0.5,0.5,0.5,0.16666666666666666,0.16666666666666666,0.16666666666666666,0.16666666666666666
119,1000,0.5,0.5,0.16666666666666666,0.13333333333333333,0.5,0.5,0.5,0.5,0.16666666666666666,0.16666666666666666,0.16666666666666666,0.16666666666666666
119,1500,0.5,0.5,0.16666666666666666,0.13333333333333333,0.5,0.5,0.5,0.5,0.16666666666666666,0.16666666666666666,0.16666666666666666,0.16666666666666666
120,20,0.6666666666666666,0.5,0.3333333333333333,0.16666666666666666,1.0,1.0,0.5,0.38888888888888884,0.8333333333333334,0.7777777777777777,0.3333333333333333,0.2222222222222222
120,50,0.6666666666666666,0.5,0.8333333333333334,0.7777777777777777,1.0,1.0,0.5,0.38888888888888884,0.8333333333333334,0.7777777777777777,0.5,0.38888888888888884
120,100,0.6666666666666666,0.5,0.5,0.5,1.0,1.0,1.0,1.0,0.8333333333333334,0.7777777777777777,0.8333333333333334,0.7777777777777777
120,200,0.6666666666666666,0.5,0.6666666666666666,0.5,1.0,1.0,1.0,1.0,0.8333333333333334,0.7777777777777777,0.8333333333333334,0.7777777777777777
120,500,0.6666666666666666,0.5,0.6666666666666666,0.5,1.0,1.0,1.0,1.0,0.8333333333333334,0.7777777777777777,0.8333333333333334,0.7777777777777777
120,1000,0.6666666666666666,0.5,0.6666666666666666,0.5,1.0,1.0,1.0,1.0,0.8333333333333334,0.7777777777777777,0.8333333333333334,0.7777777777777777
120,1500,0.6666666666666666,0.5,0.6666666666666666,0.5,1.0,1.0,1.0,1.0,0.8333333333333334,0.7777777777777777,0.8333333333333334,0.7777777777777777
121,20,0.3333333333333333,0.2222222222222222,0.3333333333333333,0.2222222222222222,0.3333333333333333,0.2222222222222222,0.16666666666666666,0.13333333333333333,0.3333333333333333,0.2222222222222222,0.16666666666666666,0.16666666666666666
121,50,0.3333333333333333,0.2222222222222222,0.3333333333333333,0.2222222222222222,0.3333333333333333,0.2222222222222222,0.3333333333333333,0.2222222222222222,0.3333333333333333,0.2222222222222222,0.3333333333333333,0.26666666666666666
121,100,0.3333333333333333,0.2222222222222222,0.3333333333333333,0.26666666666666666,0.3333333333333333,0.2222222222222222,0.3333333333333333,0.2222222222222222,0.3333333333333333,0.2222222222222222,0.3333333333333333,0.2222222222222222
121,200,0.3333333333333333,0.2222222222222222,0.3333333333333333,0.2222222222222222,0.3333333333333333,0.2222222222222222,0.3333333333333333,0.2222222222222222,0.3333333333333333,0.2222222222222222,0.3333333333333333,0.2222222222222222
121,500,0.3333333333333333,0.2222222222222222,0.3333333333333333,0.2222222222222222,0.3333333333333333,0.2222222222222222,0.3333333333333333,0.2222222222222222,0.3333333333333333,0.2222222222222222,0.3333333333333333,0.2222222222222222
121,1000,0.3333333333333333,0.2222222222222222,0.3333333333333333,0.2222222222222222,0.3333333333333333,0.2222222222222222,0.3333333333333333,0.2222222222222222,0.3333333333333333,0.2222222222222222,0.3333333333333333,0.2222222222222222
121,1500,0.3333333333333333,0.2222222222222222,0.3333333333333333,0.2222222222222222,0.3333333333333333,0.2222222222222222,0.3333333333333333,0.2222222222222222,0.3333333333333333,0.2222222222222222,0.3333333333333333,0.2222222222222222
122,20,0.3333333333333333,0.16666666666666666,0.3333333333333333,0.13333333333333333,0.5,0.38888888888888884,0.3333333333333333,0.16666666666666666,0.3333333333333333,0.16666666666666666,0.0,0.0
122,50,0.3333333333333333,0.16666666666666666,0.3333333333333333,0.13333333333333333,0.5,0.38888888888888884,0.6666666666666666,0.5,0.3333333333333333,0.16666666666666666,0.3333333333333333,0.16666666666666666
122,100,0.3333333333333333,0.16666666666666666,0.3333333333333333,0.13333333333333333,0.5,0.38888888888888884,0.6666666666666666,0.5,0.3333333333333333,0.16666666666666666,0.3333333333333333,0.16666666666666666
122,200,0.3333333333333333,0.16666666666666666,0.3333333333333333,0.13333333333333333,0.5,0.38888888888888884,0.6666666666666666,0.5,0.3333333333333333,0.16666666666666666,0.3333333333333333,0.16666666666666666
122,500,0.3333333333333333,0.16666666666666666,0.3333333333333333,0.13333333333333333,0.5,0.38888888888888884,0.3333333333333333,0.13333333333333333,0.3333333333333333,0.16666666666666666,0.3333333333333333,0.16666666666666666
122,1000,0.3333333333333333,0.16666666666666666,0.3333333333333333,0.16666666666666666,0.5,0.38888888888888884,0.5,0.38888888888888884,0.3333333333333333,0.16666666666666666,0.3333333333333333,0.16666666666666666
122,1500,0.3333333333333333,0.16666666666666666,0.3333333333333333,0.16666666666666666,0.5,0.38888888888888884,0.5,0.38888888888888884,0.3333333333333333,0.16666666666666666,0.3333333333333333,0.16666666666666666
123,20,0.3333333333333333,0.26666666666666666,0.3333333333333333,0.26666666666666666,0.3333333333333333,0.26666666666666666,0.3333333333333333,0.2222222222222222,0.3333333333333333,0.2222222222222222,0.3333333333333333,0.26666666666666666
123,50,0.3333333333333333,0.26666666666666666,0.3333333333333333,0.26666666666666666,0.3333333333333333,0.26666666666666666,0.6666666666666666,0.6,0.3333333333333333,0.2222222222222222,0.3333333333333333,0.2222222222222222
123,100,0.3333333333333333,0.26666666666666666,0.3333333333333333,0.26666666666666666,0.3333333333333333,0.26666666666666666,0.6666666666666666,0.6,0.3333333333333333,0.2222222222222222,0.3333333333333333,0.2222222222222222
123,200,0.3333333333333333,0.26666666666666666,0.3333333333333333,0.26666666666666666,0.3333333333333333,0.26666666666666666,0.3333333333333333,0.26666666666666666,0.3333333333333333,0.2222222222222222,0.3333333333333333,0.2222222222222222
123,500,0.3333333333333333,0.26666666666666666,0.3333333333333333,0.26666666666666666,0.3333333333333333,0.26666666666666666,0.3333333333333333,0.26666666666666666,0.3333333333333333,0.2222222222222222,0.3333333333333333,0.2222222222222222
123,1000,0.3333333333333333,0.26666666666666666,0.3333333333333333,0.26666666666666666,0.3333333333333333,0.26666666666666666,0.3333333333333333,0.26666666666666666,0.3333333333333333,0.2222222222222222,0.3333333333333333,0.2222222222222222
123,1500,0.3333333333333333,0.26666666666666666,0.3333333333333333,0.26666666666666666,0.3333333333333333,0.26666666666666666,0.3333333333333333,0.26666666666666666,0.3333333333333333,0.2222222222222222,0.3333333333333333,0.2222222222222222
124,20,0.5,0.38888888888888884,0.6666666666666666,0.6,0.5,0.38888888888888884,0.16666666666666666,0.16666666666666666,0.3333333333333333,0.26666666666666666,0.16666666666666666,0.2222222222222222
124,50,0.5,0.38888888888888884,0.5,0.38888888888888884,0.5,0.38888888888888884,0.8333333333333334,0.7777777777777777,0.3333333333333333,0.26666666666666666,0.16666666666666666,0.2222222222222222
124,100,0.5,0.38888888888888884,0.16666666666666666,0.16666666666666666,0.5,0.38888888888888884,0.5,0.5,0.3333333333333333,0.26666666666666666,0.3333333333333333,0.26666666666666666
124,200,0.5,0.38888888888888884,0.5,0.38888888888888884,0.5,0.38888888888888884,0.5,0.38888888888888884,0.3333333333333333,0.26666666666666666,0.16666666666666666,0.16666666666666666
124,500,0.5,0.38888888888888884,0.5,0.38888888888888884,0.5,0.38888888888888884,0.5,0.38888888888888884,0.3333333333333333,0.26666666666666666,0.16666666666666666,0.16666666666666666
124,1000,0.5,0.38888888888888884,0.5,0.38888888888888884,0.5,0.38888888888888884,0.5,0.38888888888888884,0.3333333333333333,0.26666666666666666,0.16666666666666666,0.16666666666666666
124,1500,0.5,0.38888888888888884,0.5,0.38888888888888884,0.5,0.38888888888888884,0.5,0.38888888888888884,0.3333333333333333,0.26666666666666666,0.3333333333333333,0.26666666666666666
125,20,0.6666666666666666,0.5,0.6666666666666666,0.5,0.5,0.38888888888888884,0.6666666666666666,0.4444444444444444,0.6666666666666666,0.5,0.6666666666666666,0.5
125,50,0.6666666666666666,0.5,0.6666666666666666,0.5,0.5,0.38888888888888884,0.6666666666666666,0.4444444444444444,0.6666666666666666,0.5,0.3333333333333333,0.2222222222222222
125,100,0.6666666666666666,0.5,0.6666666666666666,0.5,0.5,0.38888888888888884,0.3333333333333333,0.2222222222222222,0.6666666666666666,0.5,0.5,0.5
125,200,0.6666666666666666,0.5,0.6666666666666666,0.5,0.5,0.38888888888888884,0.6666666666666666,0.4444444444444444,0.6666666666666666,0.5,0.5,0.5
125,500,0.6666666666666666,0.5,0.6666666666666666,0.5,0.5,0.38888888888888884,0.5,0.38888888888888884,0.6666666666666666,0.5,0.6666666666666666,0.5
125,1000,0.6666666666666666,0.5,0.6666666666666666,0.5,0.5,0.38888888888888884,0.5,0.38888888888888884,0.6666666666666666,0.5,0.6666666666666666,0.5
125,1500,0.6666666666666666,0.5,0.6666666666666666,0.5,0.5,0.38888888888888884,0.5,0.38888888888888884,0.6666666666666666,0.5,0.6666666666666666,0.5
126,20,0.8333333333333334,0.7777777777777777,0.6666666666666666,0.5,0.3333333333333333,0.26666666666666666,0.6666666666666666,0.6,0.6666666666666666,0.6,0.8333333333333334,0.7777777777777777
126,50,0.8333333333333334,0.7777777777777777,0.6666666666666666,0.5,0.3333333333333333,0.26666666666666666,0.3333333333333333,0.26666666666666666,0.6666666666666666,0.6,0.8333333333333334,0.7777777777777777
126,100,0.8333333333333334,0.7777777777777777,0.5,0.5,0.3333333333333333,0.26666666666666666,0.6666666666666666,0.6,0.6666666666666666,0.6,0.6666666666666666,0.6
126,200,0.8333333333333334,0.7777777777777777,0.5,0.5,0.3333333333333333,0.26666666666666666,0.6666666666666666,0.6,0.6666666666666666,0.6,0.6666666666666666,0.6
126,500,0.8333333333333334,0.7777777777777777,0.5,0.5,0.3333333333333333,0.26666666666666666,0.6666666666666666,0.6,0.6666666666666666,0.6,0.6666666666666666,0.6
126,1000,0.8333333333333334,0.7777777777777777,0.5,0.5,0.3333333333333333,0.26666666666666666,0.3333333333333333,0.26666666666666666,0.6666666666666666,0.6,0.6666666666666666,0.6
126,1500,0.8333333333333334,0.7777777777777777,0.8333333333333334,0.7777777777777777,0.3333333333333333,0.26666666666666666,0.3333333333333333,0.26666666666666666,0.6666666666666666,0.6,0.6666666666666666,0.6
127,20,0.3333333333333333,0.2222222222222222,0.3333333333333333,0.16666666666666666,0.8333333333333334,0.7777777777777777,0.3333333333333333,0.16666666666666666,0.3333333333333333,0.2222222222222222,0.3333333333333333,0.2222222222222222
127,50,0.3333333333333333,0.2222222222222222,0.3333333333333333,0.16666666666666666,0.8333333333333334,0.7777777777777777,0.8333333333333334,0.7777777777777777,0.3333333333333333,0.2222222222222222,0.6666666666666666,0.4444444444444444
127,100,0.3333333333333333,0.2222222222222222,0.5,0.38888888888888884,0.8333333333333334,0.7777777777777777,0.8333333333333334,0.7777777777777777,0.3333333333333333,0.2222222222222222,0.3333333333333333,0.2222222222222222
127,200,0.3333333333333333,0.2222222222222222,0.3333333333333333,0.2222222222222222,0.8333333333333334,0.7777777777777777,0.8333333333333334,0.7777777777777777,0.3333333333333333,0.2222222222222222,0.3333333333333333,0.2222222222222222
127,500,0.3333333333333333,0.2222222222222222,0.3333333333333333,0.2222222222222222,0.8333333333333334,0.7777777777777777,0.8333333333333334,0.7777777777777777,0.3333333333333333,0.2222222222222222,0.3333333333333333,0.2222222222222222
127,1000,0.3333333333333333,0.2222222222222222,0.6666666666666666,0.4444444444444444,0.8333333333333334,0.7777777777777777,0.8333333333333334,0.7777777777777777,0.3333333333333333,0.2222222222222222,0.3333333333333333,0.2222222222222222
127,1500,0.3333333333333333,0.2222222222222222,0.3333333333333333,0.2222222222222222,0.8333333333333334,0.7777777777777777,0.8333333333333334,0.7777777777777777,0.3333333333333333,0.2222222222222222,0.3333333333333333,0.2222222222222222
128,20,0.16666666666666666,0.16666666666666666,0.5,0.4444444444444444,0.5,0.38888888888888884,0.5,0.38888888888888884,0.16666666666666666,0.16666666666666666,0.16666666666666666,0.16666666666666666
128,50,0.16666666666666666,0.16666666666666666,0.16666666666666666,0.2222222222222222,0.5,0.38888888888888884,0.5,0.38888888888888884,0.16666666666666666,0.16666666666666666,0.3333333333333333,0.26666666666666666
128,100,0.16666666666666666,0.16666666666666666,0.16666666666666666,0.16666666666666666,0.5,0.38888888888888884,0.5,0.5,0.16666666666666666,0.16666666666666666,0.3333333333333333,0.26666666666666666
128,200,0.16666666666666666,0.16666666666666666,0.3333333333333333,0.26666666666666666,0.5,0.38888888888888884,0.5,0.38888888888888884,0.16666666666666666,0.16666666666666666,0.16666666666666666,0.16666666666666666
128,500,0.16666666666666666,0.16666666666666666,0.3333333333333333,0.26666666666666666,0.5,0.38888888888888884,0.5,0.38888888888888884,0.16666666666666666,0.16666666666666666,0.16666666666666666,0.16666666666666666
128,1000,0.16666666666666666,0.16666666666666666,0.16666666666666666,0.16666666666666666,0.5,0.38888888888888884,0.5,0.38888888888888884,0.16666666666666666,0.16666666666666666,0.16666666666666666,0.16666666666666666
128,1500,0.16666666666666666,0.16666666666666666,0.16666666666666666,0.16666666666666666,0.5,0.38888888888888884,0.5,0.38888888888888884,0.16666666666666666,0.16666666666666666,0.16666666666666666,0.16666666666666666
129,20,0.6666666666666666,0.4444444444444444,0.6666666666666666,0.4444444444444444,0.6666666666666666,0.4444444444444444,0.6666666666666666,0.4444444444444444,0.6666666666666666,0.4444444444444444,0.5,0.38888888888888884
129,50,0.6666666666666666,0.4444444444444444,0.6666666666666666,0.4444444444444444,0.6666666666666666,0.4444444444444444,0.6666666666666666,0.4444444444444444,0.6666666666666666,0.4444444444444444,0.3333333333333333,0.2222222222222222
129,100,0.6666666666666666,0.4444444444444444,0.6666666666666666,0.4444444444444444,0.6666666666666666,0.4444444444444444,0.6666666666666666,0.4444444444444444,0.6666666666666666,0.4444444444444444,0.6666666666666666,0.4444444444444444
129,200,0.6666666666666666,0.4444444444444444,0.6666666666666666,0.4444444444444444,0.6666666666666666,0.4444444444444444,0.6666666666666666,0.4444444444444444,0.6666666666666666,0.4444444444444444,0.6666666666666666,0.4444444444444444
129,500,0.6666666666666666,0.4444444444444444,0.6666666666666666,0.4444444444444444,0.6666666666666666,0.4444444444444444,0.6666666666666666,0.4444444444444444,0.6666666666666666,0.4444444444444444,0.6666666666666666,0.4444444444444444
129,1000,0.6666666666666666,0.4444444444444444,0.6666666666666666,0.4444444444444444,0.6666666666666666,0.4444444444444444,0.6666666666666666,0.4444444444444444,0.6666666666666666,0.4444444444444444,0.6666666666666666,0.4444444444444444
129,1500,0.6666666666666666,0.4444444444444444,0.6666666666666666,0.4444444444444444,0.6666666666666666,0.4444444444444444,0.6666666666666666,0.4444444444444444,0.6666666666666666,0.4444444444444444,0.6666666666666666,0.4444444444444444
130,20,0.5,0.38888888888888884,0.5,0.38888888888888884,0.5,0.38888888888888884,0.5,0.38888888888888884,0.5,0.38888888888888884,0.5,0.38888888888888884
130,50,0.5,0.38888888888888884,0.0,0.0,0.5,0.38888888888888884,0.3333333333333333,0.26666666666666666,0.5,0.38888888888888884,0.16666666666666666,0.16666666666666666
130,100,0.5,0.38888888888888884,0.16666666666666666,0.16666666666666666,0.5,0.38888888888888884,0.3333333333333333,0.26666666666666666,0.5,0.38888888888888884,0.5,0.38888888888888884
130,200,0.5,0.38888888888888884,0.16666666666666666,0.16666666666666666,0.5,0.38888888888888884,0.6666666666666666,0.6,0.5,0.38888888888888884,0.16666666666666666,0.16666666666666666
130,500,0.5,0.38888888888888884,0.5,0.38888888888888884,0.5,0.38888888888888884,0.3333333333333333,0.2222222222222222,0.5,0.38888888888888884,0.16666666666666666,0.16666666666666666
130,1000,0.5,0.38888888888888884,0.5,0.38888888888888884,0.5,0.38888888888888884,0.5,0.38888888888888884,0.5,0.38888888888888884,0.16666666666666666,0.16666666666666666
130,1500,0.5,0.38888888888888884,0.5,0.38888888888888884,0.5,0.38888888888888884,0.5,0.38888888888888884,0.5,0.38888888888888884,0.16666666666666666,0.16666666666666666
131,20,0.5,0.38888888888888884,0.5,0.5,0.5,0.38888888888888884,0.3333333333333333,0.16666666666666666,0.5,0.38888888888888884,0.5,0.38888888888888884
131,50,0.5,0.38888888888888884,0.5,0.38888888888888884,0.5,0.38888888888888884,0.5,0.38888888888888884,0.5,0.38888888888888884,0.5,0.38888888888888884
131,100,0.5,0.38888888888888884,0.6666666666666666,0.6,0.5,0.38888888888888884,0.5,0.38888888888888884,0.5,0.38888888888888884,0.5,0.38888888888888884
131,200,0.5,0.38888888888888884,0.5,0.38888888888888884,0.5,0.38888888888888884,0.5,0.38888888888888884,0.5,0.38888888888888884,0.5,0.38888888888888884
131,500,0.5,0.38888888888888884,0.5,0.38888888888888884,0.5,0.38888888888888884,0.5,0.38888888888888884,0.5,0.38888888888888884,0.5,0.38888888888888884
131,1000,0.5,0.38888888888888884,0.5,0.38888888888888884,0.5,0.38888888888888884,0.5,0.38888888888888884,0.5,0.38888888888888884,0.5,0.38888888888888884
131,1500,0.5,0.38888888888888884,0.5,0.38888888888888884,0.5,0.38888888888888884,0.5,0.38888888888888884,0.5,0.38888888888888884,0.5,0.38888888888888884
132,20,0.5,0.4444444444444444,0.5,0.38888888888888884,1.0,1.0,0.6666666666666666,0.5555555555555555,0.8333333333333334,0.7777777777777777,0.3333333333333333,0.26666666666666666
132,50,0.5,0.4444444444444444,0.5,0.4444444444444444,1.0,1.0,1.0,1.0,0.8333333333333334,0.7777777777777777,0.8333333333333334,0.7777777777777777
132,100,0.5,0.4444444444444444,0.5,0.4444444444444444,1.0,1.0,1.0,1.0,0.8333333333333334,0.7777777777777777,0.8333333333333334,0.7777777777777777
132,200,0.5,0.4444444444444444,0.5,0.4444444444444444,1.0,1.0,1.0,1.0,0.8333333333333334,0.7777777777777777,0.8333333333333334,0.7777777777777777
132,500,0.5,0.4444444444444444,0.5,0.4444444444444444,1.0,1.0,0.6666666666666666,0.5555555555555555,0.8333333333333334,0.7777777777777777,0.8333333333333334,0.7777777777777777
132,1000,0.5,0.4444444444444444,0.5,0.4444444444444444,1.0,1.0,1.0,1.0,0.8333333333333334,0.7777777777777777,0.8333333333333334,0.7777777777777777
132,1500,0.5,0.4444444444444444,0.5,0.4444444444444444,1.0,1.0,1.0,1.0,0.8333333333333334,0.7777777777777777,0.8333333333333334,0.7777777777777777
133,20,0.3333333333333333,0.16666666666666666,0.0,0.0,0.3333333333333333,0.16666666666666666,0.0,0.0,0.0,0.0,0.0,0.0
133,50,0.3333333333333333,0.16666666666666666,0.3333333333333333,0.16666666666666666,0.3333333333333333,0.16666666666666666,0.3333333333333333,0.16666666666666666,0.0,0.0,0.0,0.0
133,100,0.3333333333333333,0.16666666666666666,0.3333333333333333,0.16666666666666666,0.3333333333333333,0.16666666666666666,0.0,0.0,0.0,0.0,0.0,0.0
133,200,0.3333333333333333,0.16666666666666666,0.3333333333333333,0.16666666666666666,0.3333333333333333,0.16666666666666666,0.3333333333333333,0.16666666666666666,0.0,0.0,0.0,0.0
133,500,0.3333333333333333,0.16666666666666666,0.3333333333333333,0.16666666666666666,0.3333333333333333,0.16666666666666666,0.3333333333333333,0.16666666666666666,0.0,0.0,0.0,0.0
133,1000,0.3333333333333333,0.16666666666666666,0.3333333333333333,0.16666666666666666,0.3333333333333333,0.16666666666666666,0.3333333333333333,0.16666666666666666,0.0,0.0,0.0,0.0
133,1500,0.3333333333333333,0.16666666666666666,0.3333333333333333,0.16666666666666666,0.3333333333333333,0.16666666666666666,0.3333333333333333,0.16666666666666666,0.0,0.0,0.0,0.0
134,20,0.6666666666666666,0.5,0.0,0.0,0.5,0.5,0.5,0.38888888888888884,0.8333333333333334,0.7777777777777777,0.5,0.4444444444444444
134,50,0.6666666666666666,0.5,0.3333333333333333,0.2222222222222222,0.5,0.5,0.16666666666666666,0.16666666666666666,0.8333333333333334,0.7777777777777777,0.5,0.4444444444444444
134,100,0.6666666666666666,0.5,0.6666666666666666,0.5,0.5,0.5,1.0,1.0,0.8333333333333334,0.7777777777777777,0.8333333333333334,0.7777777777777777
134,200,0.6666666666666666,0.5,0.6666666666666666,0.5,0.5,0.5,0.6666666666666666,0.6,0.8333333333333334,0.7777777777777777,0.8333333333333334,0.7777777777777777
134,500,0.6666666666666666,0.5,0.6666666666666666,0.5,0.5,0.5,0.6666666666666666,0.6,0.8333333333333334,0.7777777777777777,0.8333333333333334,0.7777777777777777
134,1000,0.6666666666666666,0.5,0.6666666666666666,0.5,0.5,0.5,0.6666666666666666,0.6,0.8333333333333334,0.7777777777777777,0.8333333333333334,0.7777777777777777
134,1500,0.6666666666666666,0.5,0.6666666666666666,0.5,0.5,0.5,0.5,0.5,0.8333333333333334,0.7777777777777777,0.8333333333333334,0.7777777777777777
135,20,0.3333333333333333,0.3333333333333333,0.0,0.0,0.3333333333333333,0.3333333333333333,0.5,0.5,0.0,0.0,0.3333333333333333,0.16666666666666666
135,50,0.3333333333333333,0.3333333333333333,0.0,0.0,0.3333333333333333,0.3333333333333333,0.8333333333333334,0.7777777777777777,0.0,0.0,0.0,0.0
135,100,0.3333333333333333,0.3333333333333333,0.0,0.0,0.3333333333333333,0.3333333333333333,0.5,0.5,0.0,0.0,0.0,0.0
135,200,0.3333333333333333,0.3333333333333333,0.0,0.0,0.3333333333333333,0.3333333333333333,0.3333333333333333,0.3333333333333333,0.0,0.0,0.16666666666666666,0.16666666666666666
135,500,0.3333333333333333,0.3333333333333333,0.3333333333333333,0.3333333333333333,0.3333333333333333,0.3333333333333333,0.3333333333333333,0.3333333333333333,0.0,0.0,0.0,0.0
135,1000,0.3333333333333333,0.3333333333333333,0.3333333333333333,0.3333333333333333,0.3333333333333333,0.3333333333333333,0.3333333333333333,0.3333333333333333,0.0,0.0,0.0,0.0
135,1500,0.3333333333333333,0.3333333333333333,0.3333333333333333,0.3333333333333333,0.3333333333333333,0.3333333333333333,0.3333333333333333,0.3333333333333333,0.0,0.0,0.0,0.0
136,20,0.5,0.38888888888888884,0.5,0.38888888888888884,0.5,0.38888888888888884,0.0,0.0,0.6666666666666666,0.4444444444444444,0.6666666666666666,0.4444444444444444
136,50,0.5,0.38888888888888884,0.3333333333333333,0.2222222222222222,0.5,0.38888888888888884,0.16666666666666666,0.2222222222222222,0.6666666666666666,0.4444444444444444,0.6666666666666666,0.4444444444444444
136,100,0.5,0.38888888888888884,0.5,0.38888888888888884,0.5,0.38888888888888884,0.5,0.38888888888888884,0.6666666666666666,0.4444444444444444,0.6666666666666666,0.4444444444444444
136,200,0.5,0.38888888888888884,0.5,0.38888888888888884,0.5,0.38888888888888884,0.5,0.38888888888888884,0.6666666666666666,0.4444444444444444,0.6666666666666666,0.4444444444444444
136,500,0.5,0.38888888888888884,0.5,0.38888888888888884,0.5,0.38888888888888884,0.5,0.38888888888888884,0.6666666666666666,0.4444444444444444,0.6666666666666666,0.4444444444444444
136,1000,0.5,0.38888888888888884,0.5,0.38888888888888884,0.5,0.38888888888888884,0.5,0.38888888888888884,0.6666666666666666,0.4444444444444444,0.6666666666666666,0.4444444444444444
136,1500,0.5,0.38888888888888884,0.5,0.38888888888888884,0.5,0.38888888888888884,0.5,0.38888888888888884,0.6666666666666666,0.4444444444444444,0.6666666666666666,0.4444444444444444
137,20,0.5,0.38888888888888884,0.16666666666666666,0.2222222222222222,0.8333333333333334,0.7777777777777777,0.6666666666666666,0.6,0.5,0.38888888888888884,0.5,0.38888888888888884
137,50,0.5,0.38888888888888884,0.5,0.4444444444444444,0.8333333333333334,0.7777777777777777,1.0,1.0,0.5,0.38888888888888884,0.5,0.38888888888888884
137,100,0.5,0.38888888888888884,0.5,0.4444444444444444,0.8333333333333334,0.7777777777777777,1.0,1.0,0.5,0.38888888888888884,0.5,0.38888888888888884
137,200,0.5,0.38888888888888884,0.5,0.4444444444444444,0.8333333333333334,0.7777777777777777,1.0,1.0,0.5,0.38888888888888884,0.5,0.38888888888888884
137,500,0.5,0.38888888888888884,0.5,0.38888888888888884,0.8333333333333334,0.7777777777777777,1.0,1.0,0.5,0.38888888888888884,0.5,0.38888888888888884
137,1000,0.5,0.38888888888888884,0.5,0.38888888888888884,0.8333333333333334,0.7777777777777777,0.8333333333333334,0.7777777777777777,0.5,0.38888888888888884,0.5,0.38888888888888884
137,1500,0.5,0.38888888888888884,0.5,0.38888888888888884,0.8333333333333334,0.7777777777777777,0.8333333333333334,0.7777777777777777,0.5,0.38888888888888884,0.5,0.38888888888888884
138,20,0.5,0.4444444444444444,0.16666666666666666,0.2222222222222222,0.8333333333333334,0.7777777777777777,0.0,0.0,0.16666666666666666,0.16666666666666666,0.0,0.0
138,50,0.5,0.4444444444444444,0.16666666666666666,0.16666666666666666,0.8333333333333334,0.7777777777777777,0.5,0.38888888888888884,0.16666666666666666,0.16666666666666666,0.0,0.0
138,100,0.5,0.4444444444444444,0.16666666666666666,0.2222222222222222,0.8333333333333334,0.7777777777777777,0.3333333333333333,0.13333333333333333,0.16666666666666666,0.16666666666666666,0.16666666666666666,0.2222222222222222
138,200,0.5,0.4444444444444444,0.16666666666666666,0.2222222222222222,0.8333333333333334,0.7777777777777777,0.3333333333333333,0.13333333333333333,0.16666666666666666,0.16666666666666666,0.16666666666666666,0.16666666666666666
138,500,0.5,0.4444444444444444,0.16666666666666666,0.2222222222222222,0.8333333333333334,0.7777777777777777,0.8333333333333334,0.7777777777777777,0.16666666666666666,0.16666666666666666,0.16666666666666666,0.16666666666666666
138,1000,0.5,0.4444444444444444,0.5,0.4444444444444444,0.8333333333333334,0.7777777777777777,0.5,0.38888888888888884,0.16666666666666666,0.16666666666666666,0.16666666666666666,0.16666666666666666
138,1500,0.5,0.4444444444444444,0.5,0.4444444444444444,0.8333333333333334,0.7777777777777777,0.8333333333333334,0.7777777777777777,0.16666666666666666,0.16666666666666666,0.16666666666666666,0.16666666666666666
139,20,0.5,0.38888888888888884,0.16666666666666666,0.2222222222222222,0.5,0.38888888888888884,0.5,0.38888888888888884,0.0,0.0,0.0,0.0
139,50,0.5,0.38888888888888884,0.16666666666666666,0.2222222222222222,0.5,0.38888888888888884,0.5,0.38888888888888884,0.0,0.0,0.0,0.0
139,100,0.5,0.38888888888888884,0.16666666666666666,0.2222222222222222,0.5,0.38888888888888884,0.16666666666666666,0.2222222222222222,0.0,0.0,0.16666666666666666,0.2222222222222222
139,200,0.5,0.38888888888888884,0.16666666666666666,0.2222222222222222,0.5,0.38888888888888884,0.5,0.38888888888888884,0.0,0.0,0.16666666666666666,0.2222222222222222
139,500,0.5,0.38888888888888884,0.5,0.38888888888888884,0.5,0.38888888888888884,0.5,0.38888888888888884,0.0,0.0,0.16666666666666666,0.16666666666666666
139,1000,0.5,0.38888888888888884,0.5,0.38888888888888884,0.5,0.38888888888888884,0.5,0.38888888888888884,0.0,0.0,0.16666666666666666,0.13333333333333333
139,1500,0.5,0.38888888888888884,0.5,0.38888888888888884,0.5,0.38888888888888884,0.5,0.38888888888888884,0.0,0.0,0.0,0.0
140,20,0.5,0.5,0.16666666666666666,0.13333333333333333,0.5,0.5,0.16666666666666666,0.2222222222222222,0.3333333333333333,0.3333333333333333,0.16666666666666666,0.16666666666666666
140,50,0.5,0.5,0.3333333333333333,0.2222222222222222,0.5,0.5,0.5,0.5,0.3333333333333333,0.3333333333333333,0.5,0.38888888888888884
140,100,0.5,0.5,0.5,0.38888888888888884,0.5,0.5,0.5,0.4444444444444444,0.3333333333333333,0.3333333333333333,0.3333333333333333,0.3333333333333333
140,200,0.5,0.5,0.5,0.38888888888888884,0.5,0.5,0.5,0.4444444444444444,0.3333333333333333,0.3333333333333333,0.3333333333333333,0.3333333333333333
140,500,0.5,0.5,0.5,0.5,0.5,0.5,0.5,0.5,0.3333333333333333,0.3333333333333333,0.5,0.5
140,1000,0.5,0.5,0.5,0.5,0.5,0.5,0.5,0.4444444444444444,0.3333333333333333,0.3333333333333333,0.3333333333333333,0.3333333333333333
140,1500,0.5,0.5,0.5,0.5,0.5,0.5,0.5,0.5,0.3333333333333333,0.3333333333333333,0.3333333333333333,0.3333333333333333
141,20,0.16666666666666666,0.13333333333333333,0.3333333333333333,0.2222222222222222,0.16666666666666666,0.13333333333333333,0.16666666666666666,0.13333333333333333,0.16666666666666666,0.13333333333333333,0.3333333333333333,0.2222222222222222
141,50,0.16666666666666666,0.13333333333333333,0.16666666666666666,0.13333333333333333,0.16666666666666666,0.13333333333333333,0.16666666666666666,0.13333333333333333,0.16666666666666666,0.13333333333333333,0.5,0.4444444444444444
141,100,0.16666666666666666,0.13333333333333333,0.16666666666666666,0.13333333333333333,0.16666666666666666,0.13333333333333333,0.16666666666666666,0.13333333333333333,0.16666666666666666,0.13333333333333333,0.16666666666666666,0.13333333333333333
141,200,0.16666666666666666,0.13333333333333333,0.16666666666666666,0.13333333333333333,0.16666666666666666,0.13333333333333333,0.16666666666666666,0.13333333333333333,0.16666666666666666,0.13333333333333333,0.16666666666666666,0.13333333333333333
141,500,0.16666666666666666,0.13333333333333333,0.16666666666666666,0.13333333333333333,0.16666666666666666,0.13333333333333333,0.16666666666666666,0.13333333333333333,0.16666666666666666,0.13333333333333333,0.16666666666666666,0.13333333333333333
141,1000,0.16666666666666666,0.13333333333333333,0.16666666666666666,0.13333333333333333,0.16666666666666666,0.13333333333333333,0.16666666666666666,0.13333333333333333,0.16666666666666666,0.13333333333333333,0.16666666666666666,0.13333333333333333
141,1500,0.16666666666666666,0.13333333333333333,0.16666666666666666,0.13333333333333333,0.16666666666666666,0.13333333333333333,0.16666666666666666,0.13333333333333333,0.16666666666666666,0.13333333333333333,0.16666666666666666,0.13333333333333333
142,20,0.3333333333333333,0.3333333333333333,0.5,0.5,0.5,0.5,0.3333333333333333,0.13333333333333333,0.6666666666666666,0.4444444444444444,0.3333333333333333,0.2222222222222222
142,50,0.3333333333333333,0.3333333333333333,0.0,0.0,0.5,0.5,0.5,0.4444444444444444,0.6666666666666666,0.4444444444444444,0.3333333333333333,0.2222222222222222
142,100,0.3333333333333333,0.3333333333333333,0.3333333333333333,0.3333333333333333,0.5,0.5,0.5,0.5,0.6666666666666666,0.4444444444444444,0.3333333333333333,0.2222222222222222
142,200,0.3333333333333333,0.3333333333333333,0.3333333333333333,0.3333333333333333,0.5,0.5,0.5,0.5,0.6666666666666666,0.4444444444444444,0.3333333333333333,0.2222222222222222
142,500,0.3333333333333333,0.3333333333333333,0.3333333333333333,0.3333333333333333,0.5,0.5,0.5,0.5,0.6666666666666666,0.4444444444444444,0.3333333333333333,0.2222222222222222
142,1000,0.3333333333333333,0.3333333333333333,0.3333333333333333,0.3333333333333333,0.5,0.5,0.5,0.5,0.6666666666666666,0.4444444444444444,0.3333333333333333,0.2222222222222222
142,1500,0.3333333333333333,0.3333333333333333,0.3333333333333333,0.3333333333333333,0.5,0.5,0.5,0.5,0.6666666666666666,0.4444444444444444,0.6666666666666666,0.4444444444444444
143,20,0.5,0.4444444444444444,0.3333333333333333,0.2222222222222222,1.0,1.0,0.0,0.0,0.5,0.5,0.5,0.5
143,50,0.5,0.4444444444444444,0.5,0.38888888888888884,1.0,1.0,0.8333333333333334,0.7777777777777777,0.5,0.5,0.16666666666666666,0.16666666666666666
143,100,0.5,0.4444444444444444,0.16666666666666666,0.13333333333333333,1.0,1.0,0.6666666666666666,0.6,0.5,0.5,0.16666666666666666,0.16666666666666666
143,200,0.5,0.4444444444444444,0.16666666666666666,0.13333333333333333,1.0,1.0,0.6666666666666666,0.6,0.5,0.5,0.16666666666666666,0.13333333333333333
143,500,0.5,0.4444444444444444,0.16666666666666666,0.16666666666666666,1.0,1.0,1.0,1.0,0.5,0.5,0.5,0.5
143,1000,0.5,0.4444444444444444,0.5,0.4444444444444444,1.0,1.0,1.0,1.0,0.5,0.5,0.5,0.5
143,1500,0.5,0.4444444444444444,0.5,0.4444444444444444,1.0,1.0,1.0,1.0,0.5,0.5,0.5,0.5
144,20,0.8333333333333334,0.7777777777777777,0.5,0.38888888888888884,1.0,1.0,0.8333333333333334,0.7777777777777777,1.0,1.0,0.5,0.38888888888888884
144,50,0.8333333333333334,0.7777777777777777,0.8333333333333334,0.7777777777777777,1.0,1.0,0.6666666666666666,0.5555555555555555,1.0,1.0,0.5,0.38888888888888884
144,100,0.8333333333333334,0.7777777777777777,0.8333333333333334,0.7777777777777777,1.0,1.0,1.0,1.0,1.0,1.0,1.0,1.0
144,200,0.8333333333333334,0.7777777777777777,0.8333333333333334,0.7777777777777777,1.0,1.0,1.0,1.0,1.0,1.0,0.8333333333333334,0.7777777777777777
144,500,0.8333333333333334,0.7777777777777777,0.8333333333333334,0.7777777777777777,1.0,1.0,1.0,1.0,1.0,1.0,0.8333333333333334,0.7777777777777777
144,1000,0.8333333333333334,0.7777777777777777,0.8333333333333334,0.7777777777777777,1.0,1.0,1.0,1.0,1.0,1.0,1.0,1.0
144,1500,0.8333333333333334,0.7777777777777777,0.8333333333333334,0.7777777777777777,1.0,1.0,1.0,1.0,1.0,1.0,1.0,1.0
145,20,0.6666666666666666,0.5,0.8333333333333334,0.7777777777777777,0.6666666666666666,0.4444444444444444,0.6666666666666666,0.6,0.6666666666666666,0.5,0.6666666666666666,0.4444444444444444
145,50,0.6666666666666666,0.5,0.8333333333333334,0.7777777777777777,0.6666666666666666,0.4444444444444444,0.5,0.5,0.6666666666666666,0.5,0.6666666666666666,0.5
145,100,0.6666666666666666,0.5,0.6666666666666666,0.4444444444444444,0.6666666666666666,0.4444444444444444,0.8333333333333334,0.7777777777777777,0.6666666666666666,0.5,0.6666666666666666,0.5
145,200,0.6666666666666666,0.5,0.6666666666666666,0.5,0.6666666666666666,0.4444444444444444,0.6666666666666666,0.5,0.6666666666666666,0.5,0.6666666666666666,0.4444444444444444
145,500,0.6666666666666666,0.5,0.6666666666666666,0.5,0.6666666666666666,0.4444444444444444,0.6666666666666666,0.4444444444444444,0.6666666666666666,0.5,0.6666666666666666,0.4444444444444444
145,1000,0.6666666666666666,0.5,0.6666666666666666,0.5,0.6666666666666666,0.4444444444444444,0.6666666666666666,0.5,0.6666666666666666,0.5,0.6666666666666666,0.4444444444444444
145,1500,0.6666666666666666,0.5,0.6666666666666666,0.5,0.6666666666666666,0.4444444444444444,0.6666666666666666,0.4444444444444444,0.6666666666666666,0.5,0.6666666666666666,0.5
146,20,0.3333333333333333,0.2222222222222222,0.3333333333333333,0.13333333333333333,0.6666666666666666,0.6,0.5,0.5,0.16666666666666666,0.13333333333333333,0.5,0.5
146,50,0.3333333333333333,0.2222222222222222,0.5,0.5,0.6666666666666666,0.6,0.5,0.38888888888888884,0.16666666666666666,0.13333333333333333,0.16666666666666666,0.16666666666666666
146,100,0.3333333333333333,0.2222222222222222,0.5,0.5,0.6666666666666666,0.6,0.5,0.38888888888888884,0.16666666666666666,0.13333333333333333,0.0,0.0
146,200,0.3333333333333333,0.2222222222222222,0.16666666666666666,0.13333333333333333,0.6666666666666666,0.6,0.5,0.38888888888888884,0.16666666666666666,0.13333333333333333,0.16666666666666666,0.16666666666666666
146,500,0.3333333333333333,0.2222222222222222,0.16666666666666666,0.13333333333333333,0.6666666666666666,0.6,0.6666666666666666,0.6,0.16666666666666666,0.13333333333333333,0.16666666666666666,0.13333333333333333
146,1000,0.3333333333333333,0.2222222222222222,0.3333333333333333,0.2222222222222222,0.6666666666666666,0.6,0.6666666666666666,0.6,0.16666666666666666,0.13333333333333333,0.16666666666666666,0.16666666666666666
146,1500,0.3333333333333333,0.2222222222222222,0.3333333333333333,0.2222222222222222,0.6666666666666666,0.6,0.6666666666666666,0.6,0.16666666666666666,0.13333333333333333,0.16666666666666666,0.13333333333333333
147,20,0.8333333333333334,0.7777777777777777,0.8333333333333334,0.7777777777777777,0.8333333333333334,0.7777777777777777,0.3333333333333333,0.3333333333333333,0.8333333333333334,0.7777777777777777,0.8333333333333334,0.7777777777777777
147,50,0.8333333333333334,0.7777777777777777,0.5,0.4444444444444444,0.8333333333333334,0.7777777777777777,0.8333333333333334,0.7777777777777777,0.8333333333333334,0.7777777777777777,0.5,0.4444444444444444
147,100,0.8333333333333334,0.7777777777777777,0.5,0.4444444444444444,0.8333333333333334,0.7777777777777777,0.8333333333333334,0.7777777777777777,0.8333333333333334,0.7777777777777777,0.8333333333333334,0.7777777777777777
147,200,0.8333333333333334,0.7777777777777777,0.8333333333333334,0.7777777777777777,0.8333333333333334,0.7777777777777777,0.8333333333333334,0.7777777777777777,0.8333333333333334,0.7777777777777777,0.8333333333333334,0.7777777777777777
147,500,0.8333333333333334,0.7777777777777777,0.8333333333333334,0.7777777777777777,0.8333333333333334,0.7777777777777777,0.8333333333333334,0.7777777777777777,0.8333333333333334,0.7777777777777777,0.8333333333333334,0.7777777777777777
147,1000,0.8333333333333334,0.7777777777777777,0.8333333333333334,0.7777777777777777,0.8333333333333334,0.7777777777777777,0.8333333333333334,0.7777777777777777,0.8333333333333334,0.7777777777777777,0.8333333333333334,0.7777777777777777
147,1500,0.8333333333333334,0.7777777777777777,0.8333333333333334,0.7777777777777777,0.8333333333333334,0.7777777777777777,0.8333333333333334,0.7777777777777777,0.8333333333333334,0.7777777777777777,0.8333333333333334,0.7777777777777777
148,20,0.16666666666666666,0.16666666666666666,0.16666666666666666,0.16666666666666666,0.0,0.0,0.3333333333333333,0.16666666666666666,0.3333333333333333,0.2222222222222222,0.16666666666666666,0.13333333333333333
148,50,0.16666666666666666,0.16666666666666666,0.0,0.0,0.0,0.0,0.3333333333333333,0.16666666666666666,0.3333333333333333,0.2222222222222222,0.0,0.0
148,100,0.16666666666666666,0.16666666666666666,0.0,0.0,0.0,0.0,0.3333333333333333,0.16666666666666666,0.3333333333333333,0.2222222222222222,0.0,0.0
148,200,0.16666666666666666,0.16666666666666666,0.0,0.0,0.0,0.0,0.0,0.0,0.3333333333333333,0.2222222222222222,0.0,0.0
148,500,0.16666666666666666,0.16666666666666666,0.0,0.0,0.0,0.0,0.0,0.0,0.3333333333333333,0.2222222222222222,0.3333333333333333,0.2222222222222222
148,1000,0.16666666666666666,0.16666666666666666,0.0,0.0,0.0,0.0,0.0,0.0,0.3333333333333333,0.2222222222222222,0.3333333333333333,0.2222222222222222
148,1500,0.16666666666666666,0.16666666666666666,0.16666666666666666,0.16666666666666666,0.0,0.0,0.0,0.0,0.3333333333333333,0.2222222222222222,0.3333333333333333,0.2222222222222222
149,20,0.5,0.38888888888888884,0.3333333333333333,0.2222222222222222,0.5,0.5,0.8333333333333334,0.7777777777777777,0.3333333333333333,0.26666666666666666,0.3333333333333333,0.2222222222222222
149,50,0.5,0.38888888888888884,0.5,0.38888888888888884,0.5,0.5,0.8333333333333334,0.7777777777777777,0.3333333333333333,0.26666666666666666,0.16666666666666666,0.13333333333333333
149,100,0.5,0.38888888888888884,0.16666666666666666,0.13333333333333333,0.5,0.5,0.5,0.4444444444444444,0.3333333333333333,0.26666666666666666,0.0,0.0
149,200,0.5,0.38888888888888884,0.5,0.38888888888888884,0.5,0.5,0.5,0.5,0.3333333333333333,0.26666666666666666,0.16666666666666666,0.13333333333333333
149,500,0.5,0.38888888888888884,0.5,0.38888888888888884,0.5,0.5,0.5,0.5,0.3333333333333333,0.26666666666666666,0.3333333333333333,0.26666666666666666
149,1000,0.5,0.38888888888888884,0.5,0.38888888888888884,0.5,0.5,0.5,0.5,0.3333333333333333,0.26666666666666666,0.3333333333333333,0.26666666666666666
149,1500,0.5,0.38888888888888884,0.5,0.38888888888888884,0.5,0.5,0.5,0.5,0.3333333333333333,0.26666666666666666,0.3333333333333333,0.26666666666666666
150,20,0.3333333333333333,0.16666666666666666,0.5,0.38888888888888884,0.5,0.38888888888888884,0.6666666666666666,0.6,0.3333333333333333,0.16666666666666666,0.5,0.5
150,50,0.3333333333333333,0.16666666666666666,0.5,0.38888888888888884,0.5,0.38888888888888884,0.5,0.38888888888888884,0.3333333333333333,0.16666666666666666,0.5,0.38888888888888884
150,100,0.3333333333333333,0.16666666666666666,0.3333333333333333,0.16666666666666666,0.5,0.38888888888888884,0.5,0.38888888888888884,0.3333333333333333,0.16666666666666666,0.6666666666666666,0.6
150,200,0.3333333333333333,0.16666666666666666,0.3333333333333333,0.16666666666666666,0.5,0.38888888888888884,0.5,0.38888888888888884,0.3333333333333333,0.16666666666666666,0.5,0.38888888888888884
150,500,0.3333333333333333,0.16666666666666666,0.3333333333333333,0.16666666666666666,0.5,0.38888888888888884,0.5,0.38888888888888884,0.3333333333333333,0.16666666666666666,0.3333333333333333,0.16666666666666666
150,1000,0.3333333333333333,0.16666666666666666,0.3333333333333333,0.16666666666666666,0.5,0.38888888888888884,0.5,0.38888888888888884,0.3333333333333333,0.16666666666666666,0.3333333333333333,0.16666666666666666
150,1500,0.3333333333333333,0.16666666666666666,0.3333333333333333,0.16666666666666666,0.5,0.38888888888888884,0.5,0.38888888888888884,0.3333333333333333,0.16666666666666666,0.3333333333333333,0.16666666666666666
151,20,0.16666666666666666,0.13333333333333333,0.0,0.0,0.16666666666666666,0.16666666666666666,0.0,0.0,0.5,0.5,0.3333333333333333,0.2222222222222222
151,50,0.16666666666666666,0.13333333333333333,0.16666666666666666,0.13333333333333333,0.16666666666666666,0.16666666666666666,0.0,0.0,0.5,0.5,0.0,0.0
151,100,0.16666666666666666,0.13333333333333333,0.16666666666666666,0.13333333333333333,0.16666666666666666,0.16666666666666666,0.0,0.0,0.5,0.5,0.3333333333333333,0.3333333333333333
151,200,0.16666666666666666,0.13333333333333333,0.16666666666666666,0.13333333333333333,0.16666666666666666,0.16666666666666666,0.16666666666666666,0.16666666666666666,0.5,0.5,0.5,0.5
151,500,0.16666666666666666,0.13333333333333333,0.16666666666666666,0.13333333333333333,0.16666666666666666,0.16666666666666666,0.16666666666666666,0.16666666666666666,0.5,0.5,0.5,0.5
151,1000,0.16666666666666666,0.13333333333333333,0.16666666666666666,0.13333333333333333,0.16666666666666666,0.16666666666666666,0.16666666666666666,0.16666666666666666,0.5,0.5,0.5,0.5
151,1500,0.16666666666666666,0.13333333333333333,0.16666666666666666,0.13333333333333333,0.16666666666666666,0.16666666666666666,0.16666666666666666,0.16666666666666666,0.5,0.5,0.5,0.5
152,20,0.8333333333333334,0.7777777777777777,0.8333333333333334,0.7777777777777777,0.8333333333333334,0.7777777777777777,0.5,0.38888888888888884,0.8333333333333334,0.7777777777777777,0.5,0.4444444444444444
152,50,0.8333333333333334,0.7777777777777777,0.8333333333333334,0.7777777777777777,0.8333333333333334,0.7777777777777777,0.6666666666666666,0.5,0.8333333333333334,0.7777777777777777,0.5,0.4444444444444444
152,100,0.8333333333333334,0.7777777777777777,0.8333333333333334,0.7777777777777777,0.8333333333333334,0.7777777777777777,0.8333333333333334,0.7777777777777777,0.8333333333333334,0.7777777777777777,0.5,0.5
152,200,0.8333333333333334,0.7777777777777777,0.8333333333333334,0.7777777777777777,0.8333333333333334,0.7777777777777777,0.8333333333333334,0.7777777777777777,0.8333333333333334,0.7777777777777777,0.8333333333333334,0.7777777777777777
152,500,0.8333333333333334,0.7777777777777777,0.8333333333333334,0.7777777777777777,0.8333333333333334,0.7777777777777777,0.8333333333333334,0.7777777777777777,0.8333333333333334,0.7777777777777777,0.8333333333333334,0.7777777777777777
152,1000,0.8333333333333334,0.7777777777777777,0.8333333333333334,0.7777777777777777,0.8333333333333334,0.7777777777777777,0.8333333333333334,0.7777777777777777,0.8333333333333334,0.7777777777777777,0.8333333333333334,0.7777777777777777
152,1500,0.8333333333333334,0.7777777777777777,0.8333333333333334,0.7777777777777777,0.8333333333333334,0.7777777777777777,0.8333333333333334,0.7777777777777777,0.8333333333333334,0.7777777777777777,0.8333333333333334,0.7777777777777777
153,20,0.5,0.5,0.16666666666666666,0.16666666666666666,0.5,0.4444444444444444,0.6666666666666666,0.5,0.5,0.4444444444444444,0.5,0.38888888888888884
153,50,0.5,0.5,0.5,0.4444444444444444,0.5,0.4444444444444444,0.5,0.4444444444444444,0.5,0.4444444444444444,0.16666666666666666,0.2222222222222222
153,100,0.5,0.5,0.5,0.5,0.5,0.4444444444444444,0.5,0.4444444444444444,0.5,0.4444444444444444,0.5,0.4444444444444444
153,200,0.5,0.5,0.5,0.4444444444444444,0.5,0.4444444444444444,0.5,0.4444444444444444,0.5,0.4444444444444444,0.16666666666666666,0.16666666666666666
153,500,0.5,0.5,0.5,0.5,0.5,0.4444444444444444,0.5,0.4444444444444444,0.5,0.4444444444444444,0.5,0.5
153,1000,0.5,0.5,0.5,0.5,0.5,0.4444444444444444,0.5,0.4444444444444444,0.5,0.4444444444444444,0.5,0.4444444444444444
153,1500,0.5,0.5,0.5,0.5,0.5,0.4444444444444444,0.5,0.4444444444444444,0.5,0.4444444444444444,0.5,0.4444444444444444
154,20,0.6666666666666666,0.5,0.6666666666666666,0.5,0.3333333333333333,0.2222222222222222,0.3333333333333333,0.16666666666666666,0.8333333333333334,0.7777777777777777,0.5,0.5
154,50,0.6666666666666666,0.5,0.6666666666666666,0.5,0.3333333333333333,0.2222222222222222,0.6666666666666666,0.4444444444444444,0.8333333333333334,0.7777777777777777,0.8333333333333334,0.7777777777777777
154,100,0.6666666666666666,0.5,0.6666666666666666,0.5,0.3333333333333333,0.2222222222222222,0.8333333333333334,0.7777777777777777,0.8333333333333334,0.7777777777777777,0.8333333333333334,0.7777777777777777
154,200,0.6666666666666666,0.5,0.6666666666666666,0.5,0.3333333333333333,0.2222222222222222,0.8333333333333334,0.7777777777777777,0.8333333333333334,0.7777777777777777,0.8333333333333334,0.7777777777777777
154,500,0.6666666666666666,0.5,0.6666666666666666,0.5,0.3333333333333333,0.2222222222222222,0.5,0.38888888888888884,0.8333333333333334,0.7777777777777777,0.8333333333333334,0.7777777777777777
154,1000,0.6666666666666666,0.5,0.6666666666666666,0.5,0.3333333333333333,0.2222222222222222,0.5,0.38888888888888884,0.8333333333333334,0.7777777777777777,0.8333333333333334,0.7777777777777777
154,1500,0.6666666666666666,0.5,0.6666666666666666,0.5,0.3333333333333333,0.2222222222222222,0.3333333333333333,0.2222222222222222,0.8333333333333334,0.7777777777777777,0.8333333333333334,0.7777777777777777
155,20,0.5,0.38888888888888884,0.16666666666666666,0.13333333333333333,0.5,0.5,0.16666666666666666,0.16666666666666666,0.5,0.4444444444444444,0.16666666666666666,0.13333333333333333
155,50,0.5,0.38888888888888884,0.3333333333333333,0.2222222222222222,0.5,0.5,0.3333333333333333,0.26666666666666666,0.5,0.4444444444444444,0.16666666666666666,0.16666666666666666
155,100,0.5,0.38888888888888884,0.3333333333333333,0.26666666666666666,0.5,0.5,0.5,0.5,0.5,0.4444444444444444,0.16666666666666666,0.16666666666666666
155,200,0.5,0.38888888888888884,0.16666666666666666,0.16666666666666666,0.5,0.5,0.5,0.5,0.5,0.4444444444444444,0.16666666666666666,0.16666666666666666
155,500,0.5,0.38888888888888884,0.5,0.38888888888888884,0.5,0.5,0.5,0.5,0.5,0.4444444444444444,0.16666666666666666,0.16666666666666666
155,1000,0.5,0.38888888888888884,0.5,0.38888888888888884,0.5,0.5,0.5,0.5,0.5,0.4444444444444444,0.16666666666666666,0.16666666666666666
155,1500,0.5,0.38888888888888884,0.5,0.38888888888888884,0.5,0.5,0.5,0.5,0.5,0.4444444444444444,0.16666666666666666,0.16666666666666666
156,20,0.3333333333333333,0.2222222222222222,0.3333333333333333,0.13333333333333333,0.3333333333333333,0.2222222222222222,0.16666666666666666,0.2222222222222222,0.3333333333333333,0.26666666666666666,0.3333333333333333,0.2222222222222222
156,50,0.3333333333333333,0.2222222222222222,0.0,0.0,0.3333333333333333,0.2222222222222222,0.16666666666666666,0.2222222222222222,0.3333333333333333,0.26666666666666666,0.3333333333333333,0.26666666666666666
156,100,0.3333333333333333,0.2222222222222222,0.3333333333333333,0.26666666666666666,0.3333333333333333,0.2222222222222222,0.3333333333333333,0.26666666666666666,0.3333333333333333,0.26666666666666666,0.3333333333333333,0.3333333333333333
156,200,0.3333333333333333,0.2222222222222222,0.16666666666666666,0.16666666666666666,0.3333333333333333,0.2222222222222222,0.3333333333333333,0.26666666666666666,0.3333333333333333,0.26666666666666666,0.3333333333333333,0.3333333333333333
156,500,0.3333333333333333,0.2222222222222222,0.16666666666666666,0.13333333333333333,0.3333333333333333,0.2222222222222222,0.3333333333333333,0.2222222222222222,0.3333333333333333,0.26666666666666666,0.3333333333333333,0.26666666666666666
156,1000,0.3333333333333333,0.2222222222222222,0.3333333333333333,0.2222222222222222,0.3333333333333333,0.2222222222222222,0.3333333333333333,0.2222222222222222,0.3333333333333333,0.26666666666666666,0.3333333333333333,0.26666666666666666
156,1500,0.3333333333333333,0.2222222222222222,0.3333333333333333,0.2222222222222222,0.3333333333333333,0.2222222222222222,0.3333333333333333,0.2222222222222222,0.3333333333333333,0.26666666666666666,0.3333333333333333,0.26666666666666666
157,20,0.6666666666666666,0.5555555555555555,0.3333333333333333,0.26666666666666666,0.6666666666666666,0.5555555555555555,0.5,0.38888888888888884,0.6666666666666666,0.5555555555555555,0.6666666666666666,0.5555555555555555
157,50,0.6666666666666666,0.5555555555555555,0.6666666666666666,0.5555555555555555,0.6666666666666666,0.5555555555555555,0.6666666666666666,0.5555555555555555,0.6666666666666666,0.5555555555555555,0.6666666666666666,0.5555555555555555
157,100,0.6666666666666666,0.5555555555555555,0.6666666666666666,0.5555555555555555,0.6666666666666666,0.5555555555555555,0.6666666666666666,0.5555555555555555,0.6666666666666666,0.5555555555555555,0.6666666666666666,0.5555555555555555
157,200,0.6666666666666666,0.5555555555555555,0.6666666666666666,0.5555555555555555,0.6666666666666666,0.5555555555555555,0.6666666666666666,0.5555555555555555,0.6666666666666666,0.5555555555555555,0.6666666666666666,0.5555555555555555
157,500,0.6666666666666666,0.5555555555555555,0.6666666666666666,0.5555555555555555,0.6666666666666666,0.5555555555555555,0.6666666666666666,0.5555555555555555,0.6666666666666666,0.5555555555555555,0.6666666666666666,0.5555555555555555
157,1000,0.6666666666666666,0.5555555555555555,0.6666666666666666,0.5555555555555555,0.6666666666666666,0.5555555555555555,0.6666666666666666,0.5555555555555555,0.6666666666666666,0.5555555555555555,0.6666666666666666,0.5555555555555555
157,1500,0.6666666666666666,0.5555555555555555,0.6666666666666666,0.5555555555555555,0.6666666666666666,0.5555555555555555,0.6666666666666666,0.5555555555555555,0.6666666666666666,0.5555555555555555,0.6666666666666666,0.5555555555555555
158,20,0.5,0.38888888888888884,0.5,0.5,0.8333333333333334,0.7777777777777777,0.0,0.0,0.8333333333333334,0.7777777777777777,0.5,0.5
158,50,0.5,0.38888888888888884,0.5,0.38888888888888884,0.8333333333333334,0.7777777777777777,0.3333333333333333,0.2222222222222222,0.8333333333333334,0.7777777777777777,0.5,0.5
158,100,0.5,0.38888888888888884,0.5,0.38888888888888884,0.8333333333333334,0.7777777777777777,0.8333333333333334,0.7777777777777777,0.8333333333333334,0.7777777777777777,0.5,0.5
158,200,0.5,0.38888888888888884,0.5,0.38888888888888884,0.8333333333333334,0.7777777777777777,0.5,0.38888888888888884,0.8333333333333334,0.7777777777777777,0.8333333333333334,0.7777777777777777
158,500,0.5,0.38888888888888884,0.5,0.38888888888888884,0.8333333333333334,0.7777777777777777,0.8333333333333334,0.7777777777777777,0.8333333333333334,0.7777777777777777,0.8333333333333334,0.7777777777777777
158,1000,0.5,0.38888888888888884,0.5,0.38888888888888884,0.8333333333333334,0.7777777777777777,0.8333333333333334,0.7777777777777777,0.8333333333333334,0.7777777777777777,0.8333333333333334,0.7777777777777777
158,1500,0.5,0.38888888888888884,0.5,0.38888888888888884,0.8333333333333334,0.7777777777777777,0.8333333333333334,0.7777777777777777,0.8333333333333334,0.7777777777777777,0.8333333333333334,0.7777777777777777
159,20,0.16666666666666666,0.16666666666666666,0.16666666666666666,0.13333333333333333,0.16666666666666666,0.16666666666666666,0.16666666666666666,0.16666666666666666,0.16666666666666666,0.16666666666666666,0.16666666666666666,0.16666666666666666
159,50,0.16666666666666666,0.16666666666666666,0.16666666666666666,0.13333333333333333,0.16666666666666666,0.16666666666666666,0.16666666666666666,0.16666666666666666,0.16666666666666666,0.16666666666666666,0.16666666666666666,0.16666666666666666
159,100,0.16666666666666666,0.16666666666666666,0.16666666666666666,0.13333333333333333,0.16666666666666666,0.16666666666666666,0.16666666666666666,0.16666666666666666,0.16666666666666666,0.16666666666666666,0.16666666666666666,0.16666666666666666
159,200,0.16666666666666666,0.16666666666666666,0.5,0.38888888888888884,0.16666666666666666,0.16666666666666666,0.16666666666666666,0.16666666666666666,0.16666666666666666,0.16666666666666666,0.16666666666666666,0.16666666666666666
159,500,0.16666666666666666,0.16666666666666666,0.16666666666666666,0.16666666666666666,0.16666666666666666,0.16666666666666666,0.16666666666666666,0.16666666666666666,0.16666666666666666,0.16666666666666666,0.16666666666666666,0.16666666666666666
159,1000,0.16666666666666666,0.16666666666666666,0.16666666666666666,0.16666666666666666,0.16666666666666666,0.16666666666666666,0.16666666666666666,0.16666666666666666,0.16666666666666666,0.16666666666666666,0.16666666666666666,0.16666666666666666
159,1500,0.16666666666666666,0.16666666666666666,0.16666666666666666,0.16666666666666666,0.16666666666666666,0.16666666666666666,0.16666666666666666,0.16666666666666666,0.16666666666666666,0.16666666666666666,0.16666666666666666,0.16666666666666666
160,20,0.3333333333333333,0.13333333333333333,0.3333333333333333,0.3333333333333333,0.6666666666666666,0.4444444444444444,0.6666666666666666,0.4444444444444444,0.16666666666666666,0.2222222222222222,0.0,0.0
160,50,0.3333333333333333,0.13333333333333333,0.16666666666666666,0.13333333333333333,0.6666666666666666,0.4444444444444444,0.3333333333333333,0.2222222222222222,0.16666666666666666,0.2222222222222222,0.16666666666666666,0.2222222222222222
160,100,0.3333333333333333,0.13333333333333333,0.0,0.0,0.6666666666666666,0.4444444444444444,0.3333333333333333,0.16666666666666666,0.16666666666666666,0.2222222222222222,0.16666666666666666,0.2222222222222222
160,200,0.3333333333333333,0.13333333333333333,0.0,0.0,0.6666666666666666,0.4444444444444444,0.3333333333333333,0.16666666666666666,0.16666666666666666,0.2222222222222222,0.16666666666666666,0.2222222222222222
160,500,0.3333333333333333,0.13333333333333333,0.0,0.0,0.6666666666666666,0.4444444444444444,0.3333333333333333,0.16666666666666666,0.16666666666666666,0.2222222222222222,0.16666666666666666,0.2222222222222222
160,1000,0.3333333333333333,0.13333333333333333,0.3333333333333333,0.13333333333333333,0.6666666666666666,0.4444444444444444,0.6666666666666666,0.4444444444444444,0.16666666666666666,0.2222222222222222,0.16666666666666666,0.2222222222222222
160,1500,0.3333333333333333,0.13333333333333333,0.3333333333333333,0.13333333333333333,0.6666666666666666,0.4444444444444444,0.6666666666666666,0.4444444444444444,0.16666666666666666,0.2222222222222222,0.16666666666666666,0.2222222222222222
161,20,0.5,0.38888888888888884,0.3333333333333333,0.2222222222222222,0.5,0.38888888888888884,0.16666666666666666,0.13333333333333333,0.3333333333333333,0.13333333333333333,0.3333333333333333,0.2222222222222222
161,50,0.5,0.38888888888888884,0.3333333333333333,0.2222222222222222,0.5,0.38888888888888884,0.16666666666666666,0.13333333333333333,0.3333333333333333,0.13333333333333333,0.0,0.0
161,100,0.5,0.38888888888888884,0.3333333333333333,0.2222222222222222,0.5,0.38888888888888884,0.5,0.38888888888888884,0.3333333333333333,0.13333333333333333,0.0,0.0
161,200,0.5,0.38888888888888884,0.3333333333333333,0.2222222222222222,0.5,0.38888888888888884,0.5,0.38888888888888884,0.3333333333333333,0.13333333333333333,0.3333333333333333,0.16666666666666666
161,500,0.5,0.38888888888888884,0.5,0.38888888888888884,0.5,0.38888888888888884,0.5,0.38888888888888884,0.3333333333333333,0.13333333333333333,0.3333333333333333,0.13333333333333333
161,1000,0.5,0.38888888888888884,0.5,0.38888888888888884,0.5,0.38888888888888884,0.5,0.38888888888888884,0.3333333333333333,0.13333333333333333,0.3333333333333333,0.13333333333333333
161,1500,0.5,0.38888888888888884,0.5,0.38888888888888884,0.5,0.38888888888888884,0.5,0.38888888888888884,0.3333333333333333,0.13333333333333333,0.3333333333333333,0.13333333333333333
162,20,0.5,0.4444444444444444,0.16666666666666666,0.16666666666666666,0.5,0.4444444444444444,0.6666666666666666,0.5,0.5,0.5,0.5,0.4444444444444444
162,50,0.5,0.4444444444444444,0.5,0.4444444444444444,0.5,0.4444444444444444,0.8333333333333334,0.7777777777777777,0.5,0.5,0.5,0.4444444444444444
162,100,0.5,0.4444444444444444,0.5,0.4444444444444444,0.5,0.4444444444444444,0.5,0.4444444444444444,0.5,0.5,0.5,0.5
162,200,0.5,0.4444444444444444,0.5,0.4444444444444444,0.5,0.4444444444444444,0.5,0.4444444444444444,0.5,0.5,0.5,0.4444444444444444
162,500,0.5,0.4444444444444444,0.5,0.4444444444444444,0.5,0.4444444444444444,0.5,0.4444444444444444,0.5,0.5,0.5,0.5
162,1000,0.5,0.4444444444444444,0.5,0.4444444444444444,0.5,0.4444444444444444,0.5,0.4444444444444444,0.5,0.5,0.5,0.5
162,1500,0.5,0.4444444444444444,0.5,0.4444444444444444,0.5,0.4444444444444444,0.5,0.4444444444444444,0.5,0.5,0.5,0.5
163,20,0.6666666666666666,0.5555555555555555,0.0,0.0,0.16666666666666666,0.13333333333333333,0.0,0.0,0.6666666666666666,0.6,0.3333333333333333,0.26666666666666666
163,50,0.6666666666666666,0.5555555555555555,0.5,0.4444444444444444,0.16666666666666666,0.13333333333333333,0.3333333333333333,0.2222222222222222,0.6666666666666666,0.6,0.5,0.5
163,100,0.6666666666666666,0.5555555555555555,0.6666666666666666,0.5555555555555555,0.16666666666666666,0.13333333333333333,0.16666666666666666,0.13333333333333333,0.6666666666666666,0.6,0.5,0.5
163,200,0.6666666666666666,0.5555555555555555,0.6666666666666666,0.5555555555555555,0.16666666666666666,0.13333333333333333,0.16666666666666666,0.13333333333333333,0.6666666666666666,0.6,0.5,0.5
163,500,0.6666666666666666,0.5555555555555555,0.16666666666666666,0.16666666666666666,0.16666666666666666,0.13333333333333333,0.16666666666666666,0.13333333333333333,0.6666666666666666,0.6,0.5,0.5
163,1000,0.6666666666666666,0.5555555555555555,0.6666666666666666,0.5555555555555555,0.16666666666666666,0.13333333333333333,0.16666666666666666,0.13333333333333333,0.6666666666666666,0.6,0.5,0.5
163,1500,0.6666666666666666,0.5555555555555555,0.6666666666666666,0.5555555555555555,0.16666666666666666,0.13333333333333333,0.16666666666666666,0.13333333333333333,0.6666666666666666,0.6,0.6666666666666666,0.6
164,20,0.8333333333333334,0.7777777777777777,0.6666666666666666,0.6,0.8333333333333334,0.7777777777777777,0.3333333333333333,0.2222222222222222,0.8333333333333334,0.7777777777777777,0.16666666666666666,0.13333333333333333
164,50,0.8333333333333334,0.7777777777777777,0.6666666666666666,0.6,0.8333333333333334,0.7777777777777777,0.8333333333333334,0.7777777777777777,0.8333333333333334,0.7777777777777777,0.6666666666666666,0.4444444444444444
164,100,0.8333333333333334,0.7777777777777777,0.5,0.38888888888888884,0.8333333333333334,0.7777777777777777,0.8333333333333334,0.7777777777777777,0.8333333333333334,0.7777777777777777,0.8333333333333334,0.7777777777777777
164,200,0.8333333333333334,0.7777777777777777,0.5,0.5,0.8333333333333334,0.7777777777777777,0.8333333333333334,0.7777777777777777,0.8333333333333334,0.7777777777777777,0.8333333333333334,0.7777777777777777
164,500,0.8333333333333334,0.7777777777777777,0.8333333333333334,0.7777777777777777,0.8333333333333334,0.7777777777777777,0.8333333333333334,0.7777777777777777,0.8333333333333334,0.7777777777777777,0.8333333333333334,0.7777777777777777
164,1000,0.8333333333333334,0.7777777777777777,0.5,0.5,0.8333333333333334,0.7777777777777777,0.8333333333333334,0.7777777777777777,0.8333333333333334,0.7777777777777777,0.8333333333333334,0.7777777777777777
164,1500,0.8333333333333334,0.7777777777777777,0.8333333333333334,0.7777777777777777,0.8333333333333334,0.7777777777777777,0.8333333333333334,0.7777777777777777,0.8333333333333334,0.7777777777777777,0.8333333333333334,0.7777777777777777
165,20,0.6666666666666666,0.5,0.6666666666666666,0.5,0.3333333333333333,0.2222222222222222,0.3333333333333333,0.16666666666666666,0.8333333333333334,0.7777777777777777,0.5,0.5
165,50,0.6666666666666666,0.5,0.6666666666666666,0.5,0.3333333333333333,0.2222222222222222,0.6666666666666666,0.4444444444444444,0.8333333333333334,0.7777777777777777,0.8333333333333334,0.7777777777777777
165,100,0.6666666666666666,0.5,0.6666666666666666,0.5,0.3333333333333333,0.2222222222222222,0.8333333333333334,0.7777777777777777,0.8333333333333334,0.7777777777777777,0.8333333333333334,0.7777777777777777
165,200,0.6666666666666666,0.5,0.6666666666666666,0.5,0.3333333333333333,0.2222222222222222,0.8333333333333334,0.7777777777777777,0.8333333333333334,0.7777777777777777,0.8333333333333334,0.7777777777777777
165,500,0.6666666666666666,0.5,0.6666666666666666,0.5,0.3333333333333333,0.2222222222222222,0.5,0.38888888888888884,0.8333333333333334,0.7777777777777777,0.8333333333333334,0.7777777777777777
165,1000,0.6666666666666666,0.5,0.6666666666666666,0.5,0.3333333333333333,0.2222222222222222,0.5,0.38888888888888884,0.8333333333333334,0.7777777777777777,0.8333333333333334,0.7777777777777777
165,1500,0.6666666666666666,0.5,0.6666666666666666,0.5,0.3333333333333333,0.2222222222222222,0.3333333333333333,0.2222222222222222,0.8333333333333334,0.7777777777777777,0.8333333333333334,0.7777777777777777
166,20,0.8333333333333334,0.7777777777777777,0.3333333333333333,0.16666666666666666,0.8333333333333334,0.7777777777777777,0.3333333333333333,0.2222222222222222,0.6666666666666666,0.5,0.5,0.4444444444444444
166,50,0.8333333333333334,0.7777777777777777,1.0,1.0,0.8333333333333334,0.7777777777777777,0.3333333333333333,0.2222222222222222,0.6666666666666666,0.5,0.6666666666666666,0.5
166,100,0.8333333333333334,0.7777777777777777,0.6666666666666666,0.4444444444444444,0.8333333333333334,0.7777777777777777,0.8333333333333334,0.7777777777777777,0.6666666666666666,0.5,0.6666666666666666,0.5
166,200,0.8333333333333334,0.7777777777777777,0.8333333333333334,0.7777777777777777,0.8333333333333334,0.7777777777777777,0.8333333333333334,0.7777777777777777,0.6666666666666666,0.5,0.6666666666666666,0.5
166,500,0.8333333333333334,0.7777777777777777,0.8333333333333334,0.7777777777777777,0.8333333333333334,0.7777777777777777,0.8333333333333334,0.7777777777777777,0.6666666666666666,0.5,0.6666666666666666,0.5
166,1000,0.8333333333333334,0.7777777777777777,0.8333333333333334,0.7777777777777777,0.8333333333333334,0.7777777777777777,0.8333333333333334,0.7777777777777777,0.6666666666666666,0.5,0.6666666666666666,0.5
166,1500,0.8333333333333334,0.7777777777777777,0.8333333333333334,0.7777777777777777,0.8333333333333334,0.7777777777777777,0.8333333333333334,0.7777777777777777,0.6666666666666666,0.5,0.6666666666666666,0.5
167,20,0.5,0.38888888888888884,0.0,0.0,0.5,0.38888888888888884,0.16666666666666666,0.16666666666666666,0.5,0.4444444444444444,0.16666666666666666,0.16666666666666666
167,50,0.5,0.38888888888888884,0.3333333333333333,0.3333333333333333,0.5,0.38888888888888884,0.6666666666666666,0.6,0.5,0.4444444444444444,0.16666666666666666,0.2222222222222222
167,100,0.5,0.38888888888888884,0.3333333333333333,0.3333333333333333,0.5,0.38888888888888884,1.0,1.0,0.5,0.4444444444444444,0.16666666666666666,0.2222222222222222
167,200,0.5,0.38888888888888884,0.3333333333333333,0.3333333333333333,0.5,0.38888888888888884,0.6666666666666666,0.5555555555555555,0.5,0.4444444444444444,0.5,0.4444444444444444
167,500,0.5,0.38888888888888884,0.5,0.38888888888888884,0.5,0.38888888888888884,0.6666666666666666,0.5555555555555555,0.5,0.4444444444444444,0.5,0.4444444444444444
167,1000,0.5,0.38888888888888884,0.5,0.38888888888888884,0.5,0.38888888888888884,0.5,0.38888888888888884,0.5,0.4444444444444444,0.5,0.4444444444444444
167,1500,0.5,0.38888888888888884,0.5,0.38888888888888884,0.5,0.38888888888888884,0.5,0.38888888888888884,0.5,0.4444444444444444,0.5,0.4444444444444444
168,20,0.5,0.4444444444444444,0.5,0.38888888888888884,0.5,0.4444444444444444,0.5,0.4444444444444444,0.16666666666666666,0.2222222222222222,0.0,0.0
168,50,0.5,0.4444444444444444,0.5,0.4444444444444444,0.5,0.4444444444444444,0.3333333333333333,0.2222222222222222,0.16666666666666666,0.2222222222222222,0.0,0.0
168,100,0.5,0.4444444444444444,0.5,0.5,0.5,0.4444444444444444,0.3333333333333333,0.2222222222222222,0.16666666666666666,0.2222222222222222,0.16666666666666666,0.2222222222222222
168,200,0.5,0.4444444444444444,0.5,0.4444444444444444,0.5,0.4444444444444444,0.5,0.4444444444444444,0.16666666666666666,0.2222222222222222,0.16666666666666666,0.2222222222222222
168,500,0.5,0.4444444444444444,0.5,0.4444444444444444,0.5,0.4444444444444444,0.5,0.4444444444444444,0.16666666666666666,0.2222222222222222,0.16666666666666666,0.2222222222222222
168,1000,0.5,0.4444444444444444,0.5,0.4444444444444444,0.5,0.4444444444444444,0.5,0.4444444444444444,0.16666666666666666,0.2222222222222222,0.16666666666666666,0.2222222222222222
168,1500,0.5,0.4444444444444444,0.5,0.4444444444444444,0.5,0.4444444444444444,0.5,0.4444444444444444,0.16666666666666666,0.2222222222222222,0.16666666666666666,0.2222222222222222
169,20,0.5,0.38888888888888884,0.3333333333333333,0.26666666666666666,0.16666666666666666,0.16666666666666666,0.3333333333333333,0.26666666666666666,0.16666666666666666,0.16666666666666666,0.16666666666666666,0.16666666666666666
169,50,0.5,0.38888888888888884,0.0,0.0,0.16666666666666666,0.16666666666666666,0.16666666666666666,0.16666666666666666,0.16666666666666666,0.16666666666666666,0.16666666666666666,0.16666666666666666
169,100,0.5,0.38888888888888884,0.3333333333333333,0.16666666666666666,0.16666666666666666,0.16666666666666666,0.16666666666666666,0.16666666666666666,0.16666666666666666,0.16666666666666666,0.5,0.38888888888888884
169,200,0.5,0.38888888888888884,0.5,0.38888888888888884,0.16666666666666666,0.16666666666666666,0.16666666666666666,0.16666666666666666,0.16666666666666666,0.16666666666666666,0.5,0.38888888888888884
169,500,0.5,0.38888888888888884,0.5,0.38888888888888884,0.16666666666666666,0.16666666666666666,0.16666666666666666,0.16666666666666666,0.16666666666666666,0.16666666666666666,0.16666666666666666,0.16666666666666666
169,1000,0.5,0.38888888888888884,0.5,0.38888888888888884,0.16666666666666666,0.16666666666666666,0.16666666666666666,0.16666666666666666,0.16666666666666666,0.16666666666666666,0.16666666666666666,0.16666666666666666
169,1500,0.5,0.38888888888888884,0.5,0.38888888888888884,0.16666666666666666,0.16666666666666666,0.16666666666666666,0.16666666666666666,0.16666666666666666,0.16666666666666666,0.16666666666666666,0.16666666666666666
170,20,0.3333333333333333,0.16666666666666666,0.3333333333333333,0.3333333333333333,0.3333333333333333,0.2222222222222222,0.6666666666666666,0.5,0.5,0.38888888888888884,0.5,0.38888888888888884
170,50,0.3333333333333333,0.16666666666666666,0.0,0.0,0.3333333333333333,0.2222222222222222,0.6666666666666666,0.4444444444444444,0.5,0.38888888888888884,0.5,0.38888888888888884
170,100,0.3333333333333333,0.16666666666666666,0.3333333333333333,0.2222222222222222,0.3333333333333333,0.2222222222222222,0.3333333333333333,0.16666666666666666,0.5,0.38888888888888884,0.5,0.38888888888888884
170,200,0.3333333333333333,0.16666666666666666,0.3333333333333333,0.2222222222222222,0.3333333333333333,0.2222222222222222,0.3333333333333333,0.2222222222222222,0.5,0.38888888888888884,0.5,0.38888888888888884
170,500,0.3333333333333333,0.16666666666666666,0.3333333333333333,0.2222222222222222,0.3333333333333333,0.2222222222222222,0.6666666666666666,0.4444444444444444,0.5,0.38888888888888884,0.5,0.38888888888888884
170,1000,0.3333333333333333,0.16666666666666666,0.3333333333333333,0.16666666666666666,0.3333333333333333,0.2222222222222222,0.3333333333333333,0.2222222222222222,0.5,0.38888888888888884,0.3333333333333333,0.13333333333333333
170,1500,0.3333333333333333,0.16666666666666666,0.3333333333333333,0.16666666666666666,0.3333333333333333,0.2222222222222222,0.3333333333333333,0.2222222222222222,0.5,0.38888888888888884,0.5,0.38888888888888884
171,20,0.0,0.0,0.0,0.0,0.0,0.0,0.0,0.0,0.0,0.0,0.3333333333333333,0.2222222222222222
171,50,0.0,0.0,0.0,0.0,0.0,0.0,0.0,0.0,0.0,0.0,0.0,0.0
171,100,0.0,0.0,0.0,0.0,0.0,0.0,0.16666666666666666,0.16666666666666666,0.0,0.0,0.0,0.0
171,200,0.0,0.0,0.0,0.0,0.0,0.0,0.16666666666666666,0.16666666666666666,0.0,0.0,0.0,0.0
171,500,0.0,0.0,0.0,0.0,0.0,0.0,0.0,0.0,0.0,0.0,0.0,0.0
171,1000,0.0,0.0,0.0,0.0,0.0,0.0,0.0,0.0,0.0,0.0,0.0,0.0
171,1500,0.0,0.0,0.0,0.0,0.0,0.0,0.0,0.0,0.0,0.0,0.0,0.0
172,20,0.3333333333333333,0.3333333333333333,0.6666666666666666,0.5555555555555555,0.3333333333333333,0.2222222222222222,0.3333333333333333,0.13333333333333333,0.5,0.5,0.3333333333333333,0.13333333333333333
172,50,0.3333333333333333,0.3333333333333333,0.3333333333333333,0.16666666666666666,0.3333333333333333,0.2222222222222222,0.6666666666666666,0.5,0.5,0.5,0.6666666666666666,0.5
172,100,0.3333333333333333,0.3333333333333333,0.3333333333333333,0.2222222222222222,0.3333333333333333,0.2222222222222222,0.6666666666666666,0.5,0.5,0.5,0.6666666666666666,0.5
172,200,0.3333333333333333,0.3333333333333333,0.3333333333333333,0.3333333333333333,0.3333333333333333,0.2222222222222222,0.3333333333333333,0.2222222222222222,0.5,0.5,0.3333333333333333,0.3333333333333333
172,500,0.3333333333333333,0.3333333333333333,0.3333333333333333,0.3333333333333333,0.3333333333333333,0.2222222222222222,0.3333333333333333,0.2222222222222222,0.5,0.5,0.3333333333333333,0.3333333333333333
172,1000,0.3333333333333333,0.3333333333333333,0.5,0.5,0.3333333333333333,0.2222222222222222,0.3333333333333333,0.2222222222222222,0.5,0.5,0.5,0.5
172,1500,0.3333333333333333,0.3333333333333333,0.3333333333333333,0.3333333333333333,0.3333333333333333,0.2222222222222222,0.3333333333333333,0.2222222222222222,0.5,0.5,0.5,0.5
173,20,0.5,0.38888888888888884,0.5,0.38888888888888884,0.5,0.38888888888888884,0.0,0.0,0.5,0.38888888888888884,0.6666666666666666,0.6
173,50,0.5,0.38888888888888884,0.5,0.38888888888888884,0.5,0.38888888888888884,0.5,0.38888888888888884,0.5,0.38888888888888884,0.5,0.38888888888888884
173,100,0.5,0.38888888888888884,0.5,0.38888888888888884,0.5,0.38888888888888884,0.5,0.38888888888888884,0.5,0.38888888888888884,0.5,0.38888888888888884
173,200,0.5,0.38888888888888884,0.5,0.38888888888888884,0.5,0.38888888888888884,0.5,0.38888888888888884,0.5,0.38888888888888884,0.5,0.38888888888888884
173,500,0.5,0.38888888888888884,0.5,0.38888888888888884,0.5,0.38888888888888884,0.5,0.38888888888888884,0.5,0.38888888888888884,0.5,0.38888888888888884
173,1000,0.5,0.38888888888888884,0.5,0.38888888888888884,0.5,0.38888888888888884,0.5,0.38888888888888884,0.5,0.38888888888888884,0.5,0.38888888888888884
173,1500,0.5,0.38888888888888884,0.5,0.38888888888888884,0.5,0.38888888888888884,0.5,0.38888888888888884,0.5,0.38888888888888884,0.5,0.38888888888888884
174,20,0.5,0.38888888888888884,0.16666666666666666,0.13333333333333333,0.8333333333333334,0.7777777777777777,0.8333333333333334,0.7777777777777777,0.5,0.4444444444444444,0.5,0.38888888888888884
174,50,0.5,0.38888888888888884,0.6666666666666666,0.6,0.8333333333333334,0.7777777777777777,0.6666666666666666,0.5555555555555555,0.5,0.4444444444444444,0.5,0.38888888888888884
174,100,0.5,0.38888888888888884,0.16666666666666666,0.13333333333333333,0.8333333333333334,0.7777777777777777,1.0,1.0,0.5,0.4444444444444444,0.5,0.38888888888888884
174,200,0.5,0.38888888888888884,0.5,0.38888888888888884,0.8333333333333334,0.7777777777777777,0.8333333333333334,0.7777777777777777,0.5,0.4444444444444444,0.5,0.4444444444444444
174,500,0.5,0.38888888888888884,0.5,0.38888888888888884,0.8333333333333334,0.7777777777777777,0.8333333333333334,0.7777777777777777,0.5,0.4444444444444444,0.5,0.4444444444444444
174,1000,0.5,0.38888888888888884,0.5,0.38888888888888884,0.8333333333333334,0.7777777777777777,0.8333333333333334,0.7777777777777777,0.5,0.4444444444444444,0.5,0.4444444444444444
174,1500,0.5,0.38888888888888884,0.5,0.38888888888888884,0.8333333333333334,0.7777777777777777,0.8333333333333334,0.7777777777777777,0.5,0.4444444444444444,0.5,0.4444444444444444
175,20,0.3333333333333333,0.16666666666666666,0.3333333333333333,0.16666666666666666,0.16666666666666666,0.13333333333333333,0.0,0.0,0.5,0.38888888888888884,0.0,0.0
175,50,0.3333333333333333,0.16666666666666666,0.3333333333333333,0.2222222222222222,0.16666666666666666,0.13333333333333333,0.0,0.0,0.5,0.38888888888888884,0.0,0.0
175,100,0.3333333333333333,0.16666666666666666,0.3333333333333333,0.13333333333333333,0.16666666666666666,0.13333333333333333,0.0,0.0,0.5,0.38888888888888884,0.16666666666666666,0.13333333333333333
175,200,0.3333333333333333,0.16666666666666666,0.3333333333333333,0.13333333333333333,0.16666666666666666,0.13333333333333333,0.16666666666666666,0.13333333333333333,0.5,0.38888888888888884,0.16666666666666666,0.13333333333333333
175,500,0.3333333333333333,0.16666666666666666,0.3333333333333333,0.16666666666666666,0.16666666666666666,0.13333333333333333,0.16666666666666666,0.13333333333333333,0.5,0.38888888888888884,0.16666666666666666,0.13333333333333333
175,1000,0.3333333333333333,0.16666666666666666,0.3333333333333333,0.16666666666666666,0.16666666666666666,0.13333333333333333,0.16666666666666666,0.13333333333333333,0.5,0.38888888888888884,0.16666666666666666,0.13333333333333333
175,1500,0.3333333333333333,0.16666666666666666,0.3333333333333333,0.16666666666666666,0.16666666666666666,0.13333333333333333,0.16666666666666666,0.13333333333333333,0.5,0.38888888888888884,0.5,0.38888888888888884
176,20,0.5,0.4444444444444444,0.6666666666666666,0.5,0.5,0.4444444444444444,0.3333333333333333,0.16666666666666666,0.3333333333333333,0.2222222222222222,0.3333333333333333,0.2222222222222222
176,50,0.5,0.4444444444444444,0.5,0.38888888888888884,0.5,0.4444444444444444,0.6666666666666666,0.5555555555555555,0.3333333333333333,0.2222222222222222,0.3333333333333333,0.16666666666666666
176,100,0.5,0.4444444444444444,0.5,0.38888888888888884,0.5,0.4444444444444444,0.5,0.4444444444444444,0.3333333333333333,0.2222222222222222,0.3333333333333333,0.2222222222222222
176,200,0.5,0.4444444444444444,0.6666666666666666,0.5555555555555555,0.5,0.4444444444444444,0.5,0.4444444444444444,0.3333333333333333,0.2222222222222222,0.3333333333333333,0.2222222222222222
176,500,0.5,0.4444444444444444,0.5,0.4444444444444444,0.5,0.4444444444444444,0.5,0.4444444444444444,0.3333333333333333,0.2222222222222222,0.3333333333333333,0.2222222222222222
176,1000,0.5,0.4444444444444444,0.5,0.4444444444444444,0.5,0.4444444444444444,0.5,0.4444444444444444,0.3333333333333333,0.2222222222222222,0.3333333333333333,0.2222222222222222
176,1500,0.5,0.4444444444444444,0.5,0.4444444444444444,0.5,0.4444444444444444,0.5,0.4444444444444444,0.3333333333333333,0.2222222222222222,0.3333333333333333,0.2222222222222222
177,20,0.5,0.38888888888888884,0.16666666666666666,0.16666666666666666,0.8333333333333334,0.7777777777777777,0.3333333333333333,0.2222222222222222,0.5,0.4444444444444444,0.5,0.4444444444444444
177,50,0.5,0.38888888888888884,0.5,0.38888888888888884,0.8333333333333334,0.7777777777777777,0.8333333333333334,0.7777777777777777,0.5,0.4444444444444444,0.5,0.4444444444444444
177,100,0.5,0.38888888888888884,0.5,0.38888888888888884,0.8333333333333334,0.7777777777777777,0.8333333333333334,0.7777777777777777,0.5,0.4444444444444444,0.5,0.4444444444444444
177,200,0.5,0.38888888888888884,0.5,0.38888888888888884,0.8333333333333334,0.7777777777777777,0.8333333333333334,0.7777777777777777,0.5,0.4444444444444444,0.5,0.4444444444444444
177,500,0.5,0.38888888888888884,0.5,0.38888888888888884,0.8333333333333334,0.7777777777777777,0.8333333333333334,0.7777777777777777,0.5,0.4444444444444444,0.5,0.4444444444444444
177,1000,0.5,0.38888888888888884,0.5,0.38888888888888884,0.8333333333333334,0.7777777777777777,0.8333333333333334,0.7777777777777777,0.5,0.4444444444444444,0.5,0.4444444444444444
177,1500,0.5,0.38888888888888884,0.5,0.38888888888888884,0.8333333333333334,0.7777777777777777,0.8333333333333334,0.7777777777777777,0.5,0.4444444444444444,0.5,0.4444444444444444
178,20,0.16666666666666666,0.16666666666666666,0.5,0.38888888888888884,0.3333333333333333,0.26666666666666666,0.0,0.0,0.16666666666666666,0.16666666666666666,0.16666666666666666,0.16666666666666666
178,50,0.16666666666666666,0.16666666666666666,0.5,0.38888888888888884,0.3333333333333333,0.26666666666666666,0.0,0.0,0.16666666666666666,0.16666666666666666,0.16666666666666666,0.16666666666666666
178,100,0.16666666666666666,0.16666666666666666,0.0,0.0,0.3333333333333333,0.26666666666666666,0.16666666666666666,0.16666666666666666,0.16666666666666666,0.16666666666666666,0.16666666666666666,0.16666666666666666
178,200,0.16666666666666666,0.16666666666666666,0.16666666666666666,0.16666666666666666,0.3333333333333333,0.26666666666666666,0.6666666666666666,0.5555555555555555,0.16666666666666666,0.16666666666666666,0.16666666666666666,0.16666666666666666
178,500,0.16666666666666666,0.16666666666666666,0.0,0.0,0.3333333333333333,0.26666666666666666,0.3333333333333333,0.26666666666666666,0.16666666666666666,0.16666666666666666,0.16666666666666666,0.16666666666666666
178,1000,0.16666666666666666,0.16666666666666666,0.16666666666666666,0.16666666666666666,0.3333333333333333,0.26666666666666666,0.3333333333333333,0.26666666666666666,0.16666666666666666,0.16666666666666666,0.16666666666666666,0.16666666666666666
178,1500,0.16666666666666666,0.16666666666666666,0.16666666666666666,0.16666666666666666,0.3333333333333333,0.26666666666666666,0.3333333333333333,0.26666666666666666,0.16666666666666666,0.16666666666666666,0.16666666666666666,0.16666666666666666
179,20,0.8333333333333334,0.7777777777777777,0.8333333333333334,0.7777777777777777,0.6666666666666666,0.4444444444444444,0.3333333333333333,0.16666666666666666,0.6666666666666666,0.4444444444444444,0.3333333333333333,0.13333333333333333
179,50,0.8333333333333334,0.7777777777777777,0.5,0.5,0.6666666666666666,0.4444444444444444,0.8333333333333334,0.7777777777777777,0.6666666666666666,0.4444444444444444,0.8333333333333334,0.7777777777777777
179,100,0.8333333333333334,0.7777777777777777,0.6666666666666666,0.5,0.6666666666666666,0.4444444444444444,0.8333333333333334,0.7777777777777777,0.6666666666666666,0.4444444444444444,0.6666666666666666,0.4444444444444444
179,200,0.8333333333333334,0.7777777777777777,0.6666666666666666,0.4444444444444444,0.6666666666666666,0.4444444444444444,0.8333333333333334,0.7777777777777777,0.6666666666666666,0.4444444444444444,0.6666666666666666,0.4444444444444444
179,500,0.8333333333333334,0.7777777777777777,0.8333333333333334,0.7777777777777777,0.6666666666666666,0.4444444444444444,0.6666666666666666,0.5,0.6666666666666666,0.4444444444444444,0.6666666666666666,0.4444444444444444
179,1000,0.8333333333333334,0.7777777777777777,0.8333333333333334,0.7777777777777777,0.6666666666666666,0.4444444444444444,0.6666666666666666,0.4444444444444444,0.6666666666666666,0.4444444444444444,0.6666666666666666,0.4444444444444444
179,1500,0.8333333333333334,0.7777777777777777,0.8333333333333334,0.7777777777777777,0.6666666666666666,0.4444444444444444,0.6666666666666666,0.4444444444444444,0.6666666666666666,0.4444444444444444,0.6666666666666666,0.4444444444444444
180,20,0.0,0.0,0.3333333333333333,0.16666666666666666,0.3333333333333333,0.2222222222222222,0.0,0.0,0.16666666666666666,0.16666666666666666,0.5,0.38888888888888884
180,50,0.0,0.0,0.0,0.0,0.3333333333333333,0.2222222222222222,0.0,0.0,0.16666666666666666,0.16666666666666666,0.16666666666666666,0.13333333333333333
180,100,0.0,0.0,0.3333333333333333,0.16666666666666666,0.3333333333333333,0.2222222222222222,0.0,0.0,0.16666666666666666,0.16666666666666666,0.16666666666666666,0.13333333333333333
180,200,0.0,0.0,0.0,0.0,0.3333333333333333,0.2222222222222222,0.3333333333333333,0.2222222222222222,0.16666666666666666,0.16666666666666666,0.5,0.38888888888888884
180,500,0.0,0.0,0.0,0.0,0.3333333333333333,0.2222222222222222,0.3333333333333333,0.2222222222222222,0.16666666666666666,0.16666666666666666,0.16666666666666666,0.16666666666666666
180,1000,0.0,0.0,0.0,0.0,0.3333333333333333,0.2222222222222222,0.3333333333333333,0.2222222222222222,0.16666666666666666,0.16666666666666666,0.16666666666666666,0.16666666666666666
180,1500,0.0,0.0,0.0,0.0,0.3333333333333333,0.2222222222222222,0.3333333333333333,0.2222222222222222,0.16666666666666666,0.16666666666666666,0.16666666666666666,0.16666666666666666
181,20,0.16666666666666666,0.13333333333333333,0.3333333333333333,0.2222222222222222,0.6666666666666666,0.5555555555555555,0.5,0.38888888888888884,0.16666666666666666,0.13333333333333333,0.16666666666666666,0.13333333333333333
181,50,0.16666666666666666,0.13333333333333333,0.0,0.0,0.6666666666666666,0.5555555555555555,0.6666666666666666,0.5555555555555555,0.16666666666666666,0.13333333333333333,0.16666666666666666,0.13333333333333333
181,100,0.16666666666666666,0.13333333333333333,0.0,0.0,0.6666666666666666,0.5555555555555555,0.5,0.38888888888888884,0.16666666666666666,0.13333333333333333,0.16666666666666666,0.13333333333333333
181,200,0.16666666666666666,0.13333333333333333,0.0,0.0,0.6666666666666666,0.5555555555555555,0.16666666666666666,0.13333333333333333,0.16666666666666666,0.13333333333333333,0.16666666666666666,0.13333333333333333
181,500,0.16666666666666666,0.13333333333333333,0.16666666666666666,0.13333333333333333,0.6666666666666666,0.5555555555555555,0.3333333333333333,0.26666666666666666,0.16666666666666666,0.13333333333333333,0.16666666666666666,0.13333333333333333
181,1000,0.16666666666666666,0.13333333333333333,0.0,0.0,0.6666666666666666,0.5555555555555555,0.6666666666666666,0.5555555555555555,0.16666666666666666,0.13333333333333333,0.16666666666666666,0.13333333333333333
181,1500,0.16666666666666666,0.13333333333333333,0.16666666666666666,0.13333333333333333,0.6666666666666666,0.5555555555555555,0.6666666666666666,0.5555555555555555,0.16666666666666666,0.13333333333333333,0.16666666666666666,0.13333333333333333
182,20,0.16666666666666666,0.16666666666666666,0.5,0.38888888888888884,0.5,0.38888888888888884,0.3333333333333333,0.16666666666666666,0.16666666666666666,0.16666666666666666,0.3333333333333333,0.26666666666666666
182,50,0.16666666666666666,0.16666666666666666,0.5,0.38888888888888884,0.5,0.38888888888888884,0.5,0.38888888888888884,0.16666666666666666,0.16666666666666666,0.16666666666666666,0.16666666666666666
182,100,0.16666666666666666,0.16666666666666666,0.16666666666666666,0.2222222222222222,0.5,0.38888888888888884,0.5,0.38888888888888884,0.16666666666666666,0.16666666666666666,0.16666666666666666,0.16666666666666666
182,200,0.16666666666666666,0.16666666666666666,0.16666666666666666,0.16666666666666666,0.5,0.38888888888888884,0.5,0.38888888888888884,0.16666666666666666,0.16666666666666666,0.16666666666666666,0.16666666666666666
182,500,0.16666666666666666,0.16666666666666666,0.16666666666666666,0.16666666666666666,0.5,0.38888888888888884,0.5,0.38888888888888884,0.16666666666666666,0.16666666666666666,0.16666666666666666,0.16666666666666666
182,1000,0.16666666666666666,0.16666666666666666,0.16666666666666666,0.16666666666666666,0.5,0.38888888888888884,0.5,0.38888888888888884,0.16666666666666666,0.16666666666666666,0.16666666666666666,0.16666666666666666
182,1500,0.16666666666666666,0.16666666666666666,0.16666666666666666,0.16666666666666666,0.5,0.38888888888888884,0.5,0.38888888888888884,0.16666666666666666,0.16666666666666666,0.16666666666666666,0.16666666666666666
183,20,0.0,0.0,0.6666666666666666,0.4444444444444444,0.3333333333333333,0.16666666666666666,0.16666666666666666,0.2222222222222222,0.0,0.0,0.0,0.0
183,50,0.0,0.0,0.3333333333333333,0.16666666666666666,0.3333333333333333,0.16666666666666666,0.3333333333333333,0.16666666666666666,0.0,0.0,0.0,0.0
183,100,0.0,0.0,0.3333333333333333,0.16666666666666666,0.3333333333333333,0.16666666666666666,0.3333333333333333,0.16666666666666666,0.0,0.0,0.16666666666666666,0.2222222222222222
183,200,0.0,0.0,0.0,0.0,0.3333333333333333,0.16666666666666666,0.3333333333333333,0.16666666666666666,0.0,0.0,0.0,0.0
183,500,0.0,0.0,0.0,0.0,0.3333333333333333,0.16666666666666666,0.3333333333333333,0.16666666666666666,0.0,0.0,0.0,0.0
183,1000,0.0,0.0,0.3333333333333333,0.16666666666666666,0.3333333333333333,0.16666666666666666,0.3333333333333333,0.16666666666666666,0.0,0.0,0.0,0.0
183,1500,0.0,0.0,0.0,0.0,0.3333333333333333,0.16666666666666666,0.3333333333333333,0.16666666666666666,0.0,0.0,0.0,0.0
184,20,0.8333333333333334,0.7777777777777777,0.8333333333333334,0.7777777777777777,0.8333333333333334,0.7777777777777777,0.6666666666666666,0.4444444444444444,0.8333333333333334,0.7777777777777777,0.5,0.38888888888888884
184,50,0.8333333333333334,0.7777777777777777,0.5,0.4444444444444444,0.8333333333333334,0.7777777777777777,0.8333333333333334,0.7777777777777777,0.8333333333333334,0.7777777777777777,0.8333333333333334,0.7777777777777777
184,100,0.8333333333333334,0.7777777777777777,0.3333333333333333,0.2222222222222222,0.8333333333333334,0.7777777777777777,0.8333333333333334,0.7777777777777777,0.8333333333333334,0.7777777777777777,0.8333333333333334,0.7777777777777777
184,200,0.8333333333333334,0.7777777777777777,0.8333333333333334,0.7777777777777777,0.8333333333333334,0.7777777777777777,0.8333333333333334,0.7777777777777777,0.8333333333333334,0.7777777777777777,0.8333333333333334,0.7777777777777777
184,500,0.8333333333333334,0.7777777777777777,0.8333333333333334,0.7777777777777777,0.8333333333333334,0.7777777777777777,0.8333333333333334,0.7777777777777777,0.8333333333333334,0.7777777777777777,0.8333333333333334,0.7777777777777777
184,1000,0.8333333333333334,0.7777777777777777,0.8333333333333334,0.7777777777777777,0.8333333333333334,0.7777777777777777,0.8333333333333334,0.7777777777777777,0.8333333333333334,0.7777777777777777,0.8333333333333334,0.7777777777777777
184,1500,0.8333333333333334,0.7777777777777777,0.8333333333333334,0.7777777777777777,0.8333333333333334,0.7777777777777777,0.8333333333333334,0.7777777777777777,0.8333333333333334,0.7777777777777777,0.8333333333333334,0.7777777777777777
185,20,0.6666666666666666,0.4444444444444444,0.5,0.5,0.8333333333333334,0.7777777777777777,0.3333333333333333,0.16666666666666666,0.6666666666666666,0.4444444444444444,0.5,0.5
185,50,0.6666666666666666,0.4444444444444444,0.16666666666666666,0.16666666666666666,0.8333333333333334,0.7777777777777777,0.5,0.38888888888888884,0.6666666666666666,0.4444444444444444,0.6666666666666666,0.4444444444444444
185,100,0.6666666666666666,0.4444444444444444,0.5,0.5,0.8333333333333334,0.7777777777777777,0.8333333333333334,0.7777777777777777,0.6666666666666666,0.4444444444444444,0.8333333333333334,0.7777777777777777
185,200,0.6666666666666666,0.4444444444444444,0.3333333333333333,0.2222222222222222,0.8333333333333334,0.7777777777777777,0.8333333333333334,0.7777777777777777,0.6666666666666666,0.4444444444444444,0.6666666666666666,0.4444444444444444
185,500,0.6666666666666666,0.4444444444444444,0.6666666666666666,0.4444444444444444,0.8333333333333334,0.7777777777777777,0.8333333333333334,0.7777777777777777,0.6666666666666666,0.4444444444444444,0.5,0.5
185,1000,0.6666666666666666,0.4444444444444444,0.6666666666666666,0.4444444444444444,0.8333333333333334,0.7777777777777777,0.8333333333333334,0.7777777777777777,0.6666666666666666,0.4444444444444444,0.8333333333333334,0.7777777777777777
185,1500,0.6666666666666666,0.4444444444444444,0.6666666666666666,0.4444444444444444,0.8333333333333334,0.7777777777777777,0.8333333333333334,0.7777777777777777,0.6666666666666666,0.4444444444444444,0.6666666666666666,0.4444444444444444
186,20,0.5,0.4444444444444444,0.5,0.5,0.5,0.4444444444444444,0.5,0.38888888888888884,0.5,0.4444444444444444,0.3333333333333333,0.16666666666666666
186,50,0.5,0.4444444444444444,0.6666666666666666,0.6,0.5,0.4444444444444444,0.3333333333333333,0.2222222222222222,0.5,0.4444444444444444,0.3333333333333333,0.16666666666666666
186,100,0.5,0.4444444444444444,0.6666666666666666,0.5555555555555555,0.5,0.4444444444444444,0.5,0.4444444444444444,0.5,0.4444444444444444,0.3333333333333333,0.16666666666666666
186,200,0.5,0.4444444444444444,0.5,0.4444444444444444,0.5,0.4444444444444444,0.5,0.4444444444444444,0.5,0.4444444444444444,0.3333333333333333,0.16666666666666666
186,500,0.5,0.4444444444444444,0.5,0.4444444444444444,0.5,0.4444444444444444,0.5,0.4444444444444444,0.5,0.4444444444444444,0.3333333333333333,0.2222222222222222
186,1000,0.5,0.4444444444444444,0.5,0.4444444444444444,0.5,0.4444444444444444,0.5,0.4444444444444444,0.5,0.4444444444444444,0.5,0.4444444444444444
186,1500,0.5,0.4444444444444444,0.5,0.4444444444444444,0.5,0.4444444444444444,0.5,0.4444444444444444,0.5,0.4444444444444444,0.3333333333333333,0.16666666666666666
187,20,0.5,0.4444444444444444,0.16666666666666666,0.16666666666666666,0.16666666666666666,0.2222222222222222,0.8333333333333334,0.7777777777777777,0.5,0.4444444444444444,0.16666666666666666,0.16666666666666666
187,50,0.5,0.4444444444444444,0.16666666666666666,0.16666666666666666,0.16666666666666666,0.2222222222222222,0.8333333333333334,0.7777777777777777,0.5,0.4444444444444444,0.16666666666666666,0.16666666666666666
187,100,0.5,0.4444444444444444,0.16666666666666666,0.2222222222222222,0.16666666666666666,0.2222222222222222,0.8333333333333334,0.7777777777777777,0.5,0.4444444444444444,0.16666666666666666,0.2222222222222222
187,200,0.5,0.4444444444444444,0.16666666666666666,0.2222222222222222,0.16666666666666666,0.2222222222222222,0.5,0.4444444444444444,0.5,0.4444444444444444,0.16666666666666666,0.2222222222222222
187,500,0.5,0.4444444444444444,0.16666666666666666,0.2222222222222222,0.16666666666666666,0.2222222222222222,0.5,0.4444444444444444,0.5,0.4444444444444444,0.5,0.4444444444444444
187,1000,0.5,0.4444444444444444,0.16666666666666666,0.2222222222222222,0.16666666666666666,0.2222222222222222,0.16666666666666666,0.2222222222222222,0.5,0.4444444444444444,0.5,0.4444444444444444
187,1500,0.5,0.4444444444444444,0.5,0.4444444444444444,0.16666666666666666,0.2222222222222222,0.5,0.4444444444444444,0.5,0.4444444444444444,0.5,0.4444444444444444
188,20,0.5,0.4444444444444444,0.8333333333333334,0.7777777777777777,0.5,0.4444444444444444,0.5,0.4444444444444444,0.5,0.38888888888888884,0.6666666666666666,0.5555555555555555
188,50,0.5,0.4444444444444444,0.8333333333333334,0.7777777777777777,0.5,0.4444444444444444,0.5,0.4444444444444444,0.5,0.38888888888888884,0.5,0.4444444444444444
188,100,0.5,0.4444444444444444,0.5,0.4444444444444444,0.5,0.4444444444444444,0.5,0.4444444444444444,0.5,0.38888888888888884,0.5,0.38888888888888884
188,200,0.5,0.4444444444444444,0.5,0.4444444444444444,0.5,0.4444444444444444,0.5,0.4444444444444444,0.5,0.38888888888888884,0.5,0.4444444444444444
188,500,0.5,0.4444444444444444,0.5,0.4444444444444444,0.5,0.4444444444444444,0.5,0.4444444444444444,0.5,0.38888888888888884,0.5,0.38888888888888884
188,1000,0.5,0.4444444444444444,0.5,0.4444444444444444,0.5,0.4444444444444444,0.5,0.4444444444444444,0.5,0.38888888888888884,0.5,0.38888888888888884
188,1500,0.5,0.4444444444444444,0.5,0.4444444444444444,0.5,0.4444444444444444,0.5,0.4444444444444444,0.5,0.38888888888888884,0.5,0.38888888888888884
189,20,0.6666666666666666,0.5,0.3333333333333333,0.16666666666666666,0.6666666666666666,0.5,0.5,0.5,0.3333333333333333,0.13333333333333333,0.5,0.5
189,50,0.6666666666666666,0.5,0.3333333333333333,0.13333333333333333,0.6666666666666666,0.5,0.16666666666666666,0.16666666666666666,0.3333333333333333,0.13333333333333333,0.8333333333333334,0.7777777777777777
189,100,0.6666666666666666,0.5,0.3333333333333333,0.13333333333333333,0.6666666666666666,0.5,0.8333333333333334,0.7777777777777777,0.3333333333333333,0.13333333333333333,0.8333333333333334,0.7777777777777777
189,200,0.6666666666666666,0.5,0.3333333333333333,0.13333333333333333,0.6666666666666666,0.5,0.3333333333333333,0.13333333333333333,0.3333333333333333,0.13333333333333333,0.5,0.38888888888888884
189,500,0.6666666666666666,0.5,0.6666666666666666,0.5,0.6666666666666666,0.5,0.8333333333333334,0.7777777777777777,0.3333333333333333,0.13333333333333333,0.3333333333333333,0.13333333333333333
189,1000,0.6666666666666666,0.5,0.6666666666666666,0.5,0.6666666666666666,0.5,0.6666666666666666,0.5,0.3333333333333333,0.13333333333333333,0.3333333333333333,0.13333333333333333
189,1500,0.6666666666666666,0.5,0.6666666666666666,0.5,0.6666666666666666,0.5,0.6666666666666666,0.5,0.3333333333333333,0.13333333333333333,0.3333333333333333,0.13333333333333333
190,20,0.3333333333333333,0.13333333333333333,0.5,0.38888888888888884,0.5,0.5,0.3333333333333333,0.16666666666666666,0.0,0.0,0.0,0.0
190,50,0.3333333333333333,0.13333333333333333,0.0,0.0,0.5,0.5,0.5,0.5,0.0,0.0,0.0,0.0
190,100,0.3333333333333333,0.13333333333333333,0.0,0.0,0.5,0.5,0.8333333333333334,0.7777777777777777,0.0,0.0,0.0,0.0
190,200,0.3333333333333333,0.13333333333333333,0.0,0.0,0.5,0.5,0.8333333333333334,0.7777777777777777,0.0,0.0,0.0,0.0
190,500,0.3333333333333333,0.13333333333333333,0.0,0.0,0.5,0.5,0.5,0.5,0.0,0.0,0.0,0.0
190,1000,0.3333333333333333,0.13333333333333333,0.3333333333333333,0.13333333333333333,0.5,0.5,0.5,0.5,0.0,0.0,0.0,0.0
190,1500,0.3333333333333333,0.13333333333333333,0.3333333333333333,0.13333333333333333,0.5,0.5,0.5,0.5,0.0,0.0,0.0,0.0
191,20,0.16666666666666666,0.13333333333333333,0.0,0.0,0.16666666666666666,0.16666666666666666,0.0,0.0,0.5,0.5,0.16666666666666666,0.2222222222222222
191,50,0.16666666666666666,0.13333333333333333,0.0,0.0,0.16666666666666666,0.16666666666666666,0.0,0.0,0.5,0.5,0.16666666666666666,0.16666666666666666
191,100,0.16666666666666666,0.13333333333333333,0.0,0.0,0.16666666666666666,0.16666666666666666,0.16666666666666666,0.16666666666666666,0.5,0.5,0.5,0.4444444444444444
191,200,0.16666666666666666,0.13333333333333333,0.16666666666666666,0.16666666666666666,0.16666666666666666,0.16666666666666666,0.16666666666666666,0.16666666666666666,0.5,0.5,0.5,0.4444444444444444
191,500,0.16666666666666666,0.13333333333333333,0.16666666666666666,0.13333333333333333,0.16666666666666666,0.16666666666666666,0.0,0.0,0.5,0.5,0.5,0.5
191,1000,0.16666666666666666,0.13333333333333333,0.16666666666666666,0.13333333333333333,0.16666666666666666,0.16666666666666666,0.0,0.0,0.5,0.5,0.5,0.5
191,1500,0.16666666666666666,0.13333333333333333,0.16666666666666666,0.13333333333333333,0.16666666666666666,0.16666666666666666,0.16666666666666666,0.16666666666666666,0.5,0.5,0.5,0.5
192,20,0.16666666666666666,0.2222222222222222,0.16666666666666666,0.2222222222222222,0.3333333333333333,0.2222222222222222,0.0,0.0,0.16666666666666666,0.13333333333333333,0.16666666666666666,0.16666666666666666
192,50,0.16666666666666666,0.2222222222222222,0.16666666666666666,0.2222222222222222,0.3333333333333333,0.2222222222222222,0.16666666666666666,0.2222222222222222,0.16666666666666666,0.13333333333333333,0.16666666666666666,0.16666666666666666
192,100,0.16666666666666666,0.2222222222222222,0.16666666666666666,0.2222222222222222,0.3333333333333333,0.2222222222222222,0.5,0.38888888888888884,0.16666666666666666,0.13333333333333333,0.16666666666666666,0.16666666666666666
192,200,0.16666666666666666,0.2222222222222222,0.16666666666666666,0.2222222222222222,0.3333333333333333,0.2222222222222222,0.5,0.4444444444444444,0.16666666666666666,0.13333333333333333,0.16666666666666666,0.16666666666666666
192,500,0.16666666666666666,0.2222222222222222,0.16666666666666666,0.2222222222222222,0.3333333333333333,0.2222222222222222,0.5,0.4444444444444444,0.16666666666666666,0.13333333333333333,0.16666666666666666,0.13333333333333333
192,1000,0.16666666666666666,0.2222222222222222,0.16666666666666666,0.2222222222222222,0.3333333333333333,0.2222222222222222,0.3333333333333333,0.2222222222222222,0.16666666666666666,0.13333333333333333,0.16666666666666666,0.13333333333333333
192,1500,0.16666666666666666,0.2222222222222222,0.16666666666666666,0.2222222222222222,0.3333333333333333,0.2222222222222222,0.3333333333333333,0.2222222222222222,0.16666666666666666,0.13333333333333333,0.16666666666666666,0.13333333333333333
193,20,0.5,0.38888888888888884,0.16666666666666666,0.2222222222222222,0.6666666666666666,0.5555555555555555,0.6666666666666666,0.5555555555555555,0.5,0.38888888888888884,0.16666666666666666,0.16666666666666666
193,50,0.5,0.38888888888888884,0.0,0.0,0.6666666666666666,0.5555555555555555,0.5,0.4444444444444444,0.5,0.38888888888888884,0.16666666666666666,0.16666666666666666
193,100,0.5,0.38888888888888884,0.3333333333333333,0.2222222222222222,0.6666666666666666,0.5555555555555555,0.6666666666666666,0.5555555555555555,0.5,0.38888888888888884,0.16666666666666666,0.16666666666666666
193,200,0.5,0.38888888888888884,0.5,0.4444444444444444,0.6666666666666666,0.5555555555555555,0.6666666666666666,0.5555555555555555,0.5,0.38888888888888884,0.16666666666666666,0.2222222222222222
193,500,0.5,0.38888888888888884,0.5,0.4444444444444444,0.6666666666666666,0.5555555555555555,0.6666666666666666,0.5555555555555555,0.5,0.38888888888888884,0.16666666666666666,0.16666666666666666
193,1000,0.5,0.38888888888888884,0.5,0.38888888888888884,0.6666666666666666,0.5555555555555555,0.6666666666666666,0.5555555555555555,0.5,0.38888888888888884,0.5,0.38888888888888884
193,1500,0.5,0.38888888888888884,0.5,0.38888888888888884,0.6666666666666666,0.5555555555555555,0.6666666666666666,0.5555555555555555,0.5,0.38888888888888884,0.5,0.38888888888888884
194,20,0.6666666666666666,0.6,0.3333333333333333,0.2222222222222222,0.6666666666666666,0.6,0.6666666666666666,0.6,0.6666666666666666,0.6,0.8333333333333334,0.7777777777777777
194,50,0.6666666666666666,0.6,0.6666666666666666,0.5555555555555555,0.6666666666666666,0.6,0.6666666666666666,0.5555555555555555,0.6666666666666666,0.6,0.8333333333333334,0.7777777777777777
194,100,0.6666666666666666,0.6,0.6666666666666666,0.6,0.6666666666666666,0.6,0.6666666666666666,0.5555555555555555,0.6666666666666666,0.6,0.8333333333333334,0.7777777777777777
194,200,0.6666666666666666,0.6,0.6666666666666666,0.6,0.6666666666666666,0.6,0.6666666666666666,0.6,0.6666666666666666,0.6,0.6666666666666666,0.6
194,500,0.6666666666666666,0.6,0.6666666666666666,0.6,0.6666666666666666,0.6,0.6666666666666666,0.6,0.6666666666666666,0.6,0.6666666666666666,0.6
194,1000,0.6666666666666666,0.6,0.6666666666666666,0.6,0.6666666666666666,0.6,0.6666666666666666,0.6,0.6666666666666666,0.6,0.6666666666666666,0.6
194,1500,0.6666666666666666,0.6,0.6666666666666666,0.6,0.6666666666666666,0.6,0.6666666666666666,0.6,0.6666666666666666,0.6,0.6666666666666666,0.6
195,20,0.6666666666666666,0.5,0.3333333333333333,0.2222222222222222,0.8333333333333334,0.7777777777777777,0.3333333333333333,0.16666666666666666,0.6666666666666666,0.5,0.3333333333333333,0.16666666666666666
195,50,0.6666666666666666,0.5,0.3333333333333333,0.2222222222222222,0.8333333333333334,0.7777777777777777,0.8333333333333334,0.7777777777777777,0.6666666666666666,0.5,0.8333333333333334,0.7777777777777777
195,100,0.6666666666666666,0.5,0.6666666666666666,0.4444444444444444,0.8333333333333334,0.7777777777777777,0.8333333333333334,0.7777777777777777,0.6666666666666666,0.5,0.8333333333333334,0.7777777777777777
195,200,0.6666666666666666,0.5,0.6666666666666666,0.5,0.8333333333333334,0.7777777777777777,0.8333333333333334,0.7777777777777777,0.6666666666666666,0.5,0.6666666666666666,0.5
195,500,0.6666666666666666,0.5,0.6666666666666666,0.5,0.8333333333333334,0.7777777777777777,0.8333333333333334,0.7777777777777777,0.6666666666666666,0.5,0.6666666666666666,0.5
195,1000,0.6666666666666666,0.5,0.6666666666666666,0.5,0.8333333333333334,0.7777777777777777,0.8333333333333334,0.7777777777777777,0.6666666666666666,0.5,0.6666666666666666,0.5
195,1500,0.6666666666666666,0.5,0.6666666666666666,0.5,0.8333333333333334,0.7777777777777777,0.8333333333333334,0.7777777777777777,0.6666666666666666,0.5,0.6666666666666666,0.5
196,20,0.16666666666666666,0.16666666666666666,0.0,0.0,0.5,0.38888888888888884,0.16666666666666666,0.2222222222222222,0.16666666666666666,0.2222222222222222,0.3333333333333333,0.26666666666666666
196,50,0.16666666666666666,0.16666666666666666,0.0,0.0,0.5,0.38888888888888884,0.6666666666666666,0.5555555555555555,0.16666666666666666,0.2222222222222222,0.16666666666666666,0.16666666666666666
196,100,0.16666666666666666,0.16666666666666666,0.16666666666666666,0.16666666666666666,0.5,0.38888888888888884,0.6666666666666666,0.5555555555555555,0.16666666666666666,0.2222222222222222,0.16666666666666666,0.16666666666666666
196,200,0.16666666666666666,0.16666666666666666,0.16666666666666666,0.16666666666666666,0.5,0.38888888888888884,0.5,0.38888888888888884,0.16666666666666666,0.2222222222222222,0.16666666666666666,0.2222222222222222
196,500,0.16666666666666666,0.16666666666666666,0.16666666666666666,0.16666666666666666,0.5,0.38888888888888884,0.5,0.38888888888888884,0.16666666666666666,0.2222222222222222,0.16666666666666666,0.2222222222222222
196,1000,0.16666666666666666,0.16666666666666666,0.16666666666666666,0.16666666666666666,0.5,0.38888888888888884,0.5,0.38888888888888884,0.16666666666666666,0.2222222222222222,0.16666666666666666,0.2222222222222222
196,1500,0.16666666666666666,0.16666666666666666,0.16666666666666666,0.16666666666666666,0.5,0.38888888888888884,0.5,0.38888888888888884,0.16666666666666666,0.2222222222222222,0.16666666666666666,0.2222222222222222
197,20,0.3333333333333333,0.16666666666666666,0.3333333333333333,0.16666666666666666,0.3333333333333333,0.16666666666666666,0.3333333333333333,0.16666666666666666,0.5,0.4444444444444444,0.0,0.0
197,50,0.3333333333333333,0.16666666666666666,0.0,0.0,0.3333333333333333,0.16666666666666666,0.3333333333333333,0.16666666666666666,0.5,0.4444444444444444,0.0,0.0
197,100,0.3333333333333333,0.16666666666666666,0.0,0.0,0.3333333333333333,0.16666666666666666,0.3333333333333333,0.16666666666666666,0.5,0.4444444444444444,0.0,0.0
197,200,0.3333333333333333,0.16666666666666666,0.0,0.0,0.3333333333333333,0.16666666666666666,0.3333333333333333,0.16666666666666666,0.5,0.4444444444444444,0.3333333333333333,0.13333333333333333
197,500,0.3333333333333333,0.16666666666666666,0.3333333333333333,0.16666666666666666,0.3333333333333333,0.16666666666666666,0.3333333333333333,0.16666666666666666,0.5,0.4444444444444444,0.0,0.0
197,1000,0.3333333333333333,0.16666666666666666,0.3333333333333333,0.16666666666666666,0.3333333333333333,0.16666666666666666,0.3333333333333333,0.16666666666666666,0.5,0.4444444444444444,0.3333333333333333,0.2222222222222222
197,1500,0.3333333333333333,0.16666666666666666,0.3333333333333333,0.16666666666666666,0.3333333333333333,0.16666666666666666,0.3333333333333333,0.16666666666666666,0.5,0.4444444444444444,0.5,0.38888888888888884
198,20,0.5,0.4444444444444444,0.5,0.38888888888888884,1.0,1.0,0.6666666666666666,0.5555555555555555,0.8333333333333334,0.7777777777777777,0.3333333333333333,0.26666666666666666
198,50,0.5,0.4444444444444444,0.5,0.4444444444444444,1.0,1.0,1.0,1.0,0.8333333333333334,0.7777777777777777,0.8333333333333334,0.7777777777777777
198,100,0.5,0.4444444444444444,0.5,0.4444444444444444,1.0,1.0,1.0,1.0,0.8333333333333334,0.7777777777777777,0.8333333333333334,0.7777777777777777
198,200,0.5,0.4444444444444444,0.5,0.4444444444444444,1.0,1.0,1.0,1.0,0.8333333333333334,0.7777777777777777,0.8333333333333334,0.7777777777777777
198,500,0.5,0.4444444444444444,0.5,0.4444444444444444,1.0,1.0,0.6666666666666666,0.5555555555555555,0.8333333333333334,0.7777777777777777,0.8333333333333334,0.7777777777777777
198,1000,0.5,0.4444444444444444,0.5,0.4444444444444444,1.0,1.0,1.0,1.0,0.8333333333333334,0.7777777777777777,0.8333333333333334,0.7777777777777777
198,1500,0.5,0.4444444444444444,0.5,0.4444444444444444,1.0,1.0,1.0,1.0,0.8333333333333334,0.7777777777777777,0.8333333333333334,0.7777777777777777
199,20,0.6666666666666666,0.5,0.3333333333333333,0.16666666666666666,0.6666666666666666,0.4444444444444444,0.3333333333333333,0.2222222222222222,0.6666666666666666,0.4444444444444444,0.3333333333333333,0.16666666666666666
199,50,0.6666666666666666,0.5,0.6666666666666666,0.4444444444444444,0.6666666666666666,0.4444444444444444,0.6666666666666666,0.5,0.6666666666666666,0.4444444444444444,0.6666666666666666,0.4444444444444444
199,100,0.6666666666666666,0.5,0.6666666666666666,0.5,0.6666666666666666,0.4444444444444444,0.6666666666666666,0.5,0.6666666666666666,0.4444444444444444,0.6666666666666666,0.4444444444444444
199,200,0.6666666666666666,0.5,0.6666666666666666,0.5,0.6666666666666666,0.4444444444444444,0.6666666666666666,0.5,0.6666666666666666,0.4444444444444444,0.6666666666666666,0.4444444444444444
199,500,0.6666666666666666,0.5,0.6666666666666666,0.5,0.6666666666666666,0.4444444444444444,0.6666666666666666,0.4444444444444444,0.6666666666666666,0.4444444444444444,0.6666666666666666,0.4444444444444444
199,1000,0.6666666666666666,0.5,0.6666666666666666,0.5,0.6666666666666666,0.4444444444444444,0.6666666666666666,0.4444444444444444,0.6666666666666666,0.4444444444444444,0.6666666666666666,0.4444444444444444
199,1500,0.6666666666666666,0.5,0.6666666666666666,0.5,0.6666666666666666,0.4444444444444444,0.6666666666666666,0.4444444444444444,0.6666666666666666,0.4444444444444444,0.6666666666666666,0.4444444444444444
200,20,0.5,0.4444444444444444,0.5,0.38888888888888884,0.6666666666666666,0.5555555555555555,0.0,0.0,0.5,0.4444444444444444,0.5,0.38888888888888884
200,50,0.5,0.4444444444444444,0.5,0.4444444444444444,0.6666666666666666,0.5555555555555555,0.5,0.38888888888888884,0.5,0.4444444444444444,0.3333333333333333,0.16666666666666666
200,100,0.5,0.4444444444444444,0.5,0.4444444444444444,0.6666666666666666,0.5555555555555555,0.6666666666666666,0.5555555555555555,0.5,0.4444444444444444,0.3333333333333333,0.16666666666666666
200,200,0.5,0.4444444444444444,0.5,0.4444444444444444,0.6666666666666666,0.5555555555555555,0.6666666666666666,0.5555555555555555,0.5,0.4444444444444444,0.5,0.4444444444444444
200,500,0.5,0.4444444444444444,0.5,0.4444444444444444,0.6666666666666666,0.5555555555555555,0.6666666666666666,0.5555555555555555,0.5,0.4444444444444444,0.5,0.4444444444444444
200,1000,0.5,0.4444444444444444,0.5,0.4444444444444444,0.6666666666666666,0.5555555555555555,0.6666666666666666,0.5555555555555555,0.5,0.4444444444444444,0.5,0.4444444444444444
200,1500,0.5,0.4444444444444444,0.5,0.4444444444444444,0.6666666666666666,0.5555555555555555,0.6666666666666666,0.5555555555555555,0.5,0.4444444444444444,0.5,0.4444444444444444
201,20,0.3333333333333333,0.26666666666666666,0.3333333333333333,0.13333333333333333,0.16666666666666666,0.16666666666666666,0.0,0.0,0.16666666666666666,0.2222222222222222,0.3333333333333333,0.3333333333333333
201,50,0.3333333333333333,0.26666666666666666,0.3333333333333333,0.13333333333333333,0.16666666666666666,0.16666666666666666,0.16666666666666666,0.16666666666666666,0.16666666666666666,0.2222222222222222,0.16666666666666666,0.16666666666666666
201,100,0.3333333333333333,0.26666666666666666,0.3333333333333333,0.13333333333333333,0.16666666666666666,0.16666666666666666,0.16666666666666666,0.16666666666666666,0.16666666666666666,0.2222222222222222,0.16666666666666666,0.16666666666666666
201,200,0.3333333333333333,0.26666666666666666,0.5,0.38888888888888884,0.16666666666666666,0.16666666666666666,0.16666666666666666,0.16666666666666666,0.16666666666666666,0.2222222222222222,0.16666666666666666,0.16666666666666666
201,500,0.3333333333333333,0.26666666666666666,0.16666666666666666,0.16666666666666666,0.16666666666666666,0.16666666666666666,0.16666666666666666,0.16666666666666666,0.16666666666666666,0.2222222222222222,0.16666666666666666,0.16666666666666666
201,1000,0.3333333333333333,0.26666666666666666,0.16666666666666666,0.16666666666666666,0.16666666666666666,0.16666666666666666,0.16666666666666666,0.16666666666666666,0.16666666666666666,0.2222222222222222,0.16666666666666666,0.16666666666666666
201,1500,0.3333333333333333,0.26666666666666666,0.3333333333333333,0.26666666666666666,0.16666666666666666,0.16666666666666666,0.16666666666666666,0.16666666666666666,0.16666666666666666,0.2222222222222222,0.16666666666666666,0.16666666666666666
202,20,0.16666666666666666,0.16666666666666666,0.3333333333333333,0.2222222222222222,0.6666666666666666,0.6,0.16666666666666666,0.13333333333333333,0.16666666666666666,0.16666666666666666,0.6666666666666666,0.5
202,50,0.16666666666666666,0.16666666666666666,0.16666666666666666,0.16666666666666666,0.6666666666666666,0.6,0.16666666666666666,0.13333333333333333,0.16666666666666666,0.16666666666666666,0.16666666666666666,0.2222222222222222
202,100,0.16666666666666666,0.16666666666666666,0.16666666666666666,0.16666666666666666,0.6666666666666666,0.6,0.3333333333333333,0.2222222222222222,0.16666666666666666,0.16666666666666666,0.16666666666666666,0.16666666666666666
202,200,0.16666666666666666,0.16666666666666666,0.16666666666666666,0.13333333333333333,0.6666666666666666,0.6,0.3333333333333333,0.2222222222222222,0.16666666666666666,0.16666666666666666,0.16666666666666666,0.16666666666666666
202,500,0.16666666666666666,0.16666666666666666,0.16666666666666666,0.16666666666666666,0.6666666666666666,0.6,0.3333333333333333,0.2222222222222222,0.16666666666666666,0.16666666666666666,0.16666666666666666,0.13333333333333333
202,1000,0.16666666666666666,0.16666666666666666,0.16666666666666666,0.16666666666666666,0.6666666666666666,0.6,0.6666666666666666,0.6,0.16666666666666666,0.16666666666666666,0.16666666666666666,0.16666666666666666
202,1500,0.16666666666666666,0.16666666666666666,0.16666666666666666,0.16666666666666666,0.6666666666666666,0.6,0.6666666666666666,0.6,0.16666666666666666,0.16666666666666666,0.16666666666666666,0.16666666666666666
203,20,0.0,0.0,0.3333333333333333,0.16666666666666666,0.0,0.0,0.0,0.0,0.16666666666666666,0.16666666666666666,0.0,0.0
203,50,0.0,0.0,0.0,0.0,0.0,0.0,0.3333333333333333,0.2222222222222222,0.16666666666666666,0.16666666666666666,0.16666666666666666,0.16666666666666666
203,100,0.0,0.0,0.0,0.0,0.0,0.0,0.3333333333333333,0.3333333333333333,0.16666666666666666,0.16666666666666666,0.16666666666666666,0.16666666666666666
203,200,0.0,0.0,0.16666666666666666,0.16666666666666666,0.0,0.0,0.0,0.0,0.16666666666666666,0.16666666666666666,0.16666666666666666,0.16666666666666666
203,500,0.0,0.0,0.16666666666666666,0.16666666666666666,0.0,0.0,0.0,0.0,0.16666666666666666,0.16666666666666666,0.16666666666666666,0.16666666666666666
203,1000,0.0,0.0,0.16666666666666666,0.16666666666666666,0.0,0.0,0.3333333333333333,0.2222222222222222,0.16666666666666666,0.16666666666666666,0.16666666666666666,0.16666666666666666
203,1500,0.0,0.0,0.0,0.0,0.0,0.0,0.0,0.0,0.16666666666666666,0.16666666666666666,0.16666666666666666,0.16666666666666666
204,20,0.3333333333333333,0.2222222222222222,0.0,0.0,0.5,0.5,0.5,0.38888888888888884,0.5,0.5,0.3333333333333333,0.2222222222222222
204,50,0.3333333333333333,0.2222222222222222,0.3333333333333333,0.2222222222222222,0.5,0.5,0.3333333333333333,0.2222222222222222,0.5,0.5,0.5,0.5
204,100,0.3333333333333333,0.2222222222222222,0.3333333333333333,0.2222222222222222,0.5,0.5,0.3333333333333333,0.2222222222222222,0.5,0.5,0.5,0.5
204,200,0.3333333333333333,0.2222222222222222,0.5,0.5,0.5,0.5,0.5,0.5,0.5,0.5,0.5,0.5
204,500,0.3333333333333333,0.2222222222222222,0.5,0.5,0.5,0.5,0.5,0.5,0.5,0.5,0.3333333333333333,0.2222222222222222
204,1000,0.3333333333333333,0.2222222222222222,0.3333333333333333,0.2222222222222222,0.5,0.5,0.5,0.5,0.5,0.5,0.3333333333333333,0.2222222222222222
204,1500,0.3333333333333333,0.2222222222222222,0.3333333333333333,0.2222222222222222,0.5,0.5,0.5,0.5,0.5,0.5,0.3333333333333333,0.2222222222222222
205,20,0.3333333333333333,0.2222222222222222,0.5,0.4444444444444444,0.5,0.5,0.3333333333333333,0.16666666666666666,0.3333333333333333,0.2222222222222222,0.3333333333333333,0.3333333333333333
205,50,0.3333333333333333,0.2222222222222222,0.5,0.5,0.5,0.5,0.8333333333333334,0.7777777777777777,0.3333333333333333,0.2222222222222222,0.3333333333333333,0.2222222222222222
205,100,0.3333333333333333,0.2222222222222222,0.8333333333333334,0.7777777777777777,0.5,0.5,0.8333333333333334,0.7777777777777777,0.3333333333333333,0.2222222222222222,0.3333333333333333,0.2222222222222222
205,200,0.3333333333333333,0.2222222222222222,0.6666666666666666,0.4444444444444444,0.5,0.5,0.5,0.5,0.3333333333333333,0.2222222222222222,0.3333333333333333,0.2222222222222222
205,500,0.3333333333333333,0.2222222222222222,0.6666666666666666,0.4444444444444444,0.5,0.5,0.5,0.5,0.3333333333333333,0.2222222222222222,0.5,0.5
205,1000,0.3333333333333333,0.2222222222222222,0.6666666666666666,0.4444444444444444,0.5,0.5,0.5,0.5,0.3333333333333333,0.2222222222222222,0.3333333333333333,0.2222222222222222
205,1500,0.3333333333333333,0.2222222222222222,0.3333333333333333,0.2222222222222222,0.5,0.5,0.5,0.5,0.3333333333333333,0.2222222222222222,0.3333333333333333,0.2222222222222222
206,20,0.5,0.38888888888888884,0.8333333333333334,0.7777777777777777,0.5,0.38888888888888884,0.0,0.0,0.3333333333333333,0.16666666666666666,0.0,0.0
206,50,0.5,0.38888888888888884,0.5,0.38888888888888884,0.5,0.38888888888888884,0.3333333333333333,0.16666666666666666,0.3333333333333333,0.16666666666666666,0.3333333333333333,0.16666666666666666
206,100,0.5,0.38888888888888884,0.5,0.38888888888888884,0.5,0.38888888888888884,0.5,0.38888888888888884,0.3333333333333333,0.16666666666666666,0.3333333333333333,0.16666666666666666
206,200,0.5,0.38888888888888884,0.5,0.38888888888888884,0.5,0.38888888888888884,0.5,0.38888888888888884,0.3333333333333333,0.16666666666666666,0.3333333333333333,0.16666666666666666
206,500,0.5,0.38888888888888884,0.5,0.38888888888888884,0.5,0.38888888888888884,0.5,0.38888888888888884,0.3333333333333333,0.16666666666666666,0.3333333333333333,0.16666666666666666
206,1000,0.5,0.38888888888888884,0.5,0.38888888888888884,0.5,0.38888888888888884,0.5,0.38888888888888884,0.3333333333333333,0.16666666666666666,0.3333333333333333,0.16666666666666666
206,1500,0.5,0.38888888888888884,0.5,0.38888888888888884,0.5,0.38888888888888884,0.5,0.38888888888888884,0.3333333333333333,0.16666666666666666,0.3333333333333333,0.16666666666666666
207,20,0.5,0.38888888888888884,0.5,0.5,0.8333333333333334,0.7777777777777777,0.0,0.0,0.8333333333333334,0.7777777777777777,0.5,0.5
207,50,0.5,0.38888888888888884,0.5,0.38888888888888884,0.8333333333333334,0.7777777777777777,0.3333333333333333,0.2222222222222222,0.8333333333333334,0.7777777777777777,0.5,0.5
207,100,0.5,0.38888888888888884,0.5,0.38888888888888884,0.8333333333333334,0.7777777777777777,0.8333333333333334,0.7777777777777777,0.8333333333333334,0.7777777777777777,0.5,0.5
207,200,0.5,0.38888888888888884,0.5,0.38888888888888884,0.8333333333333334,0.7777777777777777,0.5,0.38888888888888884,0.8333333333333334,0.7777777777777777,0.8333333333333334,0.7777777777777777
207,500,0.5,0.38888888888888884,0.5,0.38888888888888884,0.8333333333333334,0.7777777777777777,0.8333333333333334,0.7777777777777777,0.8333333333333334,0.7777777777777777,0.8333333333333334,0.7777777777777777
207,1000,0.5,0.38888888888888884,0.5,0.38888888888888884,0.8333333333333334,0.7777777777777777,0.8333333333333334,0.7777777777777777,0.8333333333333334,0.7777777777777777,0.8333333333333334,0.7777777777777777
207,1500,0.5,0.38888888888888884,0.5,0.38888888888888884,0.8333333333333334,0.7777777777777777,0.8333333333333334,0.7777777777777777,0.8333333333333334,0.7777777777777777,0.8333333333333334,0.7777777777777777
208,20,0.3333333333333333,0.13333333333333333,0.5,0.38888888888888884,0.3333333333333333,0.13333333333333333,0.3333333333333333,0.13333333333333333,0.3333333333333333,0.13333333333333333,0.3333333333333333,0.13333333333333333
208,50,0.3333333333333333,0.13333333333333333,0.3333333333333333,0.13333333333333333,0.3333333333333333,0.13333333333333333,0.3333333333333333,0.13333333333333333,0.3333333333333333,0.13333333333333333,0.3333333333333333,0.13333333333333333
208,100,0.3333333333333333,0.13333333333333333,0.3333333333333333,0.13333333333333333,0.3333333333333333,0.13333333333333333,0.5,0.38888888888888884,0.3333333333333333,0.13333333333333333,0.3333333333333333,0.13333333333333333
208,200,0.3333333333333333,0.13333333333333333,0.3333333333333333,0.13333333333333333,0.3333333333333333,0.13333333333333333,0.5,0.38888888888888884,0.3333333333333333,0.13333333333333333,0.3333333333333333,0.13333333333333333
208,500,0.3333333333333333,0.13333333333333333,0.3333333333333333,0.13333333333333333,0.3333333333333333,0.13333333333333333,0.5,0.38888888888888884,0.3333333333333333,0.13333333333333333,0.3333333333333333,0.13333333333333333
208,1000,0.3333333333333333,0.13333333333333333,0.3333333333333333,0.13333333333333333,0.3333333333333333,0.13333333333333333,0.3333333333333333,0.13333333333333333,0.3333333333333333,0.13333333333333333,0.3333333333333333,0.13333333333333333
208,1500,0.3333333333333333,0.13333333333333333,0.3333333333333333,0.13333333333333333,0.3333333333333333,0.13333333333333333,0.3333333333333333,0.13333333333333333,0.3333333333333333,0.13333333333333333,0.3333333333333333,0.13333333333333333
209,20,0.6666666666666666,0.5,0.3333333333333333,0.2222222222222222,0.6666666666666666,0.5,0.3333333333333333,0.16666666666666666,0.6666666666666666,0.4444444444444444,0.5,0.38888888888888884
209,50,0.6666666666666666,0.5,0.3333333333333333,0.2222222222222222,0.6666666666666666,0.5,0.6666666666666666,0.5,0.6666666666666666,0.4444444444444444,0.6666666666666666,0.5
209,100,0.6666666666666666,0.5,0.3333333333333333,0.16666666666666666,0.6666666666666666,0.5,0.6666666666666666,0.5,0.6666666666666666,0.4444444444444444,0.6666666666666666,0.5
209,200,0.6666666666666666,0.5,0.6666666666666666,0.5,0.6666666666666666,0.5,0.6666666666666666,0.5,0.6666666666666666,0.4444444444444444,0.6666666666666666,0.5
209,500,0.6666666666666666,0.5,0.6666666666666666,0.5,0.6666666666666666,0.5,0.6666666666666666,0.5,0.6666666666666666,0.4444444444444444,0.6666666666666666,0.5
209,1000,0.6666666666666666,0.5,0.6666666666666666,0.5,0.6666666666666666,0.5,0.6666666666666666,0.5,0.6666666666666666,0.4444444444444444,0.6666666666666666,0.4444444444444444
209,1500,0.6666666666666666,0.5,0.6666666666666666,0.5,0.6666666666666666,0.5,0.6666666666666666,0.5,0.6666666666666666,0.4444444444444444,0.6666666666666666,0.4444444444444444
210,20,0.0,0.0,0.0,0.0,0.3333333333333333,0.16666666666666666,0.8333333333333334,0.7777777777777777,0.0,0.0,0.16666666666666666,0.16666666666666666
210,50,0.0,0.0,0.0,0.0,0.3333333333333333,0.16666666666666666,0.8333333333333334,0.7777777777777777,0.0,0.0,0.0,0.0
210,100,0.0,0.0,0.0,0.0,0.3333333333333333,0.16666666666666666,0.8333333333333334,0.7777777777777777,0.0,0.0,0.0,0.0
210,200,0.0,0.0,0.0,0.0,0.3333333333333333,0.16666666666666666,0.3333333333333333,0.16666666666666666,0.0,0.0,0.0,0.0
210,500,0.0,0.0,0.0,0.0,0.3333333333333333,0.16666666666666666,0.3333333333333333,0.16666666666666666,0.0,0.0,0.0,0.0
210,1000,0.0,0.0,0.0,0.0,0.3333333333333333,0.16666666666666666,0.3333333333333333,0.16666666666666666,0.0,0.0,0.0,0.0
210,1500,0.0,0.0,0.0,0.0,0.3333333333333333,0.16666666666666666,0.3333333333333333,0.16666666666666666,0.0,0.0,0.0,0.0
211,20,0.5,0.5,0.3333333333333333,0.3333333333333333,0.8333333333333334,0.7777777777777777,0.3333333333333333,0.16666666666666666,0.5,0.5,0.16666666666666666,0.2222222222222222
211,50,0.5,0.5,0.6666666666666666,0.6,0.8333333333333334,0.7777777777777777,0.5,0.4444444444444444,0.5,0.5,0.6666666666666666,0.5555555555555555
211,100,0.5,0.5,0.5,0.5,0.8333333333333334,0.7777777777777777,0.8333333333333334,0.7777777777777777,0.5,0.5,0.6666666666666666,0.6
211,200,0.5,0.5,0.5,0.5,0.8333333333333334,0.7777777777777777,0.8333333333333334,0.7777777777777777,0.5,0.5,0.6666666666666666,0.6
211,500,0.5,0.5,0.5,0.5,0.8333333333333334,0.7777777777777777,0.8333333333333334,0.7777777777777777,0.5,0.5,0.5,0.5
211,1000,0.5,0.5,0.5,0.5,0.8333333333333334,0.7777777777777777,0.8333333333333334,0.7777777777777777,0.5,0.5,0.5,0.5
211,1500,0.5,0.5,0.5,0.5,0.8333333333333334,0.7777777777777777,0.8333333333333334,0.7777777777777777,0.5,0.5,0.5,0.5
212,20,0.3333333333333333,0.26666666666666666,0.0,0.0,0.3333333333333333,0.26666666666666666,0.16666666666666666,0.2222222222222222,0.3333333333333333,0.3333333333333333,0.3333333333333333,0.26666666666666666
212,50,0.3333333333333333,0.26666666666666666,0.16666666666666666,0.16666666666666666,0.3333333333333333,0.26666666666666666,0.3333333333333333,0.26666666666666666,0.3333333333333333,0.3333333333333333,0.3333333333333333,0.3333333333333333
212,100,0.3333333333333333,0.26666666666666666,0.3333333333333333,0.26666666666666666,0.3333333333333333,0.26666666666666666,0.3333333333333333,0.26666666666666666,0.3333333333333333,0.3333333333333333,0.3333333333333333,0.26666666666666666
212,200,0.3333333333333333,0.26666666666666666,0.3333333333333333,0.3333333333333333,0.3333333333333333,0.26666666666666666,0.3333333333333333,0.26666666666666666,0.3333333333333333,0.3333333333333333,0.16666666666666666,0.2222222222222222
212,500,0.3333333333333333,0.26666666666666666,0.3333333333333333,0.26666666666666666,0.3333333333333333,0.26666666666666666,0.3333333333333333,0.26666666666666666,0.3333333333333333,0.3333333333333333,0.3333333333333333,0.3333333333333333
212,1000,0.3333333333333333,0.26666666666666666,0.3333333333333333,0.26666666666666666,0.3333333333333333,0.26666666666666666,0.3333333333333333,0.26666666666666666,0.3333333333333333,0.3333333333333333,0.3333333333333333,0.3333333333333333
212,1500,0.3333333333333333,0.26666666666666666,0.3333333333333333,0.26666666666666666,0.3333333333333333,0.26666666666666666,0.3333333333333333,0.26666666666666666,0.3333333333333333,0.3333333333333333,0.3333333333333333,0.3333333333333333
213,20,0.8333333333333334,0.7777777777777777,0.8333333333333334,0.7777777777777777,0.8333333333333334,0.7777777777777777,0.3333333333333333,0.16666666666666666,0.5,0.38888888888888884,0.16666666666666666,0.2222222222222222
213,50,0.8333333333333334,0.7777777777777777,0.8333333333333334,0.7777777777777777,0.8333333333333334,0.7777777777777777,0.8333333333333334,0.7777777777777777,0.5,0.38888888888888884,0.16666666666666666,0.16666666666666666
213,100,0.8333333333333334,0.7777777777777777,0.8333333333333334,0.7777777777777777,0.8333333333333334,0.7777777777777777,0.8333333333333334,0.7777777777777777,0.5,0.38888888888888884,0.16666666666666666,0.16666666666666666
213,200,0.8333333333333334,0.7777777777777777,0.8333333333333334,0.7777777777777777,0.8333333333333334,0.7777777777777777,0.8333333333333334,0.7777777777777777,0.5,0.38888888888888884,0.16666666666666666,0.16666666666666666
213,500,0.8333333333333334,0.7777777777777777,0.8333333333333334,0.7777777777777777,0.8333333333333334,0.7777777777777777,0.8333333333333334,0.7777777777777777,0.5,0.38888888888888884,0.5,0.38888888888888884
213,1000,0.8333333333333334,0.7777777777777777,0.8333333333333334,0.7777777777777777,0.8333333333333334,0.7777777777777777,0.8333333333333334,0.7777777777777777,0.5,0.38888888888888884,0.5,0.38888888888888884
213,1500,0.8333333333333334,0.7777777777777777,0.8333333333333334,0.7777777777777777,0.8333333333333334,0.7777777777777777,0.8333333333333334,0.7777777777777777,0.5,0.38888888888888884,0.5,0.38888888888888884
214,20,0.3333333333333333,0.16666666666666666,0.0,0.0,0.3333333333333333,0.16666666666666666,0.0,0.0,0.5,0.38888888888888884,0.0,0.0
214,50,0.3333333333333333,0.16666666666666666,0.0,0.0,0.3333333333333333,0.16666666666666666,0.0,0.0,0.5,0.38888888888888884,0.0,0.0
214,100,0.3333333333333333,0.16666666666666666,0.0,0.0,0.3333333333333333,0.16666666666666666,0.3333333333333333,0.16666666666666666,0.5,0.38888888888888884,0.5,0.38888888888888884
214,200,0.3333333333333333,0.16666666666666666,0.0,0.0,0.3333333333333333,0.16666666666666666,0.0,0.0,0.5,0.38888888888888884,0.5,0.38888888888888884
214,500,0.3333333333333333,0.16666666666666666,0.3333333333333333,0.13333333333333333,0.3333333333333333,0.16666666666666666,0.3333333333333333,0.16666666666666666,0.5,0.38888888888888884,0.5,0.38888888888888884
214,1000,0.3333333333333333,0.16666666666666666,0.3333333333333333,0.16666666666666666,0.3333333333333333,0.16666666666666666,0.3333333333333333,0.16666666666666666,0.5,0.38888888888888884,0.5,0.38888888888888884
214,1500,0.3333333333333333,0.16666666666666666,0.3333333333333333,0.16666666666666666,0.3333333333333333,0.16666666666666666,0.3333333333333333,0.16666666666666666,0.5,0.38888888888888884,0.5,0.38888888888888884
215,20,0.5,0.38888888888888884,0.5,0.38888888888888884,0.5,0.38888888888888884,0.5,0.38888888888888884,0.5,0.38888888888888884,0.5,0.38888888888888884
215,50,0.5,0.38888888888888884,0.5,0.38888888888888884,0.5,0.38888888888888884,0.5,0.38888888888888884,0.5,0.38888888888888884,0.5,0.38888888888888884
215,100,0.5,0.38888888888888884,0.16666666666666666,0.13333333333333333,0.5,0.38888888888888884,0.5,0.38888888888888884,0.5,0.38888888888888884,0.5,0.38888888888888884
215,200,0.5,0.38888888888888884,0.5,0.38888888888888884,0.5,0.38888888888888884,0.5,0.38888888888888884,0.5,0.38888888888888884,0.5,0.38888888888888884
215,500,0.5,0.38888888888888884,0.5,0.38888888888888884,0.5,0.38888888888888884,0.5,0.38888888888888884,0.5,0.38888888888888884,0.5,0.38888888888888884
215,1000,0.5,0.38888888888888884,0.5,0.38888888888888884,0.5,0.38888888888888884,0.5,0.38888888888888884,0.5,0.38888888888888884,0.5,0.38888888888888884
215,1500,0.5,0.38888888888888884,0.5,0.38888888888888884,0.5,0.38888888888888884,0.5,0.38888888888888884,0.5,0.38888888888888884,0.5,0.38888888888888884
216,20,0.3333333333333333,0.2222222222222222,0.3333333333333333,0.3333333333333333,0.6666666666666666,0.5,0.0,0.0,0.3333333333333333,0.2222222222222222,0.6666666666666666,0.5
216,50,0.3333333333333333,0.2222222222222222,0.6666666666666666,0.5,0.6666666666666666,0.5,0.6666666666666666,0.5,0.3333333333333333,0.2222222222222222,0.3333333333333333,0.3333333333333333
216,100,0.3333333333333333,0.2222222222222222,0.3333333333333333,0.2222222222222222,0.6666666666666666,0.5,0.6666666666666666,0.5,0.3333333333333333,0.2222222222222222,0.3333333333333333,0.2222222222222222
216,200,0.3333333333333333,0.2222222222222222,0.3333333333333333,0.2222222222222222,0.6666666666666666,0.5,0.6666666666666666,0.5,0.3333333333333333,0.2222222222222222,0.3333333333333333,0.2222222222222222
216,500,0.3333333333333333,0.2222222222222222,0.3333333333333333,0.2222222222222222,0.6666666666666666,0.5,0.6666666666666666,0.5,0.3333333333333333,0.2222222222222222,0.6666666666666666,0.5
216,1000,0.3333333333333333,0.2222222222222222,0.3333333333333333,0.2222222222222222,0.6666666666666666,0.5,0.6666666666666666,0.5,0.3333333333333333,0.2222222222222222,0.3333333333333333,0.2222222222222222
216,1500,0.3333333333333333,0.2222222222222222,0.3333333333333333,0.2222222222222222,0.6666666666666666,0.5,0.6666666666666666,0.5,0.3333333333333333,0.2222222222222222,0.3333333333333333,0.2222222222222222
217,20,0.16666666666666666,0.16666666666666666,0.3333333333333333,0.2222222222222222,0.6666666666666666,0.6,0.16666666666666666,0.13333333333333333,0.16666666666666666,0.16666666666666666,0.6666666666666666,0.5
217,50,0.16666666666666666,0.16666666666666666,0.16666666666666666,0.16666666666666666,0.6666666666666666,0.6,0.16666666666666666,0.13333333333333333,0.16666666666666666,0.16666666666666666,0.16666666666666666,0.2222222222222222
217,100,0.16666666666666666,0.16666666666666666,0.16666666666666666,0.16666666666666666,0.6666666666666666,0.6,0.3333333333333333,0.2222222222222222,0.16666666666666666,0.16666666666666666,0.16666666666666666,0.16666666666666666
217,200,0.16666666666666666,0.16666666666666666,0.16666666666666666,0.13333333333333333,0.6666666666666666,0.6,0.3333333333333333,0.2222222222222222,0.16666666666666666,0.16666666666666666,0.16666666666666666,0.16666666666666666
217,500,0.16666666666666666,0.16666666666666666,0.16666666666666666,0.16666666666666666,0.6666666666666666,0.6,0.3333333333333333,0.2222222222222222,0.16666666666666666,0.16666666666666666,0.16666666666666666,0.13333333333333333
217,1000,0.16666666666666666,0.16666666666666666,0.16666666666666666,0.16666666666666666,0.6666666666666666,0.6,0.6666666666666666,0.6,0.16666666666666666,0.16666666666666666,0.16666666666666666,0.16666666666666666
217,1500,0.16666666666666666,0.16666666666666666,0.16666666666666666,0.16666666666666666,0.6666666666666666,0.6,0.6666666666666666,0.6,0.16666666666666666,0.16666666666666666,0.16666666666666666,0.16666666666666666
218,20,0.5,0.4444444444444444,0.5,0.4444444444444444,0.5,0.4444444444444444,0.6666666666666666,0.5555555555555555,0.5,0.4444444444444444,0.5,0.4444444444444444
218,50,0.5,0.4444444444444444,0.5,0.4444444444444444,0.5,0.4444444444444444,0.5,0.4444444444444444,0.5,0.4444444444444444,0.5,0.4444444444444444
218,100,0.5,0.4444444444444444,0.5,0.4444444444444444,0.5,0.4444444444444444,0.5,0.4444444444444444,0.5,0.4444444444444444,0.5,0.4444444444444444
218,200,0.5,0.4444444444444444,0.5,0.4444444444444444,0.5,0.4444444444444444,0.5,0.4444444444444444,0.5,0.4444444444444444,0.5,0.4444444444444444
218,500,0.5,0.4444444444444444,0.5,0.4444444444444444,0.5,0.4444444444444444,0.5,0.4444444444444444,0.5,0.4444444444444444,0.5,0.38888888888888884
218,1000,0.5,0.4444444444444444,0.5,0.4444444444444444,0.5,0.4444444444444444,0.5,0.4444444444444444,0.5,0.4444444444444444,0.5,0.4444444444444444
218,1500,0.5,0.4444444444444444,0.5,0.4444444444444444,0.5,0.4444444444444444,0.5,0.4444444444444444,0.5,0.4444444444444444,0.5,0.4444444444444444
219,20,0.5,0.38888888888888884,0.5,0.38888888888888884,0.5,0.38888888888888884,0.16666666666666666,0.13333333333333333,0.5,0.5,0.16666666666666666,0.13333333333333333
219,50,0.5,0.38888888888888884,0.3333333333333333,0.16666666666666666,0.5,0.38888888888888884,0.5,0.38888888888888884,0.5,0.5,0.5,0.38888888888888884
219,100,0.5,0.38888888888888884,0.3333333333333333,0.16666666666666666,0.5,0.38888888888888884,0.5,0.38888888888888884,0.5,0.5,0.5,0.38888888888888884
219,200,0.5,0.38888888888888884,0.3333333333333333,0.16666666666666666,0.5,0.38888888888888884,0.5,0.38888888888888884,0.5,0.5,0.5,0.38888888888888884
219,500,0.5,0.38888888888888884,0.5,0.38888888888888884,0.5,0.38888888888888884,0.5,0.38888888888888884,0.5,0.5,0.5,0.5
219,1000,0.5,0.38888888888888884,0.5,0.38888888888888884,0.5,0.38888888888888884,0.5,0.38888888888888884,0.5,0.5,0.5,0.5
219,1500,0.5,0.38888888888888884,0.5,0.38888888888888884,0.5,0.38888888888888884,0.5,0.38888888888888884,0.5,0.5,0.5,0.5
220,20,0.16666666666666666,0.2222222222222222,0.3333333333333333,0.16666666666666666,0.16666666666666666,0.2222222222222222,0.16666666666666666,0.2222222222222222,0.16666666666666666,0.2222222222222222,0.0,0.0
220,50,0.16666666666666666,0.2222222222222222,0.16666666666666666,0.2222222222222222,0.16666666666666666,0.2222222222222222,0.16666666666666666,0.2222222222222222,0.16666666666666666,0.2222222222222222,0.16666666666666666,0.16666666666666666
220,100,0.16666666666666666,0.2222222222222222,0.16666666666666666,0.2222222222222222,0.16666666666666666,0.2222222222222222,0.16666666666666666,0.2222222222222222,0.16666666666666666,0.2222222222222222,0.0,0.0
220,200,0.16666666666666666,0.2222222222222222,0.16666666666666666,0.2222222222222222,0.16666666666666666,0.2222222222222222,0.16666666666666666,0.2222222222222222,0.16666666666666666,0.2222222222222222,0.0,0.0
220,500,0.16666666666666666,0.2222222222222222,0.16666666666666666,0.2222222222222222,0.16666666666666666,0.2222222222222222,0.16666666666666666,0.2222222222222222,0.16666666666666666,0.2222222222222222,0.16666666666666666,0.2222222222222222
220,1000,0.16666666666666666,0.2222222222222222,0.16666666666666666,0.2222222222222222,0.16666666666666666,0.2222222222222222,0.16666666666666666,0.2222222222222222,0.16666666666666666,0.2222222222222222,0.16666666666666666,0.2222222222222222
220,1500,0.16666666666666666,0.2222222222222222,0.16666666666666666,0.2222222222222222,0.16666666666666666,0.2222222222222222,0.16666666666666666,0.2222222222222222,0.16666666666666666,0.2222222222222222,0.16666666666666666,0.2222222222222222
221,20,0.5,0.38888888888888884,0.6666666666666666,0.5555555555555555,0.5,0.38888888888888884,0.3333333333333333,0.16666666666666666,0.3333333333333333,0.16666666666666666,0.3333333333333333,0.3333333333333333
221,50,0.5,0.38888888888888884,0.5,0.38888888888888884,0.5,0.38888888888888884,0.8333333333333334,0.7777777777777777,0.3333333333333333,0.16666666666666666,0.3333333333333333,0.2222222222222222
221,100,0.5,0.38888888888888884,0.5,0.38888888888888884,0.5,0.38888888888888884,0.8333333333333334,0.7777777777777777,0.3333333333333333,0.16666666666666666,0.3333333333333333,0.16666666666666666
221,200,0.5,0.38888888888888884,0.5,0.38888888888888884,0.5,0.38888888888888884,0.5,0.38888888888888884,0.3333333333333333,0.16666666666666666,0.3333333333333333,0.16666666666666666
221,500,0.5,0.38888888888888884,0.5,0.38888888888888884,0.5,0.38888888888888884,0.5,0.38888888888888884,0.3333333333333333,0.16666666666666666,0.3333333333333333,0.16666666666666666
221,1000,0.5,0.38888888888888884,0.5,0.38888888888888884,0.5,0.38888888888888884,0.5,0.38888888888888884,0.3333333333333333,0.16666666666666666,0.3333333333333333,0.16666666666666666
221,1500,0.5,0.38888888888888884,0.5,0.38888888888888884,0.5,0.38888888888888884,0.5,0.38888888888888884,0.3333333333333333,0.16666666666666666,0.3333333333333333,0.16666666666666666
222,20,0.5,0.38888888888888884,0.3333333333333333,0.16666666666666666,0.5,0.38888888888888884,0.3333333333333333,0.16666666666666666,0.8333333333333334,0.7777777777777777,0.8333333333333334,0.7777777777777777
222,50,0.5,0.38888888888888884,0.5,0.38888888888888884,0.5,0.38888888888888884,0.5,0.38888888888888884,0.8333333333333334,0.7777777777777777,0.5,0.4444444444444444
222,100,0.5,0.38888888888888884,0.5,0.38888888888888884,0.5,0.38888888888888884,0.5,0.38888888888888884,0.8333333333333334,0.7777777777777777,0.5,0.38888888888888884
222,200,0.5,0.38888888888888884,0.5,0.38888888888888884,0.5,0.38888888888888884,0.5,0.38888888888888884,0.8333333333333334,0.7777777777777777,0.8333333333333334,0.7777777777777777
222,500,0.5,0.38888888888888884,0.5,0.38888888888888884,0.5,0.38888888888888884,0.5,0.38888888888888884,0.8333333333333334,0.7777777777777777,0.8333333333333334,0.7777777777777777
222,1000,0.5,0.38888888888888884,0.5,0.38888888888888884,0.5,0.38888888888888884,0.5,0.38888888888888884,0.8333333333333334,0.7777777777777777,0.8333333333333334,0.7777777777777777
222,1500,0.5,0.38888888888888884,0.5,0.38888888888888884,0.5,0.38888888888888884,0.5,0.38888888888888884,0.8333333333333334,0.7777777777777777,0.8333333333333334,0.7777777777777777
223,20,0.3333333333333333,0.16666666666666666,0.3333333333333333,0.16666666666666666,0.8333333333333334,0.7777777777777777,0.8333333333333334,0.7777777777777777,0.0,0.0,0.6666666666666666,0.5
223,50,0.3333333333333333,0.16666666666666666,0.6666666666666666,0.5,0.8333333333333334,0.7777777777777777,0.8333333333333334,0.7777777777777777,0.0,0.0,0.6666666666666666,0.4444444444444444
223,100,0.3333333333333333,0.16666666666666666,0.0,0.0,0.8333333333333334,0.7777777777777777,0.6666666666666666,0.5,0.0,0.0,0.0,0.0
223,200,0.3333333333333333,0.16666666666666666,0.3333333333333333,0.2222222222222222,0.8333333333333334,0.7777777777777777,0.6666666666666666,0.5,0.0,0.0,0.0,0.0
223,500,0.3333333333333333,0.16666666666666666,0.3333333333333333,0.2222222222222222,0.8333333333333334,0.7777777777777777,0.8333333333333334,0.7777777777777777,0.0,0.0,0.0,0.0
223,1000,0.3333333333333333,0.16666666666666666,0.3333333333333333,0.16666666666666666,0.8333333333333334,0.7777777777777777,0.8333333333333334,0.7777777777777777,0.0,0.0,0.0,0.0
223,1500,0.3333333333333333,0.16666666666666666,0.3333333333333333,0.16666666666666666,0.8333333333333334,0.7777777777777777,0.8333333333333334,0.7777777777777777,0.0,0.0,0.0,0.0
224,20,0.16666666666666666,0.16666666666666666,0.16666666666666666,0.13333333333333333,0.5,0.38888888888888884,0.0,0.0,0.16666666666666666,0.16666666666666666,0.5,0.38888888888888884
224,50,0.16666666666666666,0.16666666666666666,0.3333333333333333,0.26666666666666666,0.5,0.38888888888888884,1.0,1.0,0.16666666666666666,0.16666666666666666,0.0,0.0
224,100,0.16666666666666666,0.16666666666666666,0.5,0.38888888888888884,0.5,0.38888888888888884,1.0,1.0,0.16666666666666666,0.16666666666666666,0.16666666666666666,0.16666666666666666
224,200,0.16666666666666666,0.16666666666666666,0.16666666666666666,0.16666666666666666,0.5,0.38888888888888884,0.8333333333333334,0.7777777777777777,0.16666666666666666,0.16666666666666666,0.16666666666666666,0.16666666666666666
224,500,0.16666666666666666,0.16666666666666666,0.16666666666666666,0.16666666666666666,0.5,0.38888888888888884,0.5,0.38888888888888884,0.16666666666666666,0.16666666666666666,0.16666666666666666,0.16666666666666666
224,1000,0.16666666666666666,0.16666666666666666,0.16666666666666666,0.16666666666666666,0.5,0.38888888888888884,0.5,0.38888888888888884,0.16666666666666666,0.16666666666666666,0.16666666666666666,0.16666666666666666
224,1500,0.16666666666666666,0.16666666666666666,0.16666666666666666,0.16666666666666666,0.5,0.38888888888888884,0.5,0.38888888888888884,0.16666666666666666,0.16666666666666666,0.16666666666666666,0.16666666666666666
225,20,0.8333333333333334,0.7777777777777777,0.5,0.5,0.3333333333333333,0.3333333333333333,0.5,0.38888888888888884,0.5,0.5,0.16666666666666666,0.13333333333333333
225,50,0.8333333333333334,0.7777777777777777,0.5,0.5,0.3333333333333333,0.3333333333333333,0.16666666666666666,0.13333333333333333,0.5,0.5,0.8333333333333334,0.7777777777777777
225,100,0.8333333333333334,0.7777777777777777,0.5,0.5,0.3333333333333333,0.3333333333333333,0.6666666666666666,0.5,0.5,0.5,0.5,0.5
225,200,0.8333333333333334,0.7777777777777777,0.8333333333333334,0.7777777777777777,0.3333333333333333,0.3333333333333333,0.6666666666666666,0.5,0.5,0.5,0.5,0.5
225,500,0.8333333333333334,0.7777777777777777,0.8333333333333334,0.7777777777777777,0.3333333333333333,0.3333333333333333,0.6666666666666666,0.5,0.5,0.5,0.5,0.5
225,1000,0.8333333333333334,0.7777777777777777,0.8333333333333334,0.7777777777777777,0.3333333333333333,0.3333333333333333,0.3333333333333333,0.3333333333333333,0.5,0.5,0.5,0.5
225,1500,0.8333333333333334,0.7777777777777777,0.8333333333333334,0.7777777777777777,0.3333333333333333,0.3333333333333333,0.3333333333333333,0.3333333333333333,0.5,0.5,0.5,0.5
226,20,0.5,0.38888888888888884,0.3333333333333333,0.13333333333333333,0.6666666666666666,0.6,0.6666666666666666,0.6,0.3333333333333333,0.2222222222222222,0.8333333333333334,0.7777777777777777
226,50,0.5,0.38888888888888884,0.3333333333333333,0.16666666666666666,0.6666666666666666,0.6,0.6666666666666666,0.6,0.3333333333333333,0.2222222222222222,0.5,0.38888888888888884
226,100,0.5,0.38888888888888884,0.16666666666666666,0.13333333333333333,0.6666666666666666,0.6,0.6666666666666666,0.6,0.3333333333333333,0.2222222222222222,0.3333333333333333,0.2222222222222222
226,200,0.5,0.38888888888888884,0.16666666666666666,0.13333333333333333,0.6666666666666666,0.6,0.6666666666666666,0.6,0.3333333333333333,0.2222222222222222,0.3333333333333333,0.2222222222222222
226,500,0.5,0.38888888888888884,0.16666666666666666,0.13333333333333333,0.6666666666666666,0.6,0.6666666666666666,0.6,0.3333333333333333,0.2222222222222222,0.3333333333333333,0.2222222222222222
226,1000,0.5,0.38888888888888884,0.16666666666666666,0.13333333333333333,0.6666666666666666,0.6,0.6666666666666666,0.6,0.3333333333333333,0.2222222222222222,0.3333333333333333,0.2222222222222222
226,1500,0.5,0.38888888888888884,0.5,0.38888888888888884,0.6666666666666666,0.6,0.6666666666666666,0.6,0.3333333333333333,0.2222222222222222,0.3333333333333333,0.2222222222222222
227,20,0.8333333333333334,0.7777777777777777,0.5,0.4444444444444444,0.8333333333333334,0.7777777777777777,0.16666666666666666,0.16666666666666666,0.5,0.5,0.5,0.38888888888888884
227,50,0.8333333333333334,0.7777777777777777,0.5,0.38888888888888884,0.8333333333333334,0.7777777777777777,0.8333333333333334,0.7777777777777777,0.5,0.5,0.16666666666666666,0.13333333333333333
227,100,0.8333333333333334,0.7777777777777777,0.5,0.38888888888888884,0.8333333333333334,0.7777777777777777,1.0,1.0,0.5,0.5,0.5,0.38888888888888884
227,200,0.8333333333333334,0.7777777777777777,0.5,0.38888888888888884,0.8333333333333334,0.7777777777777777,0.8333333333333334,0.7777777777777777,0.5,0.5,0.5,0.38888888888888884
227,500,0.8333333333333334,0.7777777777777777,0.8333333333333334,0.7777777777777777,0.8333333333333334,0.7777777777777777,0.8333333333333334,0.7777777777777777,0.5,0.5,0.5,0.38888888888888884
227,1000,0.8333333333333334,0.7777777777777777,0.5,0.38888888888888884,0.8333333333333334,0.7777777777777777,0.8333333333333334,0.7777777777777777,0.5,0.5,0.16666666666666666,0.13333333333333333
227,1500,0.8333333333333334,0.7777777777777777,0.8333333333333334,0.7777777777777777,0.8333333333333334,0.7777777777777777,0.8333333333333334,0.7777777777777777,0.5,0.5,0.5,0.38888888888888884
228,20,0.3333333333333333,0.16666666666666666,0.3333333333333333,0.2222222222222222,0.6666666666666666,0.4444444444444444,0.3333333333333333,0.2222222222222222,0.6666666666666666,0.4444444444444444,0.6666666666666666,0.5
228,50,0.3333333333333333,0.16666666666666666,0.3333333333333333,0.2222222222222222,0.6666666666666666,0.4444444444444444,0.3333333333333333,0.2222222222222222,0.6666666666666666,0.4444444444444444,0.3333333333333333,0.3333333333333333
228,100,0.3333333333333333,0.16666666666666666,0.3333333333333333,0.13333333333333333,0.6666666666666666,0.4444444444444444,0.6666666666666666,0.4444444444444444,0.6666666666666666,0.4444444444444444,0.6666666666666666,0.5
228,200,0.3333333333333333,0.16666666666666666,0.3333333333333333,0.13333333333333333,0.6666666666666666,0.4444444444444444,0.6666666666666666,0.4444444444444444,0.6666666666666666,0.4444444444444444,0.6666666666666666,0.5
228,500,0.3333333333333333,0.16666666666666666,0.3333333333333333,0.16666666666666666,0.6666666666666666,0.4444444444444444,0.6666666666666666,0.4444444444444444,0.6666666666666666,0.4444444444444444,0.6666666666666666,0.5
228,1000,0.3333333333333333,0.16666666666666666,0.3333333333333333,0.16666666666666666,0.6666666666666666,0.4444444444444444,0.6666666666666666,0.4444444444444444,0.6666666666666666,0.4444444444444444,0.6666666666666666,0.5
228,1500,0.3333333333333333,0.16666666666666666,0.3333333333333333,0.16666666666666666,0.6666666666666666,0.4444444444444444,0.6666666666666666,0.4444444444444444,0.6666666666666666,0.4444444444444444,0.6666666666666666,0.4444444444444444
229,20,0.3333333333333333,0.2222222222222222,0.3333333333333333,0.16666666666666666,0.3333333333333333,0.16666666666666666,0.0,0.0,0.3333333333333333,0.16666666666666666,0.3333333333333333,0.13333333333333333
229,50,0.3333333333333333,0.2222222222222222,0.6666666666666666,0.4444444444444444,0.3333333333333333,0.16666666666666666,0.0,0.0,0.3333333333333333,0.16666666666666666,0.3333333333333333,0.16666666666666666
229,100,0.3333333333333333,0.2222222222222222,0.3333333333333333,0.16666666666666666,0.3333333333333333,0.16666666666666666,0.3333333333333333,0.16666666666666666,0.3333333333333333,0.16666666666666666,0.3333333333333333,0.16666666666666666
229,200,0.3333333333333333,0.2222222222222222,0.3333333333333333,0.16666666666666666,0.3333333333333333,0.16666666666666666,0.3333333333333333,0.16666666666666666,0.3333333333333333,0.16666666666666666,0.3333333333333333,0.16666666666666666
229,500,0.3333333333333333,0.2222222222222222,0.3333333333333333,0.2222222222222222,0.3333333333333333,0.16666666666666666,0.3333333333333333,0.16666666666666666,0.3333333333333333,0.16666666666666666,0.5,0.4444444444444444
229,1000,0.3333333333333333,0.2222222222222222,0.3333333333333333,0.2222222222222222,0.3333333333333333,0.16666666666666666,0.3333333333333333,0.16666666666666666,0.3333333333333333,0.16666666666666666,0.3333333333333333,0.16666666666666666
229,1500,0.3333333333333333,0.2222222222222222,0.3333333333333333,0.2222222222222222,0.3333333333333333,0.16666666666666666,0.3333333333333333,0.16666666666666666,0.3333333333333333,0.16666666666666666,0.3333333333333333,0.16666666666666666
230,20,0.3333333333333333,0.2222222222222222,0.5,0.5,0.6666666666666666,0.6,0.16666666666666666,0.13333333333333333,0.5,0.38888888888888884,0.5,0.4444444444444444
230,50,0.3333333333333333,0.2222222222222222,0.6666666666666666,0.6,0.6666666666666666,0.6,0.6666666666666666,0.6,0.5,0.38888888888888884,0.5,0.5
230,100,0.3333333333333333,0.2222222222222222,0.3333333333333333,0.2222222222222222,0.6666666666666666,0.6,0.3333333333333333,0.2222222222222222,0.5,0.38888888888888884,0.5,0.5
230,200,0.3333333333333333,0.2222222222222222,0.3333333333333333,0.2222222222222222,0.6666666666666666,0.6,0.6666666666666666,0.6,0.5,0.38888888888888884,0.5,0.5
230,500,0.3333333333333333,0.2222222222222222,0.3333333333333333,0.2222222222222222,0.6666666666666666,0.6,0.6666666666666666,0.6,0.5,0.38888888888888884,0.5,0.38888888888888884
230,1000,0.3333333333333333,0.2222222222222222,0.3333333333333333,0.2222222222222222,0.6666666666666666,0.6,0.6666666666666666,0.6,0.5,0.38888888888888884,0.5,0.38888888888888884
230,1500,0.3333333333333333,0.2222222222222222,0.3333333333333333,0.2222222222222222,0.6666666666666666,0.6,0.6666666666666666,0.6,0.5,0.38888888888888884,0.5,0.38888888888888884
231,20,0.3333333333333333,0.2222222222222222,0.5,0.38888888888888884,0.5,0.38888888888888884,0.16666666666666666,0.16666666666666666,0.16666666666666666,0.13333333333333333,0.3333333333333333,0.16666666666666666
231,50,0.3333333333333333,0.2222222222222222,0.3333333333333333,0.26666666666666666,0.5,0.38888888888888884,0.6666666666666666,0.5555555555555555,0.16666666666666666,0.13333333333333333,0.3333333333333333,0.16666666666666666
231,100,0.3333333333333333,0.2222222222222222,0.3333333333333333,0.26666666666666666,0.5,0.38888888888888884,0.6666666666666666,0.5555555555555555,0.16666666666666666,0.13333333333333333,0.3333333333333333,0.16666666666666666
231,200,0.3333333333333333,0.2222222222222222,0.3333333333333333,0.26666666666666666,0.5,0.38888888888888884,0.5,0.38888888888888884,0.16666666666666666,0.13333333333333333,0.3333333333333333,0.16666666666666666
231,500,0.3333333333333333,0.2222222222222222,0.3333333333333333,0.26666666666666666,0.5,0.38888888888888884,0.5,0.38888888888888884,0.16666666666666666,0.13333333333333333,0.3333333333333333,0.2222222222222222
231,1000,0.3333333333333333,0.2222222222222222,0.3333333333333333,0.2222222222222222,0.5,0.38888888888888884,0.5,0.38888888888888884,0.16666666666666666,0.13333333333333333,0.0,0.0
231,1500,0.3333333333333333,0.2222222222222222,0.3333333333333333,0.2222222222222222,0.5,0.38888888888888884,0.5,0.38888888888888884,0.16666666666666666,0.13333333333333333,0.16666666666666666,0.13333333333333333
232,20,0.6666666666666666,0.5555555555555555,0.3333333333333333,0.3333333333333333,0.6666666666666666,0.5555555555555555,0.16666666666666666,0.16666666666666666,0.3333333333333333,0.3333333333333333,0.6666666666666666,0.5555555555555555
232,50,0.6666666666666666,0.5555555555555555,0.6666666666666666,0.5555555555555555,0.6666666666666666,0.5555555555555555,0.3333333333333333,0.26666666666666666,0.3333333333333333,0.3333333333333333,0.3333333333333333,0.3333333333333333
232,100,0.6666666666666666,0.5555555555555555,0.6666666666666666,0.5555555555555555,0.6666666666666666,0.5555555555555555,0.6666666666666666,0.5555555555555555,0.3333333333333333,0.3333333333333333,0.3333333333333333,0.3333333333333333
232,200,0.6666666666666666,0.5555555555555555,0.6666666666666666,0.5555555555555555,0.6666666666666666,0.5555555555555555,0.6666666666666666,0.5555555555555555,0.3333333333333333,0.3333333333333333,0.3333333333333333,0.3333333333333333
232,500,0.6666666666666666,0.5555555555555555,0.6666666666666666,0.5555555555555555,0.6666666666666666,0.5555555555555555,0.6666666666666666,0.5555555555555555,0.3333333333333333,0.3333333333333333,0.3333333333333333,0.3333333333333333
232,1000,0.6666666666666666,0.5555555555555555,0.6666666666666666,0.5555555555555555,0.6666666666666666,0.5555555555555555,0.6666666666666666,0.5555555555555555,0.3333333333333333,0.3333333333333333,0.3333333333333333,0.3333333333333333
232,1500,0.6666666666666666,0.5555555555555555,0.6666666666666666,0.5555555555555555,0.6666666666666666,0.5555555555555555,0.6666666666666666,0.5555555555555555,0.3333333333333333,0.3333333333333333,0.3333333333333333,0.3333333333333333
233,20,0.3333333333333333,0.13333333333333333,0.3333333333333333,0.16666666666666666,0.5,0.38888888888888884,0.16666666666666666,0.2222222222222222,0.3333333333333333,0.13333333333333333,0.3333333333333333,0.16666666666666666
233,50,0.3333333333333333,0.13333333333333333,0.3333333333333333,0.16666666666666666,0.5,0.38888888888888884,0.16666666666666666,0.2222222222222222,0.3333333333333333,0.13333333333333333,0.0,0.0
233,100,0.3333333333333333,0.13333333333333333,0.3333333333333333,0.16666666666666666,0.5,0.38888888888888884,0.5,0.38888888888888884,0.3333333333333333,0.13333333333333333,0.3333333333333333,0.13333333333333333
233,200,0.3333333333333333,0.13333333333333333,0.3333333333333333,0.13333333333333333,0.5,0.38888888888888884,0.16666666666666666,0.2222222222222222,0.3333333333333333,0.13333333333333333,0.3333333333333333,0.13333333333333333
233,500,0.3333333333333333,0.13333333333333333,0.3333333333333333,0.13333333333333333,0.5,0.38888888888888884,0.16666666666666666,0.2222222222222222,0.3333333333333333,0.13333333333333333,0.3333333333333333,0.13333333333333333
233,1000,0.3333333333333333,0.13333333333333333,0.3333333333333333,0.13333333333333333,0.5,0.38888888888888884,0.5,0.38888888888888884,0.3333333333333333,0.13333333333333333,0.3333333333333333,0.13333333333333333
233,1500,0.3333333333333333,0.13333333333333333,0.3333333333333333,0.13333333333333333,0.5,0.38888888888888884,0.5,0.38888888888888884,0.3333333333333333,0.13333333333333333,0.3333333333333333,0.13333333333333333
234,20,0.16666666666666666,0.16666666666666666,0.5,0.4444444444444444,0.16666666666666666,0.16666666666666666,0.5,0.4444444444444444,0.0,0.0,0.0,0.0
234,50,0.16666666666666666,0.16666666666666666,0.5,0.5,0.16666666666666666,0.16666666666666666,0.16666666666666666,0.16666666666666666,0.0,0.0,0.0,0.0
234,100,0.16666666666666666,0.16666666666666666,0.16666666666666666,0.16666666666666666,0.16666666666666666,0.16666666666666666,0.16666666666666666,0.16666666666666666,0.0,0.0,0.16666666666666666,0.16666666666666666
234,200,0.16666666666666666,0.16666666666666666,0.16666666666666666,0.16666666666666666,0.16666666666666666,0.16666666666666666,0.16666666666666666,0.16666666666666666,0.0,0.0,0.16666666666666666,0.16666666666666666
234,500,0.16666666666666666,0.16666666666666666,0.16666666666666666,0.16666666666666666,0.16666666666666666,0.16666666666666666,0.16666666666666666,0.16666666666666666,0.0,0.0,0.0,0.0
234,1000,0.16666666666666666,0.16666666666666666,0.16666666666666666,0.16666666666666666,0.16666666666666666,0.16666666666666666,0.16666666666666666,0.16666666666666666,0.0,0.0,0.0,0.0
234,1500,0.16666666666666666,0.16666666666666666,0.16666666666666666,0.16666666666666666,0.16666666666666666,0.16666666666666666,0.16666666666666666,0.16666666666666666,0.0,0.0,0.0,0.0
235,20,0.6666666666666666,0.4444444444444444,0.6666666666666666,0.4444444444444444,0.5,0.38888888888888884,0.5,0.38888888888888884,0.6666666666666666,0.4444444444444444,0.8333333333333334,0.7777777777777777
235,50,0.6666666666666666,0.4444444444444444,0.3333333333333333,0.2222222222222222,0.5,0.38888888888888884,0.6666666666666666,0.4444444444444444,0.6666666666666666,0.4444444444444444,0.8333333333333334,0.7777777777777777
235,100,0.6666666666666666,0.4444444444444444,0.3333333333333333,0.2222222222222222,0.5,0.38888888888888884,0.8333333333333334,0.7777777777777777,0.6666666666666666,0.4444444444444444,0.8333333333333334,0.7777777777777777
235,200,0.6666666666666666,0.4444444444444444,0.3333333333333333,0.2222222222222222,0.5,0.38888888888888884,0.8333333333333334,0.7777777777777777,0.6666666666666666,0.4444444444444444,0.8333333333333334,0.7777777777777777
235,500,0.6666666666666666,0.4444444444444444,0.6666666666666666,0.4444444444444444,0.5,0.38888888888888884,0.8333333333333334,0.7777777777777777,0.6666666666666666,0.4444444444444444,0.8333333333333334,0.7777777777777777
235,1000,0.6666666666666666,0.4444444444444444,0.6666666666666666,0.4444444444444444,0.5,0.38888888888888884,0.5,0.38888888888888884,0.6666666666666666,0.4444444444444444,0.6666666666666666,0.4444444444444444
235,1500,0.6666666666666666,0.4444444444444444,0.6666666666666666,0.4444444444444444,0.5,0.38888888888888884,0.5,0.38888888888888884,0.6666666666666666,0.4444444444444444,0.6666666666666666,0.4444444444444444
236,20,0.6666666666666666,0.4444444444444444,0.3333333333333333,0.16666666666666666,0.8333333333333334,0.7777777777777777,0.6666666666666666,0.4444444444444444,0.8333333333333334,0.7777777777777777,0.0,0.0
236,50,0.6666666666666666,0.4444444444444444,0.6666666666666666,0.4444444444444444,0.8333333333333334,0.7777777777777777,0.6666666666666666,0.4444444444444444,0.8333333333333334,0.7777777777777777,0.6666666666666666,0.5
236,100,0.6666666666666666,0.4444444444444444,0.6666666666666666,0.4444444444444444,0.8333333333333334,0.7777777777777777,0.8333333333333334,0.7777777777777777,0.8333333333333334,0.7777777777777777,0.8333333333333334,0.7777777777777777
236,200,0.6666666666666666,0.4444444444444444,0.8333333333333334,0.7777777777777777,0.8333333333333334,0.7777777777777777,0.8333333333333334,0.7777777777777777,0.8333333333333334,0.7777777777777777,0.8333333333333334,0.7777777777777777
236,500,0.6666666666666666,0.4444444444444444,0.8333333333333334,0.7777777777777777,0.8333333333333334,0.7777777777777777,0.6666666666666666,0.4444444444444444,0.8333333333333334,0.7777777777777777,0.8333333333333334,0.7777777777777777
236,1000,0.6666666666666666,0.4444444444444444,0.6666666666666666,0.4444444444444444,0.8333333333333334,0.7777777777777777,0.8333333333333334,0.7777777777777777,0.8333333333333334,0.7777777777777777,0.8333333333333334,0.7777777777777777
236,1500,0.6666666666666666,0.4444444444444444,0.6666666666666666,0.4444444444444444,0.8333333333333334,0.7777777777777777,0.8333333333333334,0.7777777777777777,0.8333333333333334,0.7777777777777777,0.8333333333333334,0.7777777777777777
237,20,0.5,0.38888888888888884,0.16666666666666666,0.16666666666666666,0.16666666666666666,0.16666666666666666,0.0,0.0,0.5,0.38888888888888884,0.5,0.5
237,50,0.5,0.38888888888888884,0.5,0.38888888888888884,0.16666666666666666,0.16666666666666666,0.16666666666666666,0.16666666666666666,0.5,0.38888888888888884,0.16666666666666666,0.2222222222222222
237,100,0.5,0.38888888888888884,0.16666666666666666,0.16666666666666666,0.16666666666666666,0.16666666666666666,0.16666666666666666,0.16666666666666666,0.5,0.38888888888888884,0.5,0.38888888888888884
237,200,0.5,0.38888888888888884,0.5,0.38888888888888884,0.16666666666666666,0.16666666666666666,0.16666666666666666,0.16666666666666666,0.5,0.38888888888888884,0.5,0.38888888888888884
237,500,0.5,0.38888888888888884,0.5,0.38888888888888884,0.16666666666666666,0.16666666666666666,0.16666666666666666,0.16666666666666666,0.5,0.38888888888888884,0.5,0.38888888888888884
237,1000,0.5,0.38888888888888884,0.5,0.38888888888888884,0.16666666666666666,0.16666666666666666,0.16666666666666666,0.16666666666666666,0.5,0.38888888888888884,0.5,0.38888888888888884
237,1500,0.5,0.38888888888888884,0.5,0.38888888888888884,0.16666666666666666,0.16666666666666666,0.16666666666666666,0.16666666666666666,0.5,0.38888888888888884,0.5,0.38888888888888884
238,20,0.5,0.38888888888888884,0.5,0.4444444444444444,0.8333333333333334,0.7777777777777777,0.0,0.0,0.16666666666666666,0.16666666666666666,0.16666666666666666,0.16666666666666666
238,50,0.5,0.38888888888888884,0.5,0.38888888888888884,0.8333333333333334,0.7777777777777777,0.8333333333333334,0.7777777777777777,0.16666666666666666,0.16666666666666666,0.16666666666666666,0.16666666666666666
238,100,0.5,0.38888888888888884,0.16666666666666666,0.16666666666666666,0.8333333333333334,0.7777777777777777,0.8333333333333334,0.7777777777777777,0.16666666666666666,0.16666666666666666,0.16666666666666666,0.16666666666666666
238,200,0.5,0.38888888888888884,0.16666666666666666,0.2222222222222222,0.8333333333333334,0.7777777777777777,0.8333333333333334,0.7777777777777777,0.16666666666666666,0.16666666666666666,0.16666666666666666,0.16666666666666666
238,500,0.5,0.38888888888888884,0.5,0.38888888888888884,0.8333333333333334,0.7777777777777777,0.8333333333333334,0.7777777777777777,0.16666666666666666,0.16666666666666666,0.16666666666666666,0.16666666666666666
238,1000,0.5,0.38888888888888884,0.5,0.38888888888888884,0.8333333333333334,0.7777777777777777,0.8333333333333334,0.7777777777777777,0.16666666666666666,0.16666666666666666,0.16666666666666666,0.16666666666666666
238,1500,0.5,0.38888888888888884,0.5,0.38888888888888884,0.8333333333333334,0.7777777777777777,0.8333333333333334,0.7777777777777777,0.16666666666666666,0.16666666666666666,0.16666666666666666,0.16666666666666666
239,20,0.8333333333333334,0.7777777777777777,0.3333333333333333,0.2222222222222222,0.5,0.5,0.0,0.0,0.3333333333333333,0.2222222222222222,0.5,0.5
239,50,0.8333333333333334,0.7777777777777777,0.5,0.5,0.5,0.5,0.3333333333333333,0.3333333333333333,0.3333333333333333,0.2222222222222222,0.5,0.5
239,100,0.8333333333333334,0.7777777777777777,0.8333333333333334,0.7777777777777777,0.5,0.5,0.5,0.5,0.3333333333333333,0.2222222222222222,0.3333333333333333,0.2222222222222222
239,200,0.8333333333333334,0.7777777777777777,0.8333333333333334,0.7777777777777777,0.5,0.5,0.8333333333333334,0.7777777777777777,0.3333333333333333,0.2222222222222222,0.3333333333333333,0.2222222222222222
239,500,0.8333333333333334,0.7777777777777777,0.8333333333333334,0.7777777777777777,0.5,0.5,0.8333333333333334,0.7777777777777777,0.3333333333333333,0.2222222222222222,0.5,0.5
239,1000,0.8333333333333334,0.7777777777777777,0.8333333333333334,0.7777777777777777,0.5,0.5,0.5,0.5,0.3333333333333333,0.2222222222222222,0.3333333333333333,0.2222222222222222
239,1500,0.8333333333333334,0.7777777777777777,0.5,0.5,0.5,0.5,0.5,0.5,0.3333333333333333,0.2222222222222222,0.3333333333333333,0.2222222222222222
240,20,0.3333333333333333,0.16666666666666666,0.3333333333333333,0.16666666666666666,0.3333333333333333,0.16666666666666666,0.3333333333333333,0.16666666666666666,0.3333333333333333,0.2222222222222222,0.3333333333333333,0.2222222222222222
240,50,0.3333333333333333,0.16666666666666666,0.3333333333333333,0.16666666666666666,0.3333333333333333,0.16666666666666666,0.5,0.38888888888888884,0.3333333333333333,0.2222222222222222,0.3333333333333333,0.2222222222222222
240,100,0.3333333333333333,0.16666666666666666,0.3333333333333333,0.16666666666666666,0.3333333333333333,0.16666666666666666,0.3333333333333333,0.16666666666666666,0.3333333333333333,0.2222222222222222,0.3333333333333333,0.16666666666666666
240,200,0.3333333333333333,0.16666666666666666,0.3333333333333333,0.16666666666666666,0.3333333333333333,0.16666666666666666,0.3333333333333333,0.16666666666666666,0.3333333333333333,0.2222222222222222,0.3333333333333333,0.16666666666666666
240,500,0.3333333333333333,0.16666666666666666,0.3333333333333333,0.16666666666666666,0.3333333333333333,0.16666666666666666,0.3333333333333333,0.16666666666666666,0.3333333333333333,0.2222222222222222,0.3333333333333333,0.16666666666666666
240,1000,0.3333333333333333,0.16666666666666666,0.3333333333333333,0.16666666666666666,0.3333333333333333,0.16666666666666666,0.3333333333333333,0.16666666666666666,0.3333333333333333,0.2222222222222222,0.3333333333333333,0.16666666666666666
240,1500,0.3333333333333333,0.16666666666666666,0.3333333333333333,0.16666666666666666,0.3333333333333333,0.16666666666666666,0.3333333333333333,0.16666666666666666,0.3333333333333333,0.2222222222222222,0.3333333333333333,0.2222222222222222
241,20,0.3333333333333333,0.3333333333333333,0.3333333333333333,0.2222222222222222,0.16666666666666666,0.2222222222222222,0.3333333333333333,0.2222222222222222,0.5,0.38888888888888884,0.5,0.38888888888888884
241,50,0.3333333333333333,0.3333333333333333,0.0,0.0,0.16666666666666666,0.2222222222222222,0.3333333333333333,0.3333333333333333,0.5,0.38888888888888884,0.16666666666666666,0.2222222222222222
241,100,0.3333333333333333,0.3333333333333333,0.16666666666666666,0.2222222222222222,0.16666666666666666,0.2222222222222222,0.3333333333333333,0.26666666666666666,0.5,0.38888888888888884,0.16666666666666666,0.2222222222222222
241,200,0.3333333333333333,0.3333333333333333,0.3333333333333333,0.3333333333333333,0.16666666666666666,0.2222222222222222,0.16666666666666666,0.2222222222222222,0.5,0.38888888888888884,0.16666666666666666,0.2222222222222222
241,500,0.3333333333333333,0.3333333333333333,0.3333333333333333,0.3333333333333333,0.16666666666666666,0.2222222222222222,0.16666666666666666,0.2222222222222222,0.5,0.38888888888888884,0.16666666666666666,0.2222222222222222
241,1000,0.3333333333333333,0.3333333333333333,0.3333333333333333,0.3333333333333333,0.16666666666666666,0.2222222222222222,0.16666666666666666,0.2222222222222222,0.5,0.38888888888888884,0.16666666666666666,0.2222222222222222
241,1500,0.3333333333333333,0.3333333333333333,0.3333333333333333,0.3333333333333333,0.16666666666666666,0.2222222222222222,0.16666666666666666,0.2222222222222222,0.5,0.38888888888888884,0.16666666666666666,0.2222222222222222
242,20,0.5,0.38888888888888884,0.5,0.38888888888888884,0.3333333333333333,0.3333333333333333,0.16666666666666666,0.16666666666666666,0.5,0.38888888888888884,0.16666666666666666,0.2222222222222222
242,50,0.5,0.38888888888888884,0.0,0.0,0.3333333333333333,0.3333333333333333,0.0,0.0,0.5,0.38888888888888884,0.6666666666666666,0.6
242,100,0.5,0.38888888888888884,0.0,0.0,0.3333333333333333,0.3333333333333333,0.16666666666666666,0.16666666666666666,0.5,0.38888888888888884,0.16666666666666666,0.2222222222222222
242,200,0.5,0.38888888888888884,0.3333333333333333,0.3333333333333333,0.3333333333333333,0.3333333333333333,0.3333333333333333,0.3333333333333333,0.5,0.38888888888888884,0.5,0.38888888888888884
242,500,0.5,0.38888888888888884,0.5,0.4444444444444444,0.3333333333333333,0.3333333333333333,0.3333333333333333,0.3333333333333333,0.5,0.38888888888888884,0.5,0.38888888888888884
242,1000,0.5,0.38888888888888884,0.5,0.38888888888888884,0.3333333333333333,0.3333333333333333,0.3333333333333333,0.3333333333333333,0.5,0.38888888888888884,0.16666666666666666,0.16666666666666666
242,1500,0.5,0.38888888888888884,0.5,0.38888888888888884,0.3333333333333333,0.3333333333333333,0.3333333333333333,0.3333333333333333,0.5,0.38888888888888884,0.5,0.38888888888888884
243,20,0.16666666666666666,0.13333333333333333,0.8333333333333334,0.7777777777777777,0.16666666666666666,0.13333333333333333,0.5,0.38888888888888884,0.16666666666666666,0.13333333333333333,0.16666666666666666,0.13333333333333333
243,50,0.16666666666666666,0.13333333333333333,0.5,0.38888888888888884,0.16666666666666666,0.13333333333333333,0.5,0.38888888888888884,0.16666666666666666,0.13333333333333333,0.16666666666666666,0.13333333333333333
243,100,0.16666666666666666,0.13333333333333333,0.5,0.38888888888888884,0.16666666666666666,0.13333333333333333,0.16666666666666666,0.13333333333333333,0.16666666666666666,0.13333333333333333,0.16666666666666666,0.13333333333333333
243,200,0.16666666666666666,0.13333333333333333,0.16666666666666666,0.13333333333333333,0.16666666666666666,0.13333333333333333,0.16666666666666666,0.13333333333333333,0.16666666666666666,0.13333333333333333,0.16666666666666666,0.13333333333333333
243,500,0.16666666666666666,0.13333333333333333,0.16666666666666666,0.13333333333333333,0.16666666666666666,0.13333333333333333,0.5,0.38888888888888884,0.16666666666666666,0.13333333333333333,0.16666666666666666,0.13333333333333333
243,1000,0.16666666666666666,0.13333333333333333,0.16666666666666666,0.13333333333333333,0.16666666666666666,0.13333333333333333,0.16666666666666666,0.13333333333333333,0.16666666666666666,0.13333333333333333,0.16666666666666666,0.13333333333333333
243,1500,0.16666666666666666,0.13333333333333333,0.16666666666666666,0.13333333333333333,0.16666666666666666,0.13333333333333333,0.16666666666666666,0.13333333333333333,0.16666666666666666,0.13333333333333333,0.16666666666666666,0.13333333333333333
244,20,0.6666666666666666,0.5,0.6666666666666666,0.5,0.3333333333333333,0.16666666666666666,0.3333333333333333,0.2222222222222222,0.3333333333333333,0.2222222222222222,0.3333333333333333,0.16666666666666666
244,50,0.6666666666666666,0.5,0.3333333333333333,0.3333333333333333,0.3333333333333333,0.16666666666666666,0.8333333333333334,0.7777777777777777,0.3333333333333333,0.2222222222222222,0.3333333333333333,0.2222222222222222
244,100,0.6666666666666666,0.5,0.6666666666666666,0.5,0.3333333333333333,0.16666666666666666,0.3333333333333333,0.2222222222222222,0.3333333333333333,0.2222222222222222,0.3333333333333333,0.2222222222222222
244,200,0.6666666666666666,0.5,0.6666666666666666,0.5,0.3333333333333333,0.16666666666666666,0.5,0.38888888888888884,0.3333333333333333,0.2222222222222222,0.3333333333333333,0.2222222222222222
244,500,0.6666666666666666,0.5,0.6666666666666666,0.5,0.3333333333333333,0.16666666666666666,0.3333333333333333,0.16666666666666666,0.3333333333333333,0.2222222222222222,0.3333333333333333,0.2222222222222222
244,1000,0.6666666666666666,0.5,0.6666666666666666,0.5,0.3333333333333333,0.16666666666666666,0.3333333333333333,0.16666666666666666,0.3333333333333333,0.2222222222222222,0.3333333333333333,0.2222222222222222
244,1500,0.6666666666666666,0.5,0.6666666666666666,0.5,0.3333333333333333,0.16666666666666666,0.3333333333333333,0.16666666666666666,0.3333333333333333,0.2222222222222222,0.3333333333333333,0.2222222222222222
245,20,0.5,0.38888888888888884,0.3333333333333333,0.16666666666666666,0.5,0.38888888888888884,0.5,0.38888888888888884,0.5,0.38888888888888884,0.5,0.38888888888888884
245,50,0.5,0.38888888888888884,0.0,0.0,0.5,0.38888888888888884,0.3333333333333333,0.2222222222222222,0.5,0.38888888888888884,0.5,0.38888888888888884
245,100,0.5,0.38888888888888884,0.0,0.0,0.5,0.38888888888888884,0.3333333333333333,0.16666666666666666,0.5,0.38888888888888884,0.5,0.38888888888888884
245,200,0.5,0.38888888888888884,0.0,0.0,0.5,0.38888888888888884,0.5,0.4444444444444444,0.5,0.38888888888888884,0.3333333333333333,0.2222222222222222
245,500,0.5,0.38888888888888884,0.5,0.38888888888888884,0.5,0.38888888888888884,0.5,0.38888888888888884,0.5,0.38888888888888884,0.5,0.38888888888888884
245,1000,0.5,0.38888888888888884,0.5,0.38888888888888884,0.5,0.38888888888888884,0.5,0.38888888888888884,0.5,0.38888888888888884,0.3333333333333333,0.16666666666666666
245,1500,0.5,0.38888888888888884,0.5,0.38888888888888884,0.5,0.38888888888888884,0.5,0.38888888888888884,0.5,0.38888888888888884,0.5,0.38888888888888884
246,20,0.5,0.5,0.3333333333333333,0.2222222222222222,0.5,0.38888888888888884,0.0,0.0,0.5,0.38888888888888884,0.0,0.0
246,50,0.5,0.5,0.3333333333333333,0.3333333333333333,0.5,0.38888888888888884,0.5,0.38888888888888884,0.5,0.38888888888888884,0.3333333333333333,0.2222222222222222
246,100,0.5,0.5,0.3333333333333333,0.3333333333333333,0.5,0.38888888888888884,0.5,0.38888888888888884,0.5,0.38888888888888884,0.0,0.0
246,200,0.5,0.5,0.5,0.5,0.5,0.38888888888888884,0.5,0.5,0.5,0.38888888888888884,0.3333333333333333,0.2222222222222222
246,500,0.5,0.5,0.5,0.5,0.5,0.38888888888888884,0.5,0.38888888888888884,0.5,0.38888888888888884,0.5,0.38888888888888884
246,1000,0.5,0.5,0.5,0.5,0.5,0.38888888888888884,0.5,0.38888888888888884,0.5,0.38888888888888884,0.5,0.38888888888888884
246,1500,0.5,0.5,0.5,0.5,0.5,0.38888888888888884,0.5,0.38888888888888884,0.5,0.38888888888888884,0.5,0.38888888888888884
247,20,0.5,0.4444444444444444,0.16666666666666666,0.2222222222222222,0.5,0.4444444444444444,0.5,0.5,0.16666666666666666,0.16666666666666666,0.5,0.38888888888888884
247,50,0.5,0.4444444444444444,0.5,0.4444444444444444,0.5,0.4444444444444444,0.5,0.5,0.16666666666666666,0.16666666666666666,0.5,0.4444444444444444
247,100,0.5,0.4444444444444444,0.16666666666666666,0.2222222222222222,0.5,0.4444444444444444,0.5,0.5,0.16666666666666666,0.16666666666666666,0.16666666666666666,0.16666666666666666
247,200,0.5,0.4444444444444444,0.16666666666666666,0.2222222222222222,0.5,0.4444444444444444,0.8333333333333334,0.7777777777777777,0.16666666666666666,0.16666666666666666,0.16666666666666666,0.16666666666666666
247,500,0.5,0.4444444444444444,0.5,0.4444444444444444,0.5,0.4444444444444444,0.8333333333333334,0.7777777777777777,0.16666666666666666,0.16666666666666666,0.16666666666666666,0.16666666666666666
247,1000,0.5,0.4444444444444444,0.5,0.4444444444444444,0.5,0.4444444444444444,0.8333333333333334,0.7777777777777777,0.16666666666666666,0.16666666666666666,0.16666666666666666,0.16666666666666666
247,1500,0.5,0.4444444444444444,0.5,0.4444444444444444,0.5,0.4444444444444444,0.5,0.4444444444444444,0.16666666666666666,0.16666666666666666,0.16666666666666666,0.16666666666666666
248,20,0.3333333333333333,0.2222222222222222,0.3333333333333333,0.13333333333333333,0.8333333333333334,0.7777777777777777,0.8333333333333334,0.7777777777777777,0.3333333333333333,0.16666666666666666,0.0,0.0
248,50,0.3333333333333333,0.2222222222222222,0.3333333333333333,0.2222222222222222,0.8333333333333334,0.7777777777777777,0.8333333333333334,0.7777777777777777,0.3333333333333333,0.16666666666666666,0.3333333333333333,0.16666666666666666
248,100,0.3333333333333333,0.2222222222222222,0.5,0.4444444444444444,0.8333333333333334,0.7777777777777777,0.8333333333333334,0.7777777777777777,0.3333333333333333,0.16666666666666666,0.3333333333333333,0.16666666666666666
248,200,0.3333333333333333,0.2222222222222222,0.3333333333333333,0.2222222222222222,0.8333333333333334,0.7777777777777777,0.8333333333333334,0.7777777777777777,0.3333333333333333,0.16666666666666666,0.3333333333333333,0.16666666666666666
248,500,0.3333333333333333,0.2222222222222222,0.3333333333333333,0.2222222222222222,0.8333333333333334,0.7777777777777777,0.8333333333333334,0.7777777777777777,0.3333333333333333,0.16666666666666666,0.3333333333333333,0.16666666666666666
248,1000,0.3333333333333333,0.2222222222222222,0.3333333333333333,0.2222222222222222,0.8333333333333334,0.7777777777777777,0.8333333333333334,0.7777777777777777,0.3333333333333333,0.16666666666666666,0.3333333333333333,0.16666666666666666
248,1500,0.3333333333333333,0.2222222222222222,0.3333333333333333,0.2222222222222222,0.8333333333333334,0.7777777777777777,0.8333333333333334,0.7777777777777777,0.3333333333333333,0.16666666666666666,0.3333333333333333,0.16666666666666666
249,20,0.8333333333333334,0.7777777777777777,0.3333333333333333,0.16666666666666666,0.8333333333333334,0.7777777777777777,0.5,0.38888888888888884,0.8333333333333334,0.7777777777777777,0.5,0.5
249,50,0.8333333333333334,0.7777777777777777,0.5,0.38888888888888884,0.8333333333333334,0.7777777777777777,0.5,0.5,0.8333333333333334,0.7777777777777777,0.5,0.5
249,100,0.8333333333333334,0.7777777777777777,0.8333333333333334,0.7777777777777777,0.8333333333333334,0.7777777777777777,0.8333333333333334,0.7777777777777777,0.8333333333333334,0.7777777777777777,0.8333333333333334,0.7777777777777777
249,200,0.8333333333333334,0.7777777777777777,0.8333333333333334,0.7777777777777777,0.8333333333333334,0.7777777777777777,0.8333333333333334,0.7777777777777777,0.8333333333333334,0.7777777777777777,0.8333333333333334,0.7777777777777777
249,500,0.8333333333333334,0.7777777777777777,0.8333333333333334,0.7777777777777777,0.8333333333333334,0.7777777777777777,0.8333333333333334,0.7777777777777777,0.8333333333333334,0.7777777777777777,0.8333333333333334,0.7777777777777777
249,1000,0.8333333333333334,0.7777777777777777,0.8333333333333334,0.7777777777777777,0.8333333333333334,0.7777777777777777,0.8333333333333334,0.7777777777777777,0.8333333333333334,0.7777777777777777,0.8333333333333334,0.7777777777777777
249,1500,0.8333333333333334,0.7777777777777777,0.8333333333333334,0.7777777777777777,0.8333333333333334,0.7777777777777777,0.8333333333333334,0.7777777777777777,0.8333333333333334,0.7777777777777777,0.8333333333333334,0.7777777777777777
250,20,0.0,0.0,0.0,0.0,0.0,0.0,0.16666666666666666,0.16666666666666666,0.0,0.0,0.16666666666666666,0.2222222222222222
250,50,0.0,0.0,0.0,0.0,0.0,0.0,0.0,0.0,0.0,0.0,0.0,0.0
250,100,0.0,0.0,0.3333333333333333,0.2222222222222222,0.0,0.0,0.0,0.0,0.0,0.0,0.0,0.0
250,200,0.0,0.0,0.6666666666666666,0.5,0.0,0.0,0.0,0.0,0.0,0.0,0.0,0.0
250,500,0.0,0.0,0.0,0.0,0.0,0.0,0.0,0.0,0.0,0.0,0.0,0.0
250,1000,0.0,0.0,0.0,0.0,0.0,0.0,0.0,0.0,0.0,0.0,0.0,0.0
250,1500,0.0,0.0,0.0,0.0,0.0,0.0,0.0,0.0,0.0,0.0,0.0,0.0
