model,repeat,fold,sample_index,he_id,y_true,y_pred
gigapath,1,1,0,E2024000193SA-1-1-H&E.svs,0,0
gigapath,1,1,2,E2024006582SA-1-1-H&E.svs,2,0
gigapath,1,1,3,E2024006929SA-2-1-H&E.svs,1,1
gigapath,1,1,7,E2025020264SA-1-1-H&E.svs,0,1
gigapath,1,2,4,E2024039719SA-5-1-H&E.svs,2,0
gigapath,1,2,10,E2026000962SA-1-1-H&E.svs,1,2
gigapath,1,2,11,E2026001028SA-1-1-H&E_UTC2026-01-12T10_56_56Z.svs,1,1
gigapath,1,2,14,E2024058799SA-4-2-H&E.svs,0,0
gigapath,1,3,8,E2025022969SA-1-1-H&E.svs,1,1
gigapath,1,3,16,E2026000723SA-1-1-H&E.svs,2,2
gigapath,1,3,17,CPH-C1322-A-3-1-HE.svs,1,2
gigapath,1,3,19,CPH-U4973-A-1-1-HE.svs,0,0
gigapath,1,4,1,E2024006448SA-2-1-H&E.svs,1,0
gigapath,1,4,9,E2025030673SA-1-1-H&E.svs,2,0
gigapath,1,4,12,E2024000551SA-1-306-H&E.svs,2,0
gigapath,1,4,18,CPH-I4751-A-1-1-HE.svs,0,0
gigapath,1,5,5,E2024059593SA-1-1-H&E.svs,2,0
gigapath,1,5,6,E2024060606SA-1-1-H&E.svs,2,2
gigapath,1,5,13,E2024006805SA-1-1-H&E.svs,0,0
gigapath,1,5,15,E2024060786SA-1-1-H&E.svs,1,0
gigapath,2,1,0,E2024000193SA-1-1-H&E.svs,0,0
gigapath,2,1,9,E2025030673SA-1-1-H&E.svs,2,0
gigapath,2,1,10,E2026000962SA-1-1-H&E.svs,1,2
gigapath,2,1,18,CPH-I4751-A-1-1-HE.svs,0,0
gigapath,2,2,2,E2024006582SA-1-1-H&E.svs,2,0
gigapath,2,2,3,E2024006929SA-2-1-H&E.svs,1,1
gigapath,2,2,7,E2025020264SA-1-1-H&E.svs,0,1
gigapath,2,2,17,CPH-C1322-A-3-1-HE.svs,1,2
gigapath,2,3,5,E2024059593SA-1-1-H&E.svs,2,0
gigapath,2,3,11,E2026001028SA-1-1-H&E_UTC2026-01-12T10_56_56Z.svs,1,1
gigapath,2,3,14,E2024058799SA-4-2-H&E.svs,0,2
gigapath,2,3,15,E2024060786SA-1-1-H&E.svs,1,0
gigapath,2,4,1,E2024006448SA-2-1-H&E.svs,1,0
gigapath,2,4,12,E2024000551SA-1-306-H&E.svs,2,0
gigapath,2,4,16,E2026000723SA-1-1-H&E.svs,2,2
gigapath,2,4,19,CPH-U4973-A-1-1-HE.svs,0,0
gigapath,2,5,4,E2024039719SA-5-1-H&E.svs,2,0
gigapath,2,5,6,E2024060606SA-1-1-H&E.svs,2,2
gigapath,2,5,8,E2025022969SA-1-1-H&E.svs,1,1
gigapath,2,5,13,E2024006805SA-1-1-H&E.svs,0,0
gigapath,3,1,0,E2024000193SA-1-1-H&E.svs,0,0
gigapath,3,1,1,E2024006448SA-2-1-H&E.svs,1,0
gigapath,3,1,16,E2026000723SA-1-1-H&E.svs,2,2
gigapath,3,1,19,CPH-U4973-A-1-1-HE.svs,0,0
gigapath,3,2,2,E2024006582SA-1-1-H&E.svs,2,0
gigapath,3,2,3,E2024006929SA-2-1-H&E.svs,1,1
gigapath,3,2,11,E2026001028SA-1-1-H&E_UTC2026-01-12T10_56_56Z.svs,1,1
gigapath,3,2,13,E2024006805SA-1-1-H&E.svs,0,0
gigapath,3,3,8,E2025022969SA-1-1-H&E.svs,1,1
gigapath,3,3,10,E2026000962SA-1-1-H&E.svs,1,2
gigapath,3,3,12,E2024000551SA-1-306-H&E.svs,2,0
gigapath,3,3,18,CPH-I4751-A-1-1-HE.svs,0,0
gigapath,3,4,5,E2024059593SA-1-1-H&E.svs,2,0
gigapath,3,4,9,E2025030673SA-1-1-H&E.svs,2,0
gigapath,3,4,14,E2024058799SA-4-2-H&E.svs,0,0
gigapath,3,4,17,CPH-C1322-A-3-1-HE.svs,1,2
gigapath,3,5,4,E2024039719SA-5-1-H&E.svs,2,0
gigapath,3,5,6,E2024060606SA-1-1-H&E.svs,2,2
gigapath,3,5,7,E2025020264SA-1-1-H&E.svs,0,1
gigapath,3,5,15,E2024060786SA-1-1-H&E.svs,1,1
gigapath,4,1,2,E2024006582SA-1-1-H&E.svs,2,2
gigapath,4,1,10,E2026000962SA-1-1-H&E.svs,1,0
gigapath,4,1,18,CPH-I4751-A-1-1-HE.svs,0,0
gigapath,4,1,19,CPH-U4973-A-1-1-HE.svs,0,2
gigapath,4,2,0,E2024000193SA-1-1-H&E.svs,0,0
gigapath,4,2,1,E2024006448SA-2-1-H&E.svs,1,0
gigapath,4,2,15,E2024060786SA-1-1-H&E.svs,1,0
gigapath,4,2,16,E2026000723SA-1-1-H&E.svs,2,2
gigapath,4,3,3,E2024006929SA-2-1-H&E.svs,1,1
gigapath,4,3,6,E2024060606SA-1-1-H&E.svs,2,2
gigapath,4,3,8,E2025022969SA-1-1-H&E.svs,1,1
gigapath,4,3,14,E2024058799SA-4-2-H&E.svs,0,2
gigapath,4,4,5,E2024059593SA-1-1-H&E.svs,2,0
gigapath,4,4,7,E2025020264SA-1-1-H&E.svs,0,1
gigapath,4,4,12,E2024000551SA-1-306-H&E.svs,2,0
gigapath,4,4,17,CPH-C1322-A-3-1-HE.svs,1,2
gigapath,4,5,4,E2024039719SA-5-1-H&E.svs,2,0
gigapath,4,5,9,E2025030673SA-1-1-H&E.svs,2,0
gigapath,4,5,11,E2026001028SA-1-1-H&E_UTC2026-01-12T10_56_56Z.svs,1,1
gigapath,4,5,13,E2024006805SA-1-1-H&E.svs,0,0
gigapath,5,1,1,E2024006448SA-2-1-H&E.svs,1,2
gigapath,5,1,2,E2024006582SA-1-1-H&E.svs,2,0
gigapath,5,1,13,E2024006805SA-1-1-H&E.svs,0,2
gigapath,5,1,14,E2024058799SA-4-2-H&E.svs,0,2
gigapath,5,2,3,E2024006929SA-2-1-H&E.svs,1,1
gigapath,5,2,16,E2026000723SA-1-1-H&E.svs,2,2
gigapath,5,2,17,CPH-C1322-A-3-1-HE.svs,1,2
gigapath,5,2,18,CPH-I4751-A-1-1-HE.svs,0,0
gigapath,5,3,6,E2024060606SA-1-1-H&E.svs,2,2
gigapath,5,3,7,E2025020264SA-1-1-H&E.svs,0,1
gigapath,5,3,10,E2026000962SA-1-1-H&E.svs,1,2
gigapath,5,3,15,E2024060786SA-1-1-H&E.svs,1,1
gigapath,5,4,8,E2025022969SA-1-1-H&E.svs,1,1
gigapath,5,4,9,E2025030673SA-1-1-H&E.svs,2,0
gigapath,5,4,12,E2024000551SA-1-306-H&E.svs,2,0
gigapath,5,4,19,CPH-U4973-A-1-1-HE.svs,0,0
gigapath,5,5,0,E2024000193SA-1-1-H&E.svs,0,0
gigapath,5,5,4,E2024039719SA-5-1-H&E.svs,2,0
gigapath,5,5,5,E2024059593SA-1-1-H&E.svs,2,1
gigapath,5,5,11,E2026001028SA-1-1-H&E_UTC2026-01-12T10_56_56Z.svs,1,1
gigapath,6,1,0,E2024000193SA-1-1-H&E.svs,0,0
gigapath,6,1,5,E2024059593SA-1-1-H&E.svs,2,1
gigapath,6,1,10,E2026000962SA-1-1-H&E.svs,1,2
gigapath,6,1,18,CPH-I4751-A-1-1-HE.svs,0,0
gigapath,6,2,3,E2024006929SA-2-1-H&E.svs,1,1
gigapath,6,2,7,E2025020264SA-1-1-H&E.svs,0,1
gigapath,6,2,8,E2025022969SA-1-1-H&E.svs,1,1
gigapath,6,2,9,E2025030673SA-1-1-H&E.svs,2,0
gigapath,6,3,1,E2024006448SA-2-1-H&E.svs,1,0
gigapath,6,3,6,E2024060606SA-1-1-H&E.svs,2,2
gigapath,6,3,11,E2026001028SA-1-1-H&E_UTC2026-01-12T10_56_56Z.svs,1,1
gigapath,6,3,19,CPH-U4973-A-1-1-HE.svs,0,0
gigapath,6,4,2,E2024006582SA-1-1-H&E.svs,2,0
gigapath,6,4,14,E2024058799SA-4-2-H&E.svs,0,2
gigapath,6,4,16,E2026000723SA-1-1-H&E.svs,2,2
gigapath,6,4,17,CPH-C1322-A-3-1-HE.svs,1,2
gigapath,6,5,4,E2024039719SA-5-1-H&E.svs,2,0
gigapath,6,5,12,E2024000551SA-1-306-H&E.svs,2,0
gigapath,6,5,13,E2024006805SA-1-1-H&E.svs,0,0
gigapath,6,5,15,E2024060786SA-1-1-H&E.svs,1,0
gigapath,7,1,11,E2026001028SA-1-1-H&E_UTC2026-01-12T10_56_56Z.svs,1,1
gigapath,7,1,16,E2026000723SA-1-1-H&E.svs,2,2
gigapath,7,1,18,CPH-I4751-A-1-1-HE.svs,0,2
gigapath,7,1,19,CPH-U4973-A-1-1-HE.svs,0,2
gigapath,7,2,1,E2024006448SA-2-1-H&E.svs,1,0
gigapath,7,2,4,E2024039719SA-5-1-H&E.svs,2,0
gigapath,7,2,7,E2025020264SA-1-1-H&E.svs,0,1
gigapath,7,2,8,E2025022969SA-1-1-H&E.svs,1,1
gigapath,7,3,3,E2024006929SA-2-1-H&E.svs,1,1
gigapath,7,3,9,E2025030673SA-1-1-H&E.svs,2,0
gigapath,7,3,14,E2024058799SA-4-2-H&E.svs,0,0
gigapath,7,3,17,CPH-C1322-A-3-1-HE.svs,1,2
gigapath,7,4,6,E2024060606SA-1-1-H&E.svs,2,2
gigapath,7,4,10,E2026000962SA-1-1-H&E.svs,1,2
gigapath,7,4,12,E2024000551SA-1-306-H&E.svs,2,0
gigapath,7,4,13,E2024006805SA-1-1-H&E.svs,0,0
gigapath,7,5,0,E2024000193SA-1-1-H&E.svs,0,0
gigapath,7,5,2,E2024006582SA-1-1-H&E.svs,2,0
gigapath,7,5,5,E2024059593SA-1-1-H&E.svs,2,0
gigapath,7,5,15,E2024060786SA-1-1-H&E.svs,1,0
gigapath,8,1,0,E2024000193SA-1-1-H&E.svs,0,0
gigapath,8,1,9,E2025030673SA-1-1-H&E.svs,2,0
gigapath,8,1,11,E2026001028SA-1-1-H&E_UTC2026-01-12T10_56_56Z.svs,1,1
gigapath,8,1,14,E2024058799SA-4-2-H&E.svs,0,0
gigapath,8,2,8,E2025022969SA-1-1-H&E.svs,1,1
gigapath,8,2,12,E2024000551SA-1-306-H&E.svs,2,0
gigapath,8,2,17,CPH-C1322-A-3-1-HE.svs,1,2
gigapath,8,2,19,CPH-U4973-A-1-1-HE.svs,0,0
gigapath,8,3,3,E2024006929SA-2-1-H&E.svs,1,1
gigapath,8,3,5,E2024059593SA-1-1-H&E.svs,2,1
gigapath,8,3,7,E2025020264SA-1-1-H&E.svs,0,1
gigapath,8,3,10,E2026000962SA-1-1-H&E.svs,1,2
gigapath,8,4,1,E2024006448SA-2-1-H&E.svs,1,0
gigapath,8,4,4,E2024039719SA-5-1-H&E.svs,2,0
gigapath,8,4,13,E2024006805SA-1-1-H&E.svs,0,2
gigapath,8,4,16,E2026000723SA-1-1-H&E.svs,2,2
gigapath,8,5,2,E2024006582SA-1-1-H&E.svs,2,0
gigapath,8,5,6,E2024060606SA-1-1-H&E.svs,2,2
gigapath,8,5,15,E2024060786SA-1-1-H&E.svs,1,0
gigapath,8,5,18,CPH-I4751-A-1-1-HE.svs,0,0
gigapath,9,1,7,E2025020264SA-1-1-H&E.svs,0,0
gigapath,9,1,12,E2024000551SA-1-306-H&E.svs,2,0
gigapath,9,1,13,E2024006805SA-1-1-H&E.svs,0,0
gigapath,9,1,15,E2024060786SA-1-1-H&E.svs,1,1
gigapath,9,2,3,E2024006929SA-2-1-H&E.svs,1,1
gigapath,9,2,6,E2024060606SA-1-1-H&E.svs,2,2
gigapath,9,2,14,E2024058799SA-4-2-H&E.svs,0,2
gigapath,9,2,17,CPH-C1322-A-3-1-HE.svs,1,2
gigapath,9,3,0,E2024000193SA-1-1-H&E.svs,0,0
gigapath,9,3,1,E2024006448SA-2-1-H&E.svs,1,0
gigapath,9,3,8,E2025022969SA-1-1-H&E.svs,1,1
gigapath,9,3,16,E2026000723SA-1-1-H&E.svs,2,2
gigapath,9,4,2,E2024006582SA-1-1-H&E.svs,2,0
gigapath,9,4,9,E2025030673SA-1-1-H&E.svs,2,0
gigapath,9,4,10,E2026000962SA-1-1-H&E.svs,1,0
gigapath,9,4,18,CPH-I4751-A-1-1-HE.svs,0,0
gigapath,9,5,4,E2024039719SA-5-1-H&E.svs,2,0
gigapath,9,5,5,E2024059593SA-1-1-H&E.svs,2,1
gigapath,9,5,11,E2026001028SA-1-1-H&E_UTC2026-01-12T10_56_56Z.svs,1,1
gigapath,9,5,19,CPH-U4973-A-1-1-HE.svs,0,0
gigapath,10,1,0,E2024000193SA-1-1-H&E.svs,0,0
gigapath,10,1,10,E2026000962SA-1-1-H&E.svs,1,0
gigapath,10,1,12,E2024000551SA-1-306-H&E.svs,2,2
gigapath,10,1,14,E2024058799SA-4-2-H&E.svs,0,2
gigapath,10,2,5,E2024059593SA-1-1-H&E.svs,2,1
gigapath,10,2,8,E2025022969SA-1-1-H&E.svs,1,1
gigapath,10,2,17,CPH-C1322-A-3-1-HE.svs,1,2
gigapath,10,2,18,CPH-I4751-A-1-1-HE.svs,0,0
gigapath,10,3,2,E2024006582SA-1-1-H&E.svs,2,0
gigapath,10,3,3,E2024006929SA-2-1-H&E.svs,1,1
gigapath,10,3,7,E2025020264SA-1-1-H&E.svs,0,1
gigapath,10,3,11,E2026001028SA-1-1-H&E_UTC2026-01-12T10_56_56Z.svs,1,1
gigapath,10,4,1,E2024006448SA-2-1-H&E.svs,1,0
gigapath,10,4,4,E2024039719SA-5-1-H&E.svs,2,0
gigapath,10,4,9,E2025030673SA-1-1-H&E.svs,2,0
gigapath,10,4,13,E2024006805SA-1-1-H&E.svs,0,0
gigapath,10,5,6,E2024060606SA-1-1-H&E.svs,2,2
gigapath,10,5,15,E2024060786SA-1-1-H&E.svs,1,0
gigapath,10,5,16,E2026000723SA-1-1-H&E.svs,2,1
gigapath,10,5,19,CPH-U4973-A-1-1-HE.svs,0,2
gigapath,11,1,1,E2024006448SA-2-1-H&E.svs,1,0
gigapath,11,1,7,E2025020264SA-1-1-H&E.svs,0,1
gigapath,11,1,9,E2025030673SA-1-1-H&E.svs,2,0
gigapath,11,1,14,E2024058799SA-4-2-H&E.svs,0,0
gigapath,11,2,5,E2024059593SA-1-1-H&E.svs,2,0
gigapath,11,2,10,E2026000962SA-1-1-H&E.svs,1,2
gigapath,11,2,15,E2024060786SA-1-1-H&E.svs,1,0
gigapath,11,2,18,CPH-I4751-A-1-1-HE.svs,0,0
gigapath,11,3,3,E2024006929SA-2-1-H&E.svs,1,1
gigapath,11,3,4,E2024039719SA-5-1-H&E.svs,2,0
gigapath,11,3,8,E2025022969SA-1-1-H&E.svs,1,1
gigapath,11,3,13,E2024006805SA-1-1-H&E.svs,0,0
gigapath,11,4,2,E2024006582SA-1-1-H&E.svs,2,0
gigapath,11,4,11,E2026001028SA-1-1-H&E_UTC2026-01-12T10_56_56Z.svs,1,1
gigapath,11,4,16,E2026000723SA-1-1-H&E.svs,2,2
gigapath,11,4,19,CPH-U4973-A-1-1-HE.svs,0,0
gigapath,11,5,0,E2024000193SA-1-1-H&E.svs,0,0
gigapath,11,5,6,E2024060606SA-1-1-H&E.svs,2,2
gigapath,11,5,12,E2024000551SA-1-306-H&E.svs,2,0
gigapath,11,5,17,CPH-C1322-A-3-1-HE.svs,1,2
gigapath,12,1,0,E2024000193SA-1-1-H&E.svs,0,0
gigapath,12,1,10,E2026000962SA-1-1-H&E.svs,1,2
gigapath,12,1,13,E2024006805SA-1-1-H&E.svs,0,2
gigapath,12,1,16,E2026000723SA-1-1-H&E.svs,2,1
gigapath,12,2,5,E2024059593SA-1-1-H&E.svs,2,0
gigapath,12,2,7,E2025020264SA-1-1-H&E.svs,0,0
gigapath,12,2,15,E2024060786SA-1-1-H&E.svs,1,1
gigapath,12,2,17,CPH-C1322-A-3-1-HE.svs,1,2
gigapath,12,3,1,E2024006448SA-2-1-H&E.svs,1,0
gigapath,12,3,6,E2024060606SA-1-1-H&E.svs,2,2
gigapath,12,3,11,E2026001028SA-1-1-H&E_UTC2026-01-12T10_56_56Z.svs,1,1
gigapath,12,3,19,CPH-U4973-A-1-1-HE.svs,0,0
gigapath,12,4,2,E2024006582SA-1-1-H&E.svs,2,0
gigapath,12,4,3,E2024006929SA-2-1-H&E.svs,1,1
gigapath,12,4,4,E2024039719SA-5-1-H&E.svs,2,0
gigapath,12,4,14,E2024058799SA-4-2-H&E.svs,0,0
gigapath,12,5,8,E2025022969SA-1-1-H&E.svs,1,1
gigapath,12,5,9,E2025030673SA-1-1-H&E.svs,2,0
gigapath,12,5,12,E2024000551SA-1-306-H&E.svs,2,0
gigapath,12,5,18,CPH-I4751-A-1-1-HE.svs,0,0
gigapath,13,1,0,E2024000193SA-1-1-H&E.svs,0,0
gigapath,13,1,4,E2024039719SA-5-1-H&E.svs,2,0
gigapath,13,1,11,E2026001028SA-1-1-H&E_UTC2026-01-12T10_56_56Z.svs,1,1
gigapath,13,1,14,E2024058799SA-4-2-H&E.svs,0,0
gigapath,13,2,10,E2026000962SA-1-1-H&E.svs,1,2
gigapath,13,2,12,E2024000551SA-1-306-H&E.svs,2,0
gigapath,13,2,13,E2024006805SA-1-1-H&E.svs,0,0
gigapath,13,2,15,E2024060786SA-1-1-H&E.svs,1,0
gigapath,13,3,1,E2024006448SA-2-1-H&E.svs,1,0
gigapath,13,3,8,E2025022969SA-1-1-H&E.svs,1,1
gigapath,13,3,16,E2026000723SA-1-1-H&E.svs,2,2
gigapath,13,3,19,CPH-U4973-A-1-1-HE.svs,0,2
gigapath,13,4,6,E2024060606SA-1-1-H&E.svs,2,2
gigapath,13,4,9,E2025030673SA-1-1-H&E.svs,2,0
gigapath,13,4,17,CPH-C1322-A-3-1-HE.svs,1,2
gigapath,13,4,18,CPH-I4751-A-1-1-HE.svs,0,0
gigapath,13,5,2,E2024006582SA-1-1-H&E.svs,2,0
gigapath,13,5,3,E2024006929SA-2-1-H&E.svs,1,1
gigapath,13,5,5,E2024059593SA-1-1-H&E.svs,2,0
gigapath,13,5,7,E2025020264SA-1-1-H&E.svs,0,1
gigapath,14,1,7,E2025020264SA-1-1-H&E.svs,0,1
gigapath,14,1,9,E2025030673SA-1-1-H&E.svs,2,0
gigapath,14,1,17,CPH-C1322-A-3-1-HE.svs,1,2
gigapath,14,1,18,CPH-I4751-A-1-1-HE.svs,0,0
gigapath,14,2,0,E2024000193SA-1-1-H&E.svs,0,0
gigapath,14,2,1,E2024006448SA-2-1-H&E.svs,1,0
gigapath,14,2,15,E2024060786SA-1-1-H&E.svs,1,0
gigapath,14,2,16,E2026000723SA-1-1-H&E.svs,2,2
gigapath,14,3,10,E2026000962SA-1-1-H&E.svs,1,2
gigapath,14,3,11,E2026001028SA-1-1-H&E_UTC2026-01-12T10_56_56Z.svs,1,1
gigapath,14,3,12,E2024000551SA-1-306-H&E.svs,2,0
gigapath,14,3,14,E2024058799SA-4-2-H&E.svs,0,0
gigapath,14,4,5,E2024059593SA-1-1-H&E.svs,2,1
gigapath,14,4,6,E2024060606SA-1-1-H&E.svs,2,2
gigapath,14,4,8,E2025022969SA-1-1-H&E.svs,1,1
gigapath,14,4,13,E2024006805SA-1-1-H&E.svs,0,0
gigapath,14,5,2,E2024006582SA-1-1-H&E.svs,2,0
gigapath,14,5,3,E2024006929SA-2-1-H&E.svs,1,1
gigapath,14,5,4,E2024039719SA-5-1-H&E.svs,2,0
gigapath,14,5,19,CPH-U4973-A-1-1-HE.svs,0,0
gigapath,15,1,6,E2024060606SA-1-1-H&E.svs,2,2
gigapath,15,1,8,E2025022969SA-1-1-H&E.svs,1,1
gigapath,15,1,13,E2024006805SA-1-1-H&E.svs,0,2
gigapath,15,1,19,CPH-U4973-A-1-1-HE.svs,0,0
gigapath,15,2,1,E2024006448SA-2-1-H&E.svs,1,0
gigapath,15,2,3,E2024006929SA-2-1-H&E.svs,1,1
gigapath,15,2,9,E2025030673SA-1-1-H&E.svs,2,0
gigapath,15,2,18,CPH-I4751-A-1-1-HE.svs,0,0
gigapath,15,3,0,E2024000193SA-1-1-H&E.svs,0,0
gigapath,15,3,11,E2026001028SA-1-1-H&E_UTC2026-01-12T10_56_56Z.svs,1,1
gigapath,15,3,16,E2026000723SA-1-1-H&E.svs,2,2
gigapath,15,3,17,CPH-C1322-A-3-1-HE.svs,1,2
gigapath,15,4,2,E2024006582SA-1-1-H&E.svs,2,0
gigapath,15,4,5,E2024059593SA-1-1-H&E.svs,2,0
gigapath,15,4,7,E2025020264SA-1-1-H&E.svs,0,1
gigapath,15,4,15,E2024060786SA-1-1-H&E.svs,1,1
gigapath,15,5,4,E2024039719SA-5-1-H&E.svs,2,0
gigapath,15,5,10,E2026000962SA-1-1-H&E.svs,1,0
gigapath,15,5,12,E2024000551SA-1-306-H&E.svs,2,0
gigapath,15,5,14,E2024058799SA-4-2-H&E.svs,0,0
gigapath,16,1,0,E2024000193SA-1-1-H&E.svs,0,0
gigapath,16,1,7,E2025020264SA-1-1-H&E.svs,0,0
gigapath,16,1,9,E2025030673SA-1-1-H&E.svs,2,0
gigapath,16,1,15,E2024060786SA-1-1-H&E.svs,1,1
gigapath,16,2,4,E2024039719SA-5-1-H&E.svs,2,0
gigapath,16,2,8,E2025022969SA-1-1-H&E.svs,1,1
gigapath,16,2,14,E2024058799SA-4-2-H&E.svs,0,0
gigapath,16,2,17,CPH-C1322-A-3-1-HE.svs,1,2
gigapath,16,3,10,E2026000962SA-1-1-H&E.svs,1,2
gigapath,16,3,11,E2026001028SA-1-1-H&E_UTC2026-01-12T10_56_56Z.svs,1,1
gigapath,16,3,12,E2024000551SA-1-306-H&E.svs,2,0
gigapath,16,3,18,CPH-I4751-A-1-1-HE.svs,0,0
gigapath,16,4,1,E2024006448SA-2-1-H&E.svs,1,2
gigapath,16,4,2,E2024006582SA-1-1-H&E.svs,2,0
gigapath,16,4,6,E2024060606SA-1-1-H&E.svs,2,2
gigapath,16,4,13,E2024006805SA-1-1-H&E.svs,0,0
gigapath,16,5,3,E2024006929SA-2-1-H&E.svs,1,1
gigapath,16,5,5,E2024059593SA-1-1-H&E.svs,2,1
gigapath,16,5,16,E2026000723SA-1-1-H&E.svs,2,1
gigapath,16,5,19,CPH-U4973-A-1-1-HE.svs,0,0
gigapath,17,1,0,E2024000193SA-1-1-H&E.svs,0,0
gigapath,17,1,1,E2024006448SA-2-1-H&E.svs,1,0
gigapath,17,1,7,E2025020264SA-1-1-H&E.svs,0,1
gigapath,17,1,9,E2025030673SA-1-1-H&E.svs,2,0
gigapath,17,2,4,E2024039719SA-5-1-H&E.svs,2,0
gigapath,17,2,15,E2024060786SA-1-1-H&E.svs,1,0
gigapath,17,2,17,CPH-C1322-A-3-1-HE.svs,1,2
gigapath,17,2,18,CPH-I4751-A-1-1-HE.svs,0,2
gigapath,17,3,5,E2024059593SA-1-1-H&E.svs,2,1
gigapath,17,3,8,E2025022969SA-1-1-H&E.svs,1,1
gigapath,17,3,10,E2026000962SA-1-1-H&E.svs,1,0
gigapath,17,3,14,E2024058799SA-4-2-H&E.svs,0,2
gigapath,17,4,3,E2024006929SA-2-1-H&E.svs,1,1
gigapath,17,4,6,E2024060606SA-1-1-H&E.svs,2,2
gigapath,17,4,12,E2024000551SA-1-306-H&E.svs,2,0
gigapath,17,4,19,CPH-U4973-A-1-1-HE.svs,0,0
gigapath,17,5,2,E2024006582SA-1-1-H&E.svs,2,0
gigapath,17,5,11,E2026001028SA-1-1-H&E_UTC2026-01-12T10_56_56Z.svs,1,1
gigapath,17,5,13,E2024006805SA-1-1-H&E.svs,0,2
gigapath,17,5,16,E2026000723SA-1-1-H&E.svs,2,2
gigapath,18,1,0,E2024000193SA-1-1-H&E.svs,0,0
gigapath,18,1,1,E2024006448SA-2-1-H&E.svs,1,0
gigapath,18,1,12,E2024000551SA-1-306-H&E.svs,2,0
gigapath,18,1,19,CPH-U4973-A-1-1-HE.svs,0,0
gigapath,18,2,10,E2026000962SA-1-1-H&E.svs,1,2
gigapath,18,2,16,E2026000723SA-1-1-H&E.svs,2,2
gigapath,18,2,17,CPH-C1322-A-3-1-HE.svs,1,2
gigapath,18,2,18,CPH-I4751-A-1-1-HE.svs,0,0
gigapath,18,3,2,E2024006582SA-1-1-H&E.svs,2,0
gigapath,18,3,3,E2024006929SA-2-1-H&E.svs,1,1
gigapath,18,3,8,E2025022969SA-1-1-H&E.svs,1,1
gigapath,18,3,14,E2024058799SA-4-2-H&E.svs,0,0
gigapath,18,4,6,E2024060606SA-1-1-H&E.svs,2,2
gigapath,18,4,7,E2025020264SA-1-1-H&E.svs,0,1
gigapath,18,4,9,E2025030673SA-1-1-H&E.svs,2,0
gigapath,18,4,15,E2024060786SA-1-1-H&E.svs,1,1
gigapath,18,5,4,E2024039719SA-5-1-H&E.svs,2,0
gigapath,18,5,5,E2024059593SA-1-1-H&E.svs,2,1
gigapath,18,5,11,E2026001028SA-1-1-H&E_UTC2026-01-12T10_56_56Z.svs,1,1
gigapath,18,5,13,E2024006805SA-1-1-H&E.svs,0,0
gigapath,19,1,7,E2025020264SA-1-1-H&E.svs,0,0
gigapath,19,1,9,E2025030673SA-1-1-H&E.svs,2,0
gigapath,19,1,15,E2024060786SA-1-1-H&E.svs,1,1
gigapath,19,1,19,CPH-U4973-A-1-1-HE.svs,0,0
gigapath,19,2,0,E2024000193SA-1-1-H&E.svs,0,0
gigapath,19,2,2,E2024006582SA-1-1-H&E.svs,2,0
gigapath,19,2,3,E2024006929SA-2-1-H&E.svs,1,1
gigapath,19,2,17,CPH-C1322-A-3-1-HE.svs,1,2
gigapath,19,3,1,E2024006448SA-2-1-H&E.svs,1,0
gigapath,19,3,8,E2025022969SA-1-1-H&E.svs,1,1
gigapath,19,3,16,E2026000723SA-1-1-H&E.svs,2,2
gigapath,19,3,18,CPH-I4751-A-1-1-HE.svs,0,0
gigapath,19,4,4,E2024039719SA-5-1-H&E.svs,2,0
gigapath,19,4,11,E2026001028SA-1-1-H&E_UTC2026-01-12T10_56_56Z.svs,1,1
gigapath,19,4,12,E2024000551SA-1-306-H&E.svs,2,0
gigapath,19,4,13,E2024006805SA-1-1-H&E.svs,0,0
gigapath,19,5,5,E2024059593SA-1-1-H&E.svs,2,0
gigapath,19,5,6,E2024060606SA-1-1-H&E.svs,2,2
gigapath,19,5,10,E2026000962SA-1-1-H&E.svs,1,0
gigapath,19,5,14,E2024058799SA-4-2-H&E.svs,0,2
gigapath,20,1,0,E2024000193SA-1-1-H&E.svs,0,0
gigapath,20,1,2,E2024006582SA-1-1-H&E.svs,2,0
gigapath,20,1,14,E2024058799SA-4-2-H&E.svs,0,2
gigapath,20,1,15,E2024060786SA-1-1-H&E.svs,1,0
gigapath,20,2,3,E2024006929SA-2-1-H&E.svs,1,1
gigapath,20,2,11,E2026001028SA-1-1-H&E_UTC2026-01-12T10_56_56Z.svs,1,1
gigapath,20,2,12,E2024000551SA-1-306-H&E.svs,2,0
gigapath,20,2,13,E2024006805SA-1-1-H&E.svs,0,0
gigapath,20,3,1,E2024006448SA-2-1-H&E.svs,1,0
gigapath,20,3,5,E2024059593SA-1-1-H&E.svs,2,1
gigapath,20,3,8,E2025022969SA-1-1-H&E.svs,1,1
gigapath,20,3,19,CPH-U4973-A-1-1-HE.svs,0,0
gigapath,20,4,4,E2024039719SA-5-1-H&E.svs,2,0
gigapath,20,4,6,E2024060606SA-1-1-H&E.svs,2,2
gigapath,20,4,7,E2025020264SA-1-1-H&E.svs,0,1
gigapath,20,4,17,CPH-C1322-A-3-1-HE.svs,1,2
gigapath,20,5,9,E2025030673SA-1-1-H&E.svs,2,0
gigapath,20,5,10,E2026000962SA-1-1-H&E.svs,1,2
gigapath,20,5,16,E2026000723SA-1-1-H&E.svs,2,2
gigapath,20,5,18,CPH-I4751-A-1-1-HE.svs,0,0
gigapath,21,1,7,E2025020264SA-1-1-H&E.svs,0,1
gigapath,21,1,16,E2026000723SA-1-1-H&E.svs,2,2
gigapath,21,1,17,CPH-C1322-A-3-1-HE.svs,1,2
gigapath,21,1,18,CPH-I4751-A-1-1-HE.svs,0,0
gigapath,21,2,0,E2024000193SA-1-1-H&E.svs,0,0
gigapath,21,2,1,E2024006448SA-2-1-H&E.svs,1,0
gigapath,21,2,4,E2024039719SA-5-1-H&E.svs,2,0
gigapath,21,2,8,E2025022969SA-1-1-H&E.svs,1,1
gigapath,21,3,6,E2024060606SA-1-1-H&E.svs,2,2
gigapath,21,3,10,E2026000962SA-1-1-H&E.svs,1,2
gigapath,21,3,11,E2026001028SA-1-1-H&E_UTC2026-01-12T10_56_56Z.svs,1,1
gigapath,21,3,14,E2024058799SA-4-2-H&E.svs,0,2
gigapath,21,4,5,E2024059593SA-1-1-H&E.svs,2,0
gigapath,21,4,9,E2025030673SA-1-1-H&E.svs,2,0
gigapath,21,4,15,E2024060786SA-1-1-H&E.svs,1,0
gigapath,21,4,19,CPH-U4973-A-1-1-HE.svs,0,0
gigapath,21,5,2,E2024006582SA-1-1-H&E.svs,2,0
gigapath,21,5,3,E2024006929SA-2-1-H&E.svs,1,1
gigapath,21,5,12,E2024000551SA-1-306-H&E.svs,2,0
gigapath,21,5,13,E2024006805SA-1-1-H&E.svs,0,0
gigapath,22,1,0,E2024000193SA-1-1-H&E.svs,0,0
gigapath,22,1,10,E2026000962SA-1-1-H&E.svs,1,2
gigapath,22,1,12,E2024000551SA-1-306-H&E.svs,2,2
gigapath,22,1,13,E2024006805SA-1-1-H&E.svs,0,0
gigapath,22,2,4,E2024039719SA-5-1-H&E.svs,2,0
gigapath,22,2,11,E2026001028SA-1-1-H&E_UTC2026-01-12T10_56_56Z.svs,1,1
gigapath,22,2,14,E2024058799SA-4-2-H&E.svs,0,0
gigapath,22,2,17,CPH-C1322-A-3-1-HE.svs,1,2
gigapath,22,3,2,E2024006582SA-1-1-H&E.svs,2,0
gigapath,22,3,3,E2024006929SA-2-1-H&E.svs,1,1
gigapath,22,3,7,E2025020264SA-1-1-H&E.svs,0,1
gigapath,22,3,8,E2025022969SA-1-1-H&E.svs,1,1
gigapath,22,4,1,E2024006448SA-2-1-H&E.svs,1,0
gigapath,22,4,9,E2025030673SA-1-1-H&E.svs,2,0
gigapath,22,4,16,E2026000723SA-1-1-H&E.svs,2,2
gigapath,22,4,18,CPH-I4751-A-1-1-HE.svs,0,0
gigapath,22,5,5,E2024059593SA-1-1-H&E.svs,2,0
gigapath,22,5,6,E2024060606SA-1-1-H&E.svs,2,2
gigapath,22,5,15,E2024060786SA-1-1-H&E.svs,1,0
gigapath,22,5,19,CPH-U4973-A-1-1-HE.svs,0,0
gigapath,23,1,5,E2024059593SA-1-1-H&E.svs,2,0
gigapath,23,1,7,E2025020264SA-1-1-H&E.svs,0,1
gigapath,23,1,13,E2024006805SA-1-1-H&E.svs,0,0
gigapath,23,1,17,CPH-C1322-A-3-1-HE.svs,1,2
gigapath,23,2,1,E2024006448SA-2-1-H&E.svs,1,0
gigapath,23,2,2,E2024006582SA-1-1-H&E.svs,2,0
gigapath,23,2,10,E2026000962SA-1-1-H&E.svs,1,0
gigapath,23,2,19,CPH-U4973-A-1-1-HE.svs,0,0
gigapath,23,3,3,E2024006929SA-2-1-H&E.svs,1,1
gigapath,23,3,9,E2025030673SA-1-1-H&E.svs,2,0
gigapath,23,3,15,E2024060786SA-1-1-H&E.svs,1,0
gigapath,23,3,18,CPH-I4751-A-1-1-HE.svs,0,0
gigapath,23,4,0,E2024000193SA-1-1-H&E.svs,0,0
gigapath,23,4,6,E2024060606SA-1-1-H&E.svs,2,2
gigapath,23,4,11,E2026001028SA-1-1-H&E_UTC2026-01-12T10_56_56Z.svs,1,1
gigapath,23,4,16,E2026000723SA-1-1-H&E.svs,2,2
gigapath,23,5,4,E2024039719SA-5-1-H&E.svs,2,0
gigapath,23,5,8,E2025022969SA-1-1-H&E.svs,1,1
gigapath,23,5,12,E2024000551SA-1-306-H&E.svs,2,0
gigapath,23,5,14,E2024058799SA-4-2-H&E.svs,0,0
gigapath,24,1,11,E2026001028SA-1-1-H&E_UTC2026-01-12T10_56_56Z.svs,1,1
gigapath,24,1,12,E2024000551SA-1-306-H&E.svs,2,0
gigapath,24,1,14,E2024058799SA-4-2-H&E.svs,0,0
gigapath,24,1,18,CPH-I4751-A-1-1-HE.svs,0,0
gigapath,24,2,1,E2024006448SA-2-1-H&E.svs,1,0
gigapath,24,2,5,E2024059593SA-1-1-H&E.svs,2,0
gigapath,24,2,7,E2025020264SA-1-1-H&E.svs,0,1
gigapath,24,2,17,CPH-C1322-A-3-1-HE.svs,1,2
gigapath,24,3,0,E2024000193SA-1-1-H&E.svs,0,0
gigapath,24,3,3,E2024006929SA-2-1-H&E.svs,1,1
gigapath,24,3,9,E2025030673SA-1-1-H&E.svs,2,0
gigapath,24,3,15,E2024060786SA-1-1-H&E.svs,1,0
gigapath,24,4,6,E2024060606SA-1-1-H&E.svs,2,2
gigapath,24,4,10,E2026000962SA-1-1-H&E.svs,1,2
gigapath,24,4,16,E2026000723SA-1-1-H&E.svs,2,1
gigapath,24,4,19,CPH-U4973-A-1-1-HE.svs,0,0
gigapath,24,5,2,E2024006582SA-1-1-H&E.svs,2,0
gigapath,24,5,4,E2024039719SA-5-1-H&E.svs,2,0
gigapath,24,5,8,E2025022969SA-1-1-H&E.svs,1,1
gigapath,24,5,13,E2024006805SA-1-1-H&E.svs,0,0
gigapath,25,1,0,E2024000193SA-1-1-H&E.svs,0,0
gigapath,25,1,1,E2024006448SA-2-1-H&E.svs,1,0
gigapath,25,1,9,E2025030673SA-1-1-H&E.svs,2,0
gigapath,25,1,19,CPH-U4973-A-1-1-HE.svs,0,0
gigapath,25,2,10,E2026000962SA-1-1-H&E.svs,1,0
gigapath,25,2,14,E2024058799SA-4-2-H&E.svs,0,2
gigapath,25,2,16,E2026000723SA-1-1-H&E.svs,2,2
gigapath,25,2,17,CPH-C1322-A-3-1-HE.svs,1,2
gigapath,25,3,3,E2024006929SA-2-1-H&E.svs,1,1
gigapath,25,3,4,E2024039719SA-5-1-H&E.svs,2,0
gigapath,25,3,7,E2025020264SA-1-1-H&E.svs,0,1
gigapath,25,3,8,E2025022969SA-1-1-H&E.svs,1,1
gigapath,25,4,5,E2024059593SA-1-1-H&E.svs,2,0
gigapath,25,4,6,E2024060606SA-1-1-H&E.svs,2,2
gigapath,25,4,13,E2024006805SA-1-1-H&E.svs,0,0
gigapath,25,4,15,E2024060786SA-1-1-H&E.svs,1,0
gigapath,25,5,2,E2024006582SA-1-1-H&E.svs,2,0
gigapath,25,5,11,E2026001028SA-1-1-H&E_UTC2026-01-12T10_56_56Z.svs,1,1
gigapath,25,5,12,E2024000551SA-1-306-H&E.svs,2,0
gigapath,25,5,18,CPH-I4751-A-1-1-HE.svs,0,0
gigapath,26,1,0,E2024000193SA-1-1-H&E.svs,0,0
gigapath,26,1,11,E2026001028SA-1-1-H&E_UTC2026-01-12T10_56_56Z.svs,1,1
gigapath,26,1,12,E2024000551SA-1-306-H&E.svs,2,2
gigapath,26,1,14,E2024058799SA-4-2-H&E.svs,0,2
gigapath,26,2,15,E2024060786SA-1-1-H&E.svs,1,0
gigapath,26,2,16,E2026000723SA-1-1-H&E.svs,2,2
gigapath,26,2,17,CPH-C1322-A-3-1-HE.svs,1,2
gigapath,26,2,19,CPH-U4973-A-1-1-HE.svs,0,1
gigapath,26,3,2,E2024006582SA-1-1-H&E.svs,2,0
gigapath,26,3,7,E2025020264SA-1-1-H&E.svs,0,1
gigapath,26,3,8,E2025022969SA-1-1-H&E.svs,1,1
gigapath,26,3,10,E2026000962SA-1-1-H&E.svs,1,0
gigapath,26,4,3,E2024006929SA-2-1-H&E.svs,1,1
gigapath,26,4,5,E2024059593SA-1-1-H&E.svs,2,1
gigapath,26,4,9,E2025030673SA-1-1-H&E.svs,2,0
gigapath,26,4,18,CPH-I4751-A-1-1-HE.svs,0,0
gigapath,26,5,1,E2024006448SA-2-1-H&E.svs,1,0
gigapath,26,5,4,E2024039719SA-5-1-H&E.svs,2,0
gigapath,26,5,6,E2024060606SA-1-1-H&E.svs,2,2
gigapath,26,5,13,E2024006805SA-1-1-H&E.svs,0,0
gigapath,27,1,0,E2024000193SA-1-1-H&E.svs,0,0
gigapath,27,1,3,E2024006929SA-2-1-H&E.svs,1,1
gigapath,27,1,7,E2025020264SA-1-1-H&E.svs,0,1
gigapath,27,1,9,E2025030673SA-1-1-H&E.svs,2,0
gigapath,27,2,6,E2024060606SA-1-1-H&E.svs,2,2
gigapath,27,2,8,E2025022969SA-1-1-H&E.svs,1,1
gigapath,27,2,14,E2024058799SA-4-2-H&E.svs,0,2
gigapath,27,2,15,E2024060786SA-1-1-H&E.svs,1,0
gigapath,27,3,1,E2024006448SA-2-1-H&E.svs,1,0
gigapath,27,3,12,E2024000551SA-1-306-H&E.svs,2,0
gigapath,27,3,17,CPH-C1322-A-3-1-HE.svs,1,2
gigapath,27,3,18,CPH-I4751-A-1-1-HE.svs,0,0
gigapath,27,4,2,E2024006582SA-1-1-H&E.svs,2,0
gigapath,27,4,4,E2024039719SA-5-1-H&E.svs,2,0
gigapath,27,4,11,E2026001028SA-1-1-H&E_UTC2026-01-12T10_56_56Z.svs,1,1
gigapath,27,4,13,E2024006805SA-1-1-H&E.svs,0,0
gigapath,27,5,5,E2024059593SA-1-1-H&E.svs,2,1
gigapath,27,5,10,E2026000962SA-1-1-H&E.svs,1,2
gigapath,27,5,16,E2026000723SA-1-1-H&E.svs,2,1
gigapath,27,5,19,CPH-U4973-A-1-1-HE.svs,0,0
gigapath,28,1,5,E2024059593SA-1-1-H&E.svs,2,0
gigapath,28,1,7,E2025020264SA-1-1-H&E.svs,0,1
gigapath,28,1,8,E2025022969SA-1-1-H&E.svs,1,1
gigapath,28,1,18,CPH-I4751-A-1-1-HE.svs,0,0
gigapath,28,2,0,E2024000193SA-1-1-H&E.svs,0,0
gigapath,28,2,2,E2024006582SA-1-1-H&E.svs,2,0
gigapath,28,2,11,E2026001028SA-1-1-H&E_UTC2026-01-12T10_56_56Z.svs,1,1
gigapath,28,2,15,E2024060786SA-1-1-H&E.svs,1,0
gigapath,28,3,3,E2024006929SA-2-1-H&E.svs,1,1
gigapath,28,3,4,E2024039719SA-5-1-H&E.svs,2,0
gigapath,28,3,13,E2024006805SA-1-1-H&E.svs,0,0
gigapath,28,3,17,CPH-C1322-A-3-1-HE.svs,1,2
gigapath,28,4,1,E2024006448SA-2-1-H&E.svs,1,0
gigapath,28,4,12,E2024000551SA-1-306-H&E.svs,2,0
gigapath,28,4,16,E2026000723SA-1-1-H&E.svs,2,2
gigapath,28,4,19,CPH-U4973-A-1-1-HE.svs,0,0
gigapath,28,5,6,E2024060606SA-1-1-H&E.svs,2,2
gigapath,28,5,9,E2025030673SA-1-1-H&E.svs,2,1
gigapath,28,5,10,E2026000962SA-1-1-H&E.svs,1,2
gigapath,28,5,14,E2024058799SA-4-2-H&E.svs,0,0
gigapath,29,1,1,E2024006448SA-2-1-H&E.svs,1,0
gigapath,29,1,7,E2025020264SA-1-1-H&E.svs,0,1
gigapath,29,1,12,E2024000551SA-1-306-H&E.svs,2,0
gigapath,29,1,13,E2024006805SA-1-1-H&E.svs,0,0
gigapath,29,2,0,E2024000193SA-1-1-H&E.svs,0,0
gigapath,29,2,5,E2024059593SA-1-1-H&E.svs,2,1
gigapath,29,2,10,E2026000962SA-1-1-H&E.svs,1,2
gigapath,29,2,17,CPH-C1322-A-3-1-HE.svs,1,2
gigapath,29,3,11,E2026001028SA-1-1-H&E_UTC2026-01-12T10_56_56Z.svs,1,1
gigapath,29,3,15,E2024060786SA-1-1-H&E.svs,1,0
gigapath,29,3,16,E2026000723SA-1-1-H&E.svs,2,2
gigapath,29,3,19,CPH-U4973-A-1-1-HE.svs,0,2
gigapath,29,4,2,E2024006582SA-1-1-H&E.svs,2,0
gigapath,29,4,6,E2024060606SA-1-1-H&E.svs,2,2
gigapath,29,4,8,E2025022969SA-1-1-H&E.svs,1,1
gigapath,29,4,18,CPH-I4751-A-1-1-HE.svs,0,0
gigapath,29,5,3,E2024006929SA-2-1-H&E.svs,1,1
gigapath,29,5,4,E2024039719SA-5-1-H&E.svs,2,0
gigapath,29,5,9,E2025030673SA-1-1-H&E.svs,2,0
gigapath,29,5,14,E2024058799SA-4-2-H&E.svs,0,0
gigapath,30,1,12,E2024000551SA-1-306-H&E.svs,2,0
gigapath,30,1,13,E2024006805SA-1-1-H&E.svs,0,0
gigapath,30,1,15,E2024060786SA-1-1-H&E.svs,1,0
gigapath,30,1,19,CPH-U4973-A-1-1-HE.svs,0,0
gigapath,30,2,0,E2024000193SA-1-1-H&E.svs,0,0
gigapath,30,2,1,E2024006448SA-2-1-H&E.svs,1,0
gigapath,30,2,3,E2024006929SA-2-1-H&E.svs,1,1
gigapath,30,2,16,E2026000723SA-1-1-H&E.svs,2,2
gigapath,30,3,4,E2024039719SA-5-1-H&E.svs,2,0
gigapath,30,3,7,E2025020264SA-1-1-H&E.svs,0,1
gigapath,30,3,8,E2025022969SA-1-1-H&E.svs,1,1
gigapath,30,3,11,E2026001028SA-1-1-H&E_UTC2026-01-12T10_56_56Z.svs,1,2
gigapath,30,4,5,E2024059593SA-1-1-H&E.svs,2,0
gigapath,30,4,6,E2024060606SA-1-1-H&E.svs,2,2
gigapath,30,4,10,E2026000962SA-1-1-H&E.svs,1,2
gigapath,30,4,18,CPH-I4751-A-1-1-HE.svs,0,0
gigapath,30,5,2,E2024006582SA-1-1-H&E.svs,2,0
gigapath,30,5,9,E2025030673SA-1-1-H&E.svs,2,0
gigapath,30,5,14,E2024058799SA-4-2-H&E.svs,0,0
gigapath,30,5,17,CPH-C1322-A-3-1-HE.svs,1,2
gigapath,31,1,1,E2024006448SA-2-1-H&E.svs,1,0
gigapath,31,1,5,E2024059593SA-1-1-H&E.svs,2,0
gigapath,31,1,7,E2025020264SA-1-1-H&E.svs,0,1
gigapath,31,1,19,CPH-U4973-A-1-1-HE.svs,0,0
gigapath,31,2,0,E2024000193SA-1-1-H&E.svs,0,0
gigapath,31,2,3,E2024006929SA-2-1-H&E.svs,1,1
gigapath,31,2,10,E2026000962SA-1-1-H&E.svs,1,2
gigapath,31,2,16,E2026000723SA-1-1-H&E.svs,2,2
gigapath,31,3,8,E2025022969SA-1-1-H&E.svs,1,1
gigapath,31,3,12,E2024000551SA-1-306-H&E.svs,2,1
gigapath,31,3,13,E2024006805SA-1-1-H&E.svs,0,0
gigapath,31,3,17,CPH-C1322-A-3-1-HE.svs,1,2
gigapath,31,4,2,E2024006582SA-1-1-H&E.svs,2,0
gigapath,31,4,9,E2025030673SA-1-1-H&E.svs,2,0
gigapath,31,4,11,E2026001028SA-1-1-H&E_UTC2026-01-12T10_56_56Z.svs,1,1
gigapath,31,4,18,CPH-I4751-A-1-1-HE.svs,0,0
gigapath,31,5,4,E2024039719SA-5-1-H&E.svs,2,0
gigapath,31,5,6,E2024060606SA-1-1-H&E.svs,2,2
gigapath,31,5,14,E2024058799SA-4-2-H&E.svs,0,0
gigapath,31,5,15,E2024060786SA-1-1-H&E.svs,1,0
gigapath,32,1,0,E2024000193SA-1-1-H&E.svs,0,0
gigapath,32,1,9,E2025030673SA-1-1-H&E.svs,2,0
gigapath,32,1,10,E2026000962SA-1-1-H&E.svs,1,0
gigapath,32,1,14,E2024058799SA-4-2-H&E.svs,0,0
gigapath,32,2,3,E2024006929SA-2-1-H&E.svs,1,1
gigapath,32,2,6,E2024060606SA-1-1-H&E.svs,2,2
gigapath,32,2,8,E2025022969SA-1-1-H&E.svs,1,1
gigapath,32,2,13,E2024006805SA-1-1-H&E.svs,0,2
gigapath,32,3,1,E2024006448SA-2-1-H&E.svs,1,0
gigapath,32,3,2,E2024006582SA-1-1-H&E.svs,2,0
gigapath,32,3,11,E2026001028SA-1-1-H&E_UTC2026-01-12T10_56_56Z.svs,1,1
gigapath,32,3,18,CPH-I4751-A-1-1-HE.svs,0,0
gigapath,32,4,7,E2025020264SA-1-1-H&E.svs,0,1
gigapath,32,4,12,E2024000551SA-1-306-H&E.svs,2,0
gigapath,32,4,16,E2026000723SA-1-1-H&E.svs,2,2
gigapath,32,4,17,CPH-C1322-A-3-1-HE.svs,1,2
gigapath,32,5,4,E2024039719SA-5-1-H&E.svs,2,0
gigapath,32,5,5,E2024059593SA-1-1-H&E.svs,2,0
gigapath,32,5,15,E2024060786SA-1-1-H&E.svs,1,0
gigapath,32,5,19,CPH-U4973-A-1-1-HE.svs,0,0
gigapath,33,1,1,E2024006448SA-2-1-H&E.svs,1,0
gigapath,33,1,13,E2024006805SA-1-1-H&E.svs,0,2
gigapath,33,1,16,E2026000723SA-1-1-H&E.svs,2,2
gigapath,33,1,19,CPH-U4973-A-1-1-HE.svs,0,0
gigapath,33,2,0,E2024000193SA-1-1-H&E.svs,0,0
gigapath,33,2,4,E2024039719SA-5-1-H&E.svs,2,0
gigapath,33,2,8,E2025022969SA-1-1-H&E.svs,1,1
gigapath,33,2,17,CPH-C1322-A-3-1-HE.svs,1,2
gigapath,33,3,5,E2024059593SA-1-1-H&E.svs,2,0
gigapath,33,3,7,E2025020264SA-1-1-H&E.svs,0,0
gigapath,33,3,10,E2026000962SA-1-1-H&E.svs,1,1
gigapath,33,3,15,E2024060786SA-1-1-H&E.svs,1,1
gigapath,33,4,3,E2024006929SA-2-1-H&E.svs,1,1
gigapath,33,4,6,E2024060606SA-1-1-H&E.svs,2,2
gigapath,33,4,12,E2024000551SA-1-306-H&E.svs,2,0
gigapath,33,4,14,E2024058799SA-4-2-H&E.svs,0,0
gigapath,33,5,2,E2024006582SA-1-1-H&E.svs,2,0
gigapath,33,5,9,E2025030673SA-1-1-H&E.svs,2,0
gigapath,33,5,11,E2026001028SA-1-1-H&E_UTC2026-01-12T10_56_56Z.svs,1,1
gigapath,33,5,18,CPH-I4751-A-1-1-HE.svs,0,0
gigapath,34,1,6,E2024060606SA-1-1-H&E.svs,2,2
gigapath,34,1,7,E2025020264SA-1-1-H&E.svs,0,1
gigapath,34,1,8,E2025022969SA-1-1-H&E.svs,1,1
gigapath,34,1,19,CPH-U4973-A-1-1-HE.svs,0,0
gigapath,34,2,2,E2024006582SA-1-1-H&E.svs,2,0
gigapath,34,2,11,E2026001028SA-1-1-H&E_UTC2026-01-12T10_56_56Z.svs,1,1
gigapath,34,2,13,E2024006805SA-1-1-H&E.svs,0,0
gigapath,34,2,15,E2024060786SA-1-1-H&E.svs,1,0
gigapath,34,3,3,E2024006929SA-2-1-H&E.svs,1,1
gigapath,34,3,12,E2024000551SA-1-306-H&E.svs,2,0
gigapath,34,3,17,CPH-C1322-A-3-1-HE.svs,1,2
gigapath,34,3,18,CPH-I4751-A-1-1-HE.svs,0,0
gigapath,34,4,1,E2024006448SA-2-1-H&E.svs,1,0
gigapath,34,4,4,E2024039719SA-5-1-H&E.svs,2,0
gigapath,34,4,14,E2024058799SA-4-2-H&E.svs,0,0
gigapath,34,4,16,E2026000723SA-1-1-H&E.svs,2,2
gigapath,34,5,0,E2024000193SA-1-1-H&E.svs,0,0
gigapath,34,5,5,E2024059593SA-1-1-H&E.svs,2,1
gigapath,34,5,9,E2025030673SA-1-1-H&E.svs,2,0
gigapath,34,5,10,E2026000962SA-1-1-H&E.svs,1,0
gigapath,35,1,10,E2026000962SA-1-1-H&E.svs,1,2
gigapath,35,1,12,E2024000551SA-1-306-H&E.svs,2,0
gigapath,35,1,18,CPH-I4751-A-1-1-HE.svs,0,2
gigapath,35,1,19,CPH-U4973-A-1-1-HE.svs,0,2
gigapath,35,2,8,E2025022969SA-1-1-H&E.svs,1,2
gigapath,35,2,9,E2025030673SA-1-1-H&E.svs,2,1
gigapath,35,2,11,E2026001028SA-1-1-H&E_UTC2026-01-12T10_56_56Z.svs,1,2
gigapath,35,2,14,E2024058799SA-4-2-H&E.svs,0,0
gigapath,35,3,3,E2024006929SA-2-1-H&E.svs,1,1
gigapath,35,3,7,E2025020264SA-1-1-H&E.svs,0,1
gigapath,35,3,16,E2026000723SA-1-1-H&E.svs,2,2
gigapath,35,3,17,CPH-C1322-A-3-1-HE.svs,1,2
gigapath,35,4,0,E2024000193SA-1-1-H&E.svs,0,0
gigapath,35,4,4,E2024039719SA-5-1-H&E.svs,2,0
gigapath,35,4,6,E2024060606SA-1-1-H&E.svs,2,2
gigapath,35,4,15,E2024060786SA-1-1-H&E.svs,1,0
gigapath,35,5,1,E2024006448SA-2-1-H&E.svs,1,0
gigapath,35,5,2,E2024006582SA-1-1-H&E.svs,2,0
gigapath,35,5,5,E2024059593SA-1-1-H&E.svs,2,1
gigapath,35,5,13,E2024006805SA-1-1-H&E.svs,0,0
gigapath,36,1,6,E2024060606SA-1-1-H&E.svs,2,2
gigapath,36,1,7,E2025020264SA-1-1-H&E.svs,0,1
gigapath,36,1,17,CPH-C1322-A-3-1-HE.svs,1,2
gigapath,36,1,19,CPH-U4973-A-1-1-HE.svs,0,0
gigapath,36,2,0,E2024000193SA-1-1-H&E.svs,0,0
gigapath,36,2,1,E2024006448SA-2-1-H&E.svs,1,0
gigapath,36,2,2,E2024006582SA-1-1-H&E.svs,2,0
gigapath,36,2,11,E2026001028SA-1-1-H&E_UTC2026-01-12T10_56_56Z.svs,1,1
gigapath,36,3,8,E2025022969SA-1-1-H&E.svs,1,1
gigapath,36,3,13,E2024006805SA-1-1-H&E.svs,0,2
gigapath,36,3,15,E2024060786SA-1-1-H&E.svs,1,0
gigapath,36,3,16,E2026000723SA-1-1-H&E.svs,2,1
gigapath,36,4,3,E2024006929SA-2-1-H&E.svs,1,1
gigapath,36,4,9,E2025030673SA-1-1-H&E.svs,2,0
gigapath,36,4,12,E2024000551SA-1-306-H&E.svs,2,2
gigapath,36,4,14,E2024058799SA-4-2-H&E.svs,0,0
gigapath,36,5,4,E2024039719SA-5-1-H&E.svs,2,0
gigapath,36,5,5,E2024059593SA-1-1-H&E.svs,2,0
gigapath,36,5,10,E2026000962SA-1-1-H&E.svs,1,0
gigapath,36,5,18,CPH-I4751-A-1-1-HE.svs,0,2
gigapath,37,1,5,E2024059593SA-1-1-H&E.svs,2,0
gigapath,37,1,14,E2024058799SA-4-2-H&E.svs,0,2
gigapath,37,1,15,E2024060786SA-1-1-H&E.svs,1,0
gigapath,37,1,19,CPH-U4973-A-1-1-HE.svs,0,0
gigapath,37,2,2,E2024006582SA-1-1-H&E.svs,2,0
gigapath,37,2,7,E2025020264SA-1-1-H&E.svs,0,1
gigapath,37,2,8,E2025022969SA-1-1-H&E.svs,1,1
gigapath,37,2,17,CPH-C1322-A-3-1-HE.svs,1,2
gigapath,37,3,1,E2024006448SA-2-1-H&E.svs,1,0
gigapath,37,3,4,E2024039719SA-5-1-H&E.svs,2,0
gigapath,37,3,10,E2026000962SA-1-1-H&E.svs,1,2
gigapath,37,3,18,CPH-I4751-A-1-1-HE.svs,0,2
gigapath,37,4,0,E2024000193SA-1-1-H&E.svs,0,0
gigapath,37,4,3,E2024006929SA-2-1-H&E.svs,1,1
gigapath,37,4,6,E2024060606SA-1-1-H&E.svs,2,2
gigapath,37,4,9,E2025030673SA-1-1-H&E.svs,2,0
gigapath,37,5,11,E2026001028SA-1-1-H&E_UTC2026-01-12T10_56_56Z.svs,1,1
gigapath,37,5,12,E2024000551SA-1-306-H&E.svs,2,0
gigapath,37,5,13,E2024006805SA-1-1-H&E.svs,0,0
gigapath,37,5,16,E2026000723SA-1-1-H&E.svs,2,1
gigapath,38,1,6,E2024060606SA-1-1-H&E.svs,2,2
gigapath,38,1,7,E2025020264SA-1-1-H&E.svs,0,1
gigapath,38,1,17,CPH-C1322-A-3-1-HE.svs,1,2
gigapath,38,1,18,CPH-I4751-A-1-1-HE.svs,0,0
gigapath,38,2,1,E2024006448SA-2-1-H&E.svs,1,2
gigapath,38,2,2,E2024006582SA-1-1-H&E.svs,2,0
gigapath,38,2,3,E2024006929SA-2-1-H&E.svs,1,1
gigapath,38,2,14,E2024058799SA-4-2-H&E.svs,0,0
gigapath,38,3,0,E2024000193SA-1-1-H&E.svs,0,0
gigapath,38,3,10,E2026000962SA-1-1-H&E.svs,1,2
gigapath,38,3,11,E2026001028SA-1-1-H&E_UTC2026-01-12T10_56_56Z.svs,1,1
gigapath,38,3,12,E2024000551SA-1-306-H&E.svs,2,0
gigapath,38,4,5,E2024059593SA-1-1-H&E.svs,2,1
gigapath,38,4,8,E2025022969SA-1-1-H&E.svs,1,1
gigapath,38,4,16,E2026000723SA-1-1-H&E.svs,2,1
gigapath,38,4,19,CPH-U4973-A-1-1-HE.svs,0,0
gigapath,38,5,4,E2024039719SA-5-1-H&E.svs,2,0
gigapath,38,5,9,E2025030673SA-1-1-H&E.svs,2,0
gigapath,38,5,13,E2024006805SA-1-1-H&E.svs,0,0
gigapath,38,5,15,E2024060786SA-1-1-H&E.svs,1,0
gigapath,39,1,1,E2024006448SA-2-1-H&E.svs,1,0
gigapath,39,1,5,E2024059593SA-1-1-H&E.svs,2,0
gigapath,39,1,7,E2025020264SA-1-1-H&E.svs,0,1
gigapath,39,1,14,E2024058799SA-4-2-H&E.svs,0,0
gigapath,39,2,4,E2024039719SA-5-1-H&E.svs,2,0
gigapath,39,2,10,E2026000962SA-1-1-H&E.svs,1,2
gigapath,39,2,11,E2026001028SA-1-1-H&E_UTC2026-01-12T10_56_56Z.svs,1,1
gigapath,39,2,19,CPH-U4973-A-1-1-HE.svs,0,2
gigapath,39,3,8,E2025022969SA-1-1-H&E.svs,1,1
gigapath,39,3,9,E2025030673SA-1-1-H&E.svs,2,0
gigapath,39,3,15,E2024060786SA-1-1-H&E.svs,1,0
gigapath,39,3,18,CPH-I4751-A-1-1-HE.svs,0,0
gigapath,39,4,0,E2024000193SA-1-1-H&E.svs,0,0
gigapath,39,4,6,E2024060606SA-1-1-H&E.svs,2,2
gigapath,39,4,16,E2026000723SA-1-1-H&E.svs,2,2
gigapath,39,4,17,CPH-C1322-A-3-1-HE.svs,1,2
gigapath,39,5,2,E2024006582SA-1-1-H&E.svs,2,0
gigapath,39,5,3,E2024006929SA-2-1-H&E.svs,1,1
gigapath,39,5,12,E2024000551SA-1-306-H&E.svs,2,0
gigapath,39,5,13,E2024006805SA-1-1-H&E.svs,0,0
gigapath,40,1,0,E2024000193SA-1-1-H&E.svs,0,0
gigapath,40,1,4,E2024039719SA-5-1-H&E.svs,2,0
gigapath,40,1,13,E2024006805SA-1-1-H&E.svs,0,2
gigapath,40,1,17,CPH-C1322-A-3-1-HE.svs,1,2
gigapath,40,2,1,E2024006448SA-2-1-H&E.svs,1,0
gigapath,40,2,10,E2026000962SA-1-1-H&E.svs,1,2
gigapath,40,2,12,E2024000551SA-1-306-H&E.svs,2,0
gigapath,40,2,19,CPH-U4973-A-1-1-HE.svs,0,0
gigapath,40,3,6,E2024060606SA-1-1-H&E.svs,2,2
gigapath,40,3,8,E2025022969SA-1-1-H&E.svs,1,1
gigapath,40,3,14,E2024058799SA-4-2-H&E.svs,0,2
gigapath,40,3,15,E2024060786SA-1-1-H&E.svs,1,0
gigapath,40,4,5,E2024059593SA-1-1-H&E.svs,2,0
gigapath,40,4,9,E2025030673SA-1-1-H&E.svs,2,0
gigapath,40,4,11,E2026001028SA-1-1-H&E_UTC2026-01-12T10_56_56Z.svs,1,1
gigapath,40,4,18,CPH-I4751-A-1-1-HE.svs,0,0
gigapath,40,5,2,E2024006582SA-1-1-H&E.svs,2,0
gigapath,40,5,3,E2024006929SA-2-1-H&E.svs,1,1
gigapath,40,5,7,E2025020264SA-1-1-H&E.svs,0,1
gigapath,40,5,16,E2026000723SA-1-1-H&E.svs,2,2
gigapath,41,1,0,E2024000193SA-1-1-H&E.svs,0,0
gigapath,41,1,4,E2024039719SA-5-1-H&E.svs,2,0
gigapath,41,1,14,E2024058799SA-4-2-H&E.svs,0,0
gigapath,41,1,17,CPH-C1322-A-3-1-HE.svs,1,2
gigapath,41,2,3,E2024006929SA-2-1-H&E.svs,1,1
gigapath,41,2,5,E2024059593SA-1-1-H&E.svs,2,0
gigapath,41,2,15,E2024060786SA-1-1-H&E.svs,1,0
gigapath,41,2,19,CPH-U4973-A-1-1-HE.svs,0,1
gigapath,41,3,1,E2024006448SA-2-1-H&E.svs,1,0
gigapath,41,3,2,E2024006582SA-1-1-H&E.svs,2,0
gigapath,41,3,7,E2025020264SA-1-1-H&E.svs,0,1
gigapath,41,3,10,E2026000962SA-1-1-H&E.svs,1,0
gigapath,41,4,6,E2024060606SA-1-1-H&E.svs,2,1
gigapath,41,4,9,E2025030673SA-1-1-H&E.svs,2,0
gigapath,41,4,11,E2026001028SA-1-1-H&E_UTC2026-01-12T10_56_56Z.svs,1,1
gigapath,41,4,13,E2024006805SA-1-1-H&E.svs,0,2
gigapath,41,5,8,E2025022969SA-1-1-H&E.svs,1,1
gigapath,41,5,12,E2024000551SA-1-306-H&E.svs,2,0
gigapath,41,5,16,E2026000723SA-1-1-H&E.svs,2,1
gigapath,41,5,18,CPH-I4751-A-1-1-HE.svs,0,2
gigapath,42,1,7,E2025020264SA-1-1-H&E.svs,0,1
gigapath,42,1,8,E2025022969SA-1-1-H&E.svs,1,1
gigapath,42,1,9,E2025030673SA-1-1-H&E.svs,2,0
gigapath,42,1,19,CPH-U4973-A-1-1-HE.svs,0,0
gigapath,42,2,1,E2024006448SA-2-1-H&E.svs,1,0
gigapath,42,2,2,E2024006582SA-1-1-H&E.svs,2,0
gigapath,42,2,11,E2026001028SA-1-1-H&E_UTC2026-01-12T10_56_56Z.svs,1,1
gigapath,42,2,18,CPH-I4751-A-1-1-HE.svs,0,0
gigapath,42,3,6,E2024060606SA-1-1-H&E.svs,2,2
gigapath,42,3,10,E2026000962SA-1-1-H&E.svs,1,2
gigapath,42,3,13,E2024006805SA-1-1-H&E.svs,0,2
gigapath,42,3,17,CPH-C1322-A-3-1-HE.svs,1,2
gigapath,42,4,0,E2024000193SA-1-1-H&E.svs,0,0
gigapath,42,4,3,E2024006929SA-2-1-H&E.svs,1,1
gigapath,42,4,4,E2024039719SA-5-1-H&E.svs,2,0
gigapath,42,4,12,E2024000551SA-1-306-H&E.svs,2,0
gigapath,42,5,5,E2024059593SA-1-1-H&E.svs,2,0
gigapath,42,5,14,E2024058799SA-4-2-H&E.svs,0,2
gigapath,42,5,15,E2024060786SA-1-1-H&E.svs,1,0
gigapath,42,5,16,E2026000723SA-1-1-H&E.svs,2,1
gigapath,43,1,0,E2024000193SA-1-1-H&E.svs,0,0
gigapath,43,1,2,E2024006582SA-1-1-H&E.svs,2,0
gigapath,43,1,3,E2024006929SA-2-1-H&E.svs,1,1
gigapath,43,1,13,E2024006805SA-1-1-H&E.svs,0,2
gigapath,43,2,7,E2025020264SA-1-1-H&E.svs,0,1
gigapath,43,2,8,E2025022969SA-1-1-H&E.svs,1,1
gigapath,43,2,12,E2024000551SA-1-306-H&E.svs,2,0
gigapath,43,2,15,E2024060786SA-1-1-H&E.svs,1,1
gigapath,43,3,10,E2026000962SA-1-1-H&E.svs,1,2
gigapath,43,3,11,E2026001028SA-1-1-H&E_UTC2026-01-12T10_56_56Z.svs,1,1
gigapath,43,3,16,E2026000723SA-1-1-H&E.svs,2,2
gigapath,43,3,18,CPH-I4751-A-1-1-HE.svs,0,0
gigapath,43,4,1,E2024006448SA-2-1-H&E.svs,1,0
gigapath,43,4,4,E2024039719SA-5-1-H&E.svs,2,0
gigapath,43,4,5,E2024059593SA-1-1-H&E.svs,2,1
gigapath,43,4,19,CPH-U4973-A-1-1-HE.svs,0,0
gigapath,43,5,6,E2024060606SA-1-1-H&E.svs,2,2
gigapath,43,5,9,E2025030673SA-1-1-H&E.svs,2,0
gigapath,43,5,14,E2024058799SA-4-2-H&E.svs,0,0
gigapath,43,5,17,CPH-C1322-A-3-1-HE.svs,1,2
gigapath,44,1,8,E2025022969SA-1-1-H&E.svs,1,1
gigapath,44,1,13,E2024006805SA-1-1-H&E.svs,0,2
gigapath,44,1,14,E2024058799SA-4-2-H&E.svs,0,2
gigapath,44,1,16,E2026000723SA-1-1-H&E.svs,2,1
gigapath,44,2,3,E2024006929SA-2-1-H&E.svs,1,1
gigapath,44,2,5,E2024059593SA-1-1-H&E.svs,2,0
gigapath,44,2,15,E2024060786SA-1-1-H&E.svs,1,0
gigapath,44,2,19,CPH-U4973-A-1-1-HE.svs,0,1
gigapath,44,3,0,E2024000193SA-1-1-H&E.svs,0,0
gigapath,44,3,9,E2025030673SA-1-1-H&E.svs,2,0
gigapath,44,3,10,E2026000962SA-1-1-H&E.svs,1,2
gigapath,44,3,11,E2026001028SA-1-1-H&E_UTC2026-01-12T10_56_56Z.svs,1,1
gigapath,44,4,2,E2024006582SA-1-1-H&E.svs,2,2
gigapath,44,4,4,E2024039719SA-5-1-H&E.svs,2,0
gigapath,44,4,17,CPH-C1322-A-3-1-HE.svs,1,2
gigapath,44,4,18,CPH-I4751-A-1-1-HE.svs,0,0
gigapath,44,5,1,E2024006448SA-2-1-H&E.svs,1,0
gigapath,44,5,6,E2024060606SA-1-1-H&E.svs,2,2
gigapath,44,5,7,E2025020264SA-1-1-H&E.svs,0,1
gigapath,44,5,12,E2024000551SA-1-306-H&E.svs,2,0
gigapath,45,1,4,E2024039719SA-5-1-H&E.svs,2,0
gigapath,45,1,7,E2025020264SA-1-1-H&E.svs,0,1
gigapath,45,1,8,E2025022969SA-1-1-H&E.svs,1,1
gigapath,45,1,18,CPH-I4751-A-1-1-HE.svs,0,0
gigapath,45,2,0,E2024000193SA-1-1-H&E.svs,0,0
gigapath,45,2,1,E2024006448SA-2-1-H&E.svs,1,0
gigapath,45,2,5,E2024059593SA-1-1-H&E.svs,2,1
gigapath,45,2,11,E2026001028SA-1-1-H&E_UTC2026-01-12T10_56_56Z.svs,1,1
gigapath,45,3,2,E2024006582SA-1-1-H&E.svs,2,0
gigapath,45,3,10,E2026000962SA-1-1-H&E.svs,1,0
gigapath,45,3,17,CPH-C1322-A-3-1-HE.svs,1,2
gigapath,45,3,19,CPH-U4973-A-1-1-HE.svs,0,0
gigapath,45,4,6,E2024060606SA-1-1-H&E.svs,2,2
gigapath,45,4,14,E2024058799SA-4-2-H&E.svs,0,2
gigapath,45,4,15,E2024060786SA-1-1-H&E.svs,1,0
gigapath,45,4,16,E2026000723SA-1-1-H&E.svs,2,1
gigapath,45,5,3,E2024006929SA-2-1-H&E.svs,1,1
gigapath,45,5,9,E2025030673SA-1-1-H&E.svs,2,0
gigapath,45,5,12,E2024000551SA-1-306-H&E.svs,2,2
gigapath,45,5,13,E2024006805SA-1-1-H&E.svs,0,0
gigapath,46,1,0,E2024000193SA-1-1-H&E.svs,0,0
gigapath,46,1,12,E2024000551SA-1-306-H&E.svs,2,2
gigapath,46,1,14,E2024058799SA-4-2-H&E.svs,0,2
gigapath,46,1,15,E2024060786SA-1-1-H&E.svs,1,0
gigapath,46,2,6,E2024060606SA-1-1-H&E.svs,2,2
gigapath,46,2,10,E2026000962SA-1-1-H&E.svs,1,2
gigapath,46,2,11,E2026001028SA-1-1-H&E_UTC2026-01-12T10_56_56Z.svs,1,1
gigapath,46,2,19,CPH-U4973-A-1-1-HE.svs,0,0
gigapath,46,3,1,E2024006448SA-2-1-H&E.svs,1,0
gigapath,46,3,2,E2024006582SA-1-1-H&E.svs,2,0
gigapath,46,3,17,CPH-C1322-A-3-1-HE.svs,1,2
gigapath,46,3,18,CPH-I4751-A-1-1-HE.svs,0,0
gigapath,46,4,5,E2024059593SA-1-1-H&E.svs,2,0
gigapath,46,4,7,E2025020264SA-1-1-H&E.svs,0,1
gigapath,46,4,8,E2025022969SA-1-1-H&E.svs,1,1
gigapath,46,4,9,E2025030673SA-1-1-H&E.svs,2,0
gigapath,46,5,3,E2024006929SA-2-1-H&E.svs,1,1
gigapath,46,5,4,E2024039719SA-5-1-H&E.svs,2,0
gigapath,46,5,13,E2024006805SA-1-1-H&E.svs,0,2
gigapath,46,5,16,E2026000723SA-1-1-H&E.svs,2,1
gigapath,47,1,2,E2024006582SA-1-1-H&E.svs,2,0
gigapath,47,1,10,E2026000962SA-1-1-H&E.svs,1,0
gigapath,47,1,13,E2024006805SA-1-1-H&E.svs,0,0
gigapath,47,1,19,CPH-U4973-A-1-1-HE.svs,0,0
gigapath,47,2,3,E2024006929SA-2-1-H&E.svs,1,1
gigapath,47,2,8,E2025022969SA-1-1-H&E.svs,1,1
gigapath,47,2,12,E2024000551SA-1-306-H&E.svs,2,0
gigapath,47,2,18,CPH-I4751-A-1-1-HE.svs,0,0
gigapath,47,3,1,E2024006448SA-2-1-H&E.svs,1,0
gigapath,47,3,4,E2024039719SA-5-1-H&E.svs,2,0
gigapath,47,3,14,E2024058799SA-4-2-H&E.svs,0,0
gigapath,47,3,15,E2024060786SA-1-1-H&E.svs,1,0
gigapath,47,4,5,E2024059593SA-1-1-H&E.svs,2,0
gigapath,47,4,7,E2025020264SA-1-1-H&E.svs,0,1
gigapath,47,4,16,E2026000723SA-1-1-H&E.svs,2,2
gigapath,47,4,17,CPH-C1322-A-3-1-HE.svs,1,2
gigapath,47,5,0,E2024000193SA-1-1-H&E.svs,0,0
gigapath,47,5,6,E2024060606SA-1-1-H&E.svs,2,1
gigapath,47,5,9,E2025030673SA-1-1-H&E.svs,2,0
gigapath,47,5,11,E2026001028SA-1-1-H&E_UTC2026-01-12T10_56_56Z.svs,1,1
gigapath,48,1,6,E2024060606SA-1-1-H&E.svs,2,2
gigapath,48,1,7,E2025020264SA-1-1-H&E.svs,0,1
gigapath,48,1,14,E2024058799SA-4-2-H&E.svs,0,2
gigapath,48,1,15,E2024060786SA-1-1-H&E.svs,1,1
gigapath,48,2,1,E2024006448SA-2-1-H&E.svs,1,0
gigapath,48,2,3,E2024006929SA-2-1-H&E.svs,1,1
gigapath,48,2,5,E2024059593SA-1-1-H&E.svs,2,1
gigapath,48,2,13,E2024006805SA-1-1-H&E.svs,0,0
gigapath,48,3,2,E2024006582SA-1-1-H&E.svs,2,0
gigapath,48,3,8,E2025022969SA-1-1-H&E.svs,1,1
gigapath,48,3,10,E2026000962SA-1-1-H&E.svs,1,0
gigapath,48,3,19,CPH-U4973-A-1-1-HE.svs,0,0
gigapath,48,4,11,E2026001028SA-1-1-H&E_UTC2026-01-12T10_56_56Z.svs,1,1
gigapath,48,4,12,E2024000551SA-1-306-H&E.svs,2,0
gigapath,48,4,16,E2026000723SA-1-1-H&E.svs,2,2
gigapath,48,4,18,CPH-I4751-A-1-1-HE.svs,0,0
gigapath,48,5,0,E2024000193SA-1-1-H&E.svs,0,0
gigapath,48,5,4,E2024039719SA-5-1-H&E.svs,2,0
gigapath,48,5,9,E2025030673SA-1-1-H&E.svs,2,0
gigapath,48,5,17,CPH-C1322-A-3-1-HE.svs,1,2
gigapath,49,1,5,E2024059593SA-1-1-H&E.svs,2,1
gigapath,49,1,13,E2024006805SA-1-1-H&E.svs,0,0
gigapath,49,1,17,CPH-C1322-A-3-1-HE.svs,1,2
gigapath,49,1,18,CPH-I4751-A-1-1-HE.svs,0,0
gigapath,49,2,3,E2024006929SA-2-1-H&E.svs,1,1
gigapath,49,2,4,E2024039719SA-5-1-H&E.svs,2,0
gigapath,49,2,14,E2024058799SA-4-2-H&E.svs,0,0
gigapath,49,2,15,E2024060786SA-1-1-H&E.svs,1,0
gigapath,49,3,7,E2025020264SA-1-1-H&E.svs,0,1
gigapath,49,3,8,E2025022969SA-1-1-H&E.svs,1,1
gigapath,49,3,10,E2026000962SA-1-1-H&E.svs,1,2
gigapath,49,3,16,E2026000723SA-1-1-H&E.svs,2,1
gigapath,49,4,2,E2024006582SA-1-1-H&E.svs,2,0
gigapath,49,4,11,E2026001028SA-1-1-H&E_UTC2026-01-12T10_56_56Z.svs,1,1
gigapath,49,4,12,E2024000551SA-1-306-H&E.svs,2,0
gigapath,49,4,19,CPH-U4973-A-1-1-HE.svs,0,0
gigapath,49,5,0,E2024000193SA-1-1-H&E.svs,0,0
gigapath,49,5,1,E2024006448SA-2-1-H&E.svs,1,0
gigapath,49,5,6,E2024060606SA-1-1-H&E.svs,2,2
gigapath,49,5,9,E2025030673SA-1-1-H&E.svs,2,0
gigapath,50,1,8,E2025022969SA-1-1-H&E.svs,1,1
gigapath,50,1,9,E2025030673SA-1-1-H&E.svs,2,0
gigapath,50,1,18,CPH-I4751-A-1-1-HE.svs,0,0
gigapath,50,1,19,CPH-U4973-A-1-1-HE.svs,0,2
gigapath,50,2,4,E2024039719SA-5-1-H&E.svs,2,0
gigapath,50,2,11,E2026001028SA-1-1-H&E_UTC2026-01-12T10_56_56Z.svs,1,1
gigapath,50,2,13,E2024006805SA-1-1-H&E.svs,0,0
gigapath,50,2,17,CPH-C1322-A-3-1-HE.svs,1,2
gigapath,50,3,1,E2024006448SA-2-1-H&E.svs,1,0
gigapath,50,3,14,E2024058799SA-4-2-H&E.svs,0,2
gigapath,50,3,15,E2024060786SA-1-1-H&E.svs,1,0
gigapath,50,3,16,E2026000723SA-1-1-H&E.svs,2,2
gigapath,50,4,0,E2024000193SA-1-1-H&E.svs,0,0
gigapath,50,4,3,E2024006929SA-2-1-H&E.svs,1,1
gigapath,50,4,5,E2024059593SA-1-1-H&E.svs,2,1
gigapath,50,4,6,E2024060606SA-1-1-H&E.svs,2,2
gigapath,50,5,2,E2024006582SA-1-1-H&E.svs,2,0
gigapath,50,5,7,E2025020264SA-1-1-H&E.svs,0,1
gigapath,50,5,10,E2026000962SA-1-1-H&E.svs,1,0
gigapath,50,5,12,E2024000551SA-1-306-H&E.svs,2,0
uni_v2,1,1,0,E2024000193SA-1-1-H&E.svs,0,0
uni_v2,1,1,2,E2024006582SA-1-1-H&E.svs,2,0
uni_v2,1,1,3,E2024006929SA-2-1-H&E.svs,1,1
uni_v2,1,1,7,E2025020264SA-1-1-H&E.svs,0,1
uni_v2,1,2,4,E2024039719SA-5-1-H&E.svs,2,0
uni_v2,1,2,10,E2026000962SA-1-1-H&E.svs,1,1
uni_v2,1,2,11,E2026001028SA-1-1-H&E_UTC2026-01-12T10_56_56Z.svs,1,2
uni_v2,1,2,14,E2024058799SA-4-2-H&E.svs,0,2
uni_v2,1,3,8,E2025022969SA-1-1-H&E.svs,1,1
uni_v2,1,3,16,E2026000723SA-1-1-H&E.svs,2,2
uni_v2,1,3,17,CPH-C1322-A-3-1-HE.svs,1,2
uni_v2,1,3,19,CPH-U4973-A-1-1-HE.svs,0,0
uni_v2,1,4,1,E2024006448SA-2-1-H&E.svs,1,0
uni_v2,1,4,9,E2025030673SA-1-1-H&E.svs,2,0
uni_v2,1,4,12,E2024000551SA-1-306-H&E.svs,2,0
uni_v2,1,4,18,CPH-I4751-A-1-1-HE.svs,0,0
uni_v2,1,5,5,E2024059593SA-1-1-H&E.svs,2,1
uni_v2,1,5,6,E2024060606SA-1-1-H&E.svs,2,2
uni_v2,1,5,13,E2024006805SA-1-1-H&E.svs,0,2
uni_v2,1,5,15,E2024060786SA-1-1-H&E.svs,1,1
uni_v2,2,1,0,E2024000193SA-1-1-H&E.svs,0,0
uni_v2,2,1,9,E2025030673SA-1-1-H&E.svs,2,0
uni_v2,2,1,10,E2026000962SA-1-1-H&E.svs,1,2
uni_v2,2,1,18,CPH-I4751-A-1-1-HE.svs,0,0
uni_v2,2,2,2,E2024006582SA-1-1-H&E.svs,2,2
uni_v2,2,2,3,E2024006929SA-2-1-H&E.svs,1,1
uni_v2,2,2,7,E2025020264SA-1-1-H&E.svs,0,2
uni_v2,2,2,17,CPH-C1322-A-3-1-HE.svs,1,2
uni_v2,2,3,5,E2024059593SA-1-1-H&E.svs,2,1
uni_v2,2,3,11,E2026001028SA-1-1-H&E_UTC2026-01-12T10_56_56Z.svs,1,1
uni_v2,2,3,14,E2024058799SA-4-2-H&E.svs,0,2
uni_v2,2,3,15,E2024060786SA-1-1-H&E.svs,1,1
uni_v2,2,4,1,E2024006448SA-2-1-H&E.svs,1,0
uni_v2,2,4,12,E2024000551SA-1-306-H&E.svs,2,0
uni_v2,2,4,16,E2026000723SA-1-1-H&E.svs,2,2
uni_v2,2,4,19,CPH-U4973-A-1-1-HE.svs,0,0
uni_v2,2,5,4,E2024039719SA-5-1-H&E.svs,2,2
uni_v2,2,5,6,E2024060606SA-1-1-H&E.svs,2,2
uni_v2,2,5,8,E2025022969SA-1-1-H&E.svs,1,1
uni_v2,2,5,13,E2024006805SA-1-1-H&E.svs,0,2
uni_v2,3,1,0,E2024000193SA-1-1-H&E.svs,0,0
uni_v2,3,1,1,E2024006448SA-2-1-H&E.svs,1,0
uni_v2,3,1,16,E2026000723SA-1-1-H&E.svs,2,2
uni_v2,3,1,19,CPH-U4973-A-1-1-HE.svs,0,0
uni_v2,3,2,2,E2024006582SA-1-1-H&E.svs,2,2
uni_v2,3,2,3,E2024006929SA-2-1-H&E.svs,1,1
uni_v2,3,2,11,E2026001028SA-1-1-H&E_UTC2026-01-12T10_56_56Z.svs,1,2
uni_v2,3,2,13,E2024006805SA-1-1-H&E.svs,0,2
uni_v2,3,3,8,E2025022969SA-1-1-H&E.svs,1,1
uni_v2,3,3,10,E2026000962SA-1-1-H&E.svs,1,2
uni_v2,3,3,12,E2024000551SA-1-306-H&E.svs,2,0
uni_v2,3,3,18,CPH-I4751-A-1-1-HE.svs,0,0
uni_v2,3,4,5,E2024059593SA-1-1-H&E.svs,2,1
uni_v2,3,4,9,E2025030673SA-1-1-H&E.svs,2,2
uni_v2,3,4,14,E2024058799SA-4-2-H&E.svs,0,0
uni_v2,3,4,17,CPH-C1322-A-3-1-HE.svs,1,2
uni_v2,3,5,4,E2024039719SA-5-1-H&E.svs,2,0
uni_v2,3,5,6,E2024060606SA-1-1-H&E.svs,2,2
uni_v2,3,5,7,E2025020264SA-1-1-H&E.svs,0,1
uni_v2,3,5,15,E2024060786SA-1-1-H&E.svs,1,1
uni_v2,4,1,2,E2024006582SA-1-1-H&E.svs,2,2
uni_v2,4,1,10,E2026000962SA-1-1-H&E.svs,1,2
uni_v2,4,1,18,CPH-I4751-A-1-1-HE.svs,0,0
uni_v2,4,1,19,CPH-U4973-A-1-1-HE.svs,0,1
uni_v2,4,2,0,E2024000193SA-1-1-H&E.svs,0,0
uni_v2,4,2,1,E2024006448SA-2-1-H&E.svs,1,0
uni_v2,4,2,15,E2024060786SA-1-1-H&E.svs,1,1
uni_v2,4,2,16,E2026000723SA-1-1-H&E.svs,2,2
uni_v2,4,3,3,E2024006929SA-2-1-H&E.svs,1,1
uni_v2,4,3,6,E2024060606SA-1-1-H&E.svs,2,2
uni_v2,4,3,8,E2025022969SA-1-1-H&E.svs,1,1
uni_v2,4,3,14,E2024058799SA-4-2-H&E.svs,0,2
uni_v2,4,4,5,E2024059593SA-1-1-H&E.svs,2,1
uni_v2,4,4,7,E2025020264SA-1-1-H&E.svs,0,2
uni_v2,4,4,12,E2024000551SA-1-306-H&E.svs,2,0
uni_v2,4,4,17,CPH-C1322-A-3-1-HE.svs,1,2
uni_v2,4,5,4,E2024039719SA-5-1-H&E.svs,2,2
uni_v2,4,5,9,E2025030673SA-1-1-H&E.svs,2,0
uni_v2,4,5,11,E2026001028SA-1-1-H&E_UTC2026-01-12T10_56_56Z.svs,1,2
uni_v2,4,5,13,E2024006805SA-1-1-H&E.svs,0,2
uni_v2,5,1,1,E2024006448SA-2-1-H&E.svs,1,2
uni_v2,5,1,2,E2024006582SA-1-1-H&E.svs,2,2
uni_v2,5,1,13,E2024006805SA-1-1-H&E.svs,0,2
uni_v2,5,1,14,E2024058799SA-4-2-H&E.svs,0,2
uni_v2,5,2,3,E2024006929SA-2-1-H&E.svs,1,1
uni_v2,5,2,16,E2026000723SA-1-1-H&E.svs,2,2
uni_v2,5,2,17,CPH-C1322-A-3-1-HE.svs,1,2
uni_v2,5,2,18,CPH-I4751-A-1-1-HE.svs,0,0
uni_v2,5,3,6,E2024060606SA-1-1-H&E.svs,2,2
uni_v2,5,3,7,E2025020264SA-1-1-H&E.svs,0,1
uni_v2,5,3,10,E2026000962SA-1-1-H&E.svs,1,2
uni_v2,5,3,15,E2024060786SA-1-1-H&E.svs,1,1
uni_v2,5,4,8,E2025022969SA-1-1-H&E.svs,1,1
uni_v2,5,4,9,E2025030673SA-1-1-H&E.svs,2,0
uni_v2,5,4,12,E2024000551SA-1-306-H&E.svs,2,0
uni_v2,5,4,19,CPH-U4973-A-1-1-HE.svs,0,0
uni_v2,5,5,0,E2024000193SA-1-1-H&E.svs,0,0
uni_v2,5,5,4,E2024039719SA-5-1-H&E.svs,2,0
uni_v2,5,5,5,E2024059593SA-1-1-H&E.svs,2,1
uni_v2,5,5,11,E2026001028SA-1-1-H&E_UTC2026-01-12T10_56_56Z.svs,1,1
uni_v2,6,1,0,E2024000193SA-1-1-H&E.svs,0,0
uni_v2,6,1,5,E2024059593SA-1-1-H&E.svs,2,1
uni_v2,6,1,10,E2026000962SA-1-1-H&E.svs,1,2
uni_v2,6,1,18,CPH-I4751-A-1-1-HE.svs,0,0
uni_v2,6,2,3,E2024006929SA-2-1-H&E.svs,1,1
uni_v2,6,2,7,E2025020264SA-1-1-H&E.svs,0,1
uni_v2,6,2,8,E2025022969SA-1-1-H&E.svs,1,1
uni_v2,6,2,9,E2025030673SA-1-1-H&E.svs,2,0
uni_v2,6,3,1,E2024006448SA-2-1-H&E.svs,1,0
uni_v2,6,3,6,E2024060606SA-1-1-H&E.svs,2,2
uni_v2,6,3,11,E2026001028SA-1-1-H&E_UTC2026-01-12T10_56_56Z.svs,1,1
uni_v2,6,3,19,CPH-U4973-A-1-1-HE.svs,0,0
uni_v2,6,4,2,E2024006582SA-1-1-H&E.svs,2,2
uni_v2,6,4,14,E2024058799SA-4-2-H&E.svs,0,2
uni_v2,6,4,16,E2026000723SA-1-1-H&E.svs,2,2
uni_v2,6,4,17,CPH-C1322-A-3-1-HE.svs,1,2
uni_v2,6,5,4,E2024039719SA-5-1-H&E.svs,2,0
uni_v2,6,5,12,E2024000551SA-1-306-H&E.svs,2,0
uni_v2,6,5,13,E2024006805SA-1-1-H&E.svs,0,0
uni_v2,6,5,15,E2024060786SA-1-1-H&E.svs,1,1
uni_v2,7,1,11,E2026001028SA-1-1-H&E_UTC2026-01-12T10_56_56Z.svs,1,1
uni_v2,7,1,16,E2026000723SA-1-1-H&E.svs,2,2
uni_v2,7,1,18,CPH-I4751-A-1-1-HE.svs,0,2
uni_v2,7,1,19,CPH-U4973-A-1-1-HE.svs,0,2
uni_v2,7,2,1,E2024006448SA-2-1-H&E.svs,1,0
uni_v2,7,2,4,E2024039719SA-5-1-H&E.svs,2,0
uni_v2,7,2,7,E2025020264SA-1-1-H&E.svs,0,1
uni_v2,7,2,8,E2025022969SA-1-1-H&E.svs,1,1
uni_v2,7,3,3,E2024006929SA-2-1-H&E.svs,1,1
uni_v2,7,3,9,E2025030673SA-1-1-H&E.svs,2,0
uni_v2,7,3,14,E2024058799SA-4-2-H&E.svs,0,0
uni_v2,7,3,17,CPH-C1322-A-3-1-HE.svs,1,2
uni_v2,7,4,6,E2024060606SA-1-1-H&E.svs,2,2
uni_v2,7,4,10,E2026000962SA-1-1-H&E.svs,1,2
uni_v2,7,4,12,E2024000551SA-1-306-H&E.svs,2,0
uni_v2,7,4,13,E2024006805SA-1-1-H&E.svs,0,0
uni_v2,7,5,0,E2024000193SA-1-1-H&E.svs,0,0
uni_v2,7,5,2,E2024006582SA-1-1-H&E.svs,2,0
uni_v2,7,5,5,E2024059593SA-1-1-H&E.svs,2,1
uni_v2,7,5,15,E2024060786SA-1-1-H&E.svs,1,1
uni_v2,8,1,0,E2024000193SA-1-1-H&E.svs,0,0
uni_v2,8,1,9,E2025030673SA-1-1-H&E.svs,2,0
uni_v2,8,1,11,E2026001028SA-1-1-H&E_UTC2026-01-12T10_56_56Z.svs,1,2
uni_v2,8,1,14,E2024058799SA-4-2-H&E.svs,0,0
uni_v2,8,2,8,E2025022969SA-1-1-H&E.svs,1,1
uni_v2,8,2,12,E2024000551SA-1-306-H&E.svs,2,0
uni_v2,8,2,17,CPH-C1322-A-3-1-HE.svs,1,2
uni_v2,8,2,19,CPH-U4973-A-1-1-HE.svs,0,0
uni_v2,8,3,3,E2024006929SA-2-1-H&E.svs,1,1
uni_v2,8,3,5,E2024059593SA-1-1-H&E.svs,2,1
uni_v2,8,3,7,E2025020264SA-1-1-H&E.svs,0,1
uni_v2,8,3,10,E2026000962SA-1-1-H&E.svs,1,2
uni_v2,8,4,1,E2024006448SA-2-1-H&E.svs,1,0
uni_v2,8,4,4,E2024039719SA-5-1-H&E.svs,2,2
uni_v2,8,4,13,E2024006805SA-1-1-H&E.svs,0,2
uni_v2,8,4,16,E2026000723SA-1-1-H&E.svs,2,2
uni_v2,8,5,2,E2024006582SA-1-1-H&E.svs,2,1
uni_v2,8,5,6,E2024060606SA-1-1-H&E.svs,2,2
uni_v2,8,5,15,E2024060786SA-1-1-H&E.svs,1,1
uni_v2,8,5,18,CPH-I4751-A-1-1-HE.svs,0,0
uni_v2,9,1,7,E2025020264SA-1-1-H&E.svs,0,1
uni_v2,9,1,12,E2024000551SA-1-306-H&E.svs,2,0
uni_v2,9,1,13,E2024006805SA-1-1-H&E.svs,0,0
uni_v2,9,1,15,E2024060786SA-1-1-H&E.svs,1,1
uni_v2,9,2,3,E2024006929SA-2-1-H&E.svs,1,1
uni_v2,9,2,6,E2024060606SA-1-1-H&E.svs,2,2
uni_v2,9,2,14,E2024058799SA-4-2-H&E.svs,0,2
uni_v2,9,2,17,CPH-C1322-A-3-1-HE.svs,1,2
uni_v2,9,3,0,E2024000193SA-1-1-H&E.svs,0,0
uni_v2,9,3,1,E2024006448SA-2-1-H&E.svs,1,0
uni_v2,9,3,8,E2025022969SA-1-1-H&E.svs,1,1
uni_v2,9,3,16,E2026000723SA-1-1-H&E.svs,2,2
uni_v2,9,4,2,E2024006582SA-1-1-H&E.svs,2,2
uni_v2,9,4,9,E2025030673SA-1-1-H&E.svs,2,0
uni_v2,9,4,10,E2026000962SA-1-1-H&E.svs,1,1
uni_v2,9,4,18,CPH-I4751-A-1-1-HE.svs,0,0
uni_v2,9,5,4,E2024039719SA-5-1-H&E.svs,2,0
uni_v2,9,5,5,E2024059593SA-1-1-H&E.svs,2,1
uni_v2,9,5,11,E2026001028SA-1-1-H&E_UTC2026-01-12T10_56_56Z.svs,1,1
uni_v2,9,5,19,CPH-U4973-A-1-1-HE.svs,0,0
uni_v2,10,1,0,E2024000193SA-1-1-H&E.svs,0,0
uni_v2,10,1,10,E2026000962SA-1-1-H&E.svs,1,2
uni_v2,10,1,12,E2024000551SA-1-306-H&E.svs,2,0
uni_v2,10,1,14,E2024058799SA-4-2-H&E.svs,0,0
uni_v2,10,2,5,E2024059593SA-1-1-H&E.svs,2,1
uni_v2,10,2,8,E2025022969SA-1-1-H&E.svs,1,1
uni_v2,10,2,17,CPH-C1322-A-3-1-HE.svs,1,2
uni_v2,10,2,18,CPH-I4751-A-1-1-HE.svs,0,0
uni_v2,10,3,2,E2024006582SA-1-1-H&E.svs,2,0
uni_v2,10,3,3,E2024006929SA-2-1-H&E.svs,1,1
uni_v2,10,3,7,E2025020264SA-1-1-H&E.svs,0,1
uni_v2,10,3,11,E2026001028SA-1-1-H&E_UTC2026-01-12T10_56_56Z.svs,1,2
uni_v2,10,4,1,E2024006448SA-2-1-H&E.svs,1,0
uni_v2,10,4,4,E2024039719SA-5-1-H&E.svs,2,2
uni_v2,10,4,9,E2025030673SA-1-1-H&E.svs,2,0
uni_v2,10,4,13,E2024006805SA-1-1-H&E.svs,0,2
uni_v2,10,5,6,E2024060606SA-1-1-H&E.svs,2,2
uni_v2,10,5,15,E2024060786SA-1-1-H&E.svs,1,1
uni_v2,10,5,16,E2026000723SA-1-1-H&E.svs,2,1
uni_v2,10,5,19,CPH-U4973-A-1-1-HE.svs,0,0
uni_v2,11,1,1,E2024006448SA-2-1-H&E.svs,1,0
uni_v2,11,1,7,E2025020264SA-1-1-H&E.svs,0,1
uni_v2,11,1,9,E2025030673SA-1-1-H&E.svs,2,1
uni_v2,11,1,14,E2024058799SA-4-2-H&E.svs,0,0
uni_v2,11,2,5,E2024059593SA-1-1-H&E.svs,2,1
uni_v2,11,2,10,E2026000962SA-1-1-H&E.svs,1,2
uni_v2,11,2,15,E2024060786SA-1-1-H&E.svs,1,1
uni_v2,11,2,18,CPH-I4751-A-1-1-HE.svs,0,0
uni_v2,11,3,3,E2024006929SA-2-1-H&E.svs,1,1
uni_v2,11,3,4,E2024039719SA-5-1-H&E.svs,2,2
uni_v2,11,3,8,E2025022969SA-1-1-H&E.svs,1,1
uni_v2,11,3,13,E2024006805SA-1-1-H&E.svs,0,0
uni_v2,11,4,2,E2024006582SA-1-1-H&E.svs,2,2
uni_v2,11,4,11,E2026001028SA-1-1-H&E_UTC2026-01-12T10_56_56Z.svs,1,2
uni_v2,11,4,16,E2026000723SA-1-1-H&E.svs,2,2
uni_v2,11,4,19,CPH-U4973-A-1-1-HE.svs,0,0
uni_v2,11,5,0,E2024000193SA-1-1-H&E.svs,0,0
uni_v2,11,5,6,E2024060606SA-1-1-H&E.svs,2,2
uni_v2,11,5,12,E2024000551SA-1-306-H&E.svs,2,0
uni_v2,11,5,17,CPH-C1322-A-3-1-HE.svs,1,2
uni_v2,12,1,0,E2024000193SA-1-1-H&E.svs,0,0
uni_v2,12,1,10,E2026000962SA-1-1-H&E.svs,1,2
uni_v2,12,1,13,E2024006805SA-1-1-H&E.svs,0,2
uni_v2,12,1,16,E2026000723SA-1-1-H&E.svs,2,2
uni_v2,12,2,5,E2024059593SA-1-1-H&E.svs,2,1
uni_v2,12,2,7,E2025020264SA-1-1-H&E.svs,0,1
uni_v2,12,2,15,E2024060786SA-1-1-H&E.svs,1,1
uni_v2,12,2,17,CPH-C1322-A-3-1-HE.svs,1,2
uni_v2,12,3,1,E2024006448SA-2-1-H&E.svs,1,0
uni_v2,12,3,6,E2024060606SA-1-1-H&E.svs,2,2
uni_v2,12,3,11,E2026001028SA-1-1-H&E_UTC2026-01-12T10_56_56Z.svs,1,1
uni_v2,12,3,19,CPH-U4973-A-1-1-HE.svs,0,0
uni_v2,12,4,2,E2024006582SA-1-1-H&E.svs,2,2
uni_v2,12,4,3,E2024006929SA-2-1-H&E.svs,1,1
uni_v2,12,4,4,E2024039719SA-5-1-H&E.svs,2,0
uni_v2,12,4,14,E2024058799SA-4-2-H&E.svs,0,2
uni_v2,12,5,8,E2025022969SA-1-1-H&E.svs,1,1
uni_v2,12,5,9,E2025030673SA-1-1-H&E.svs,2,0
uni_v2,12,5,12,E2024000551SA-1-306-H&E.svs,2,0
uni_v2,12,5,18,CPH-I4751-A-1-1-HE.svs,0,0
uni_v2,13,1,0,E2024000193SA-1-1-H&E.svs,0,0
uni_v2,13,1,4,E2024039719SA-5-1-H&E.svs,2,0
uni_v2,13,1,11,E2026001028SA-1-1-H&E_UTC2026-01-12T10_56_56Z.svs,1,2
uni_v2,13,1,14,E2024058799SA-4-2-H&E.svs,0,2
uni_v2,13,2,10,E2026000962SA-1-1-H&E.svs,1,2
uni_v2,13,2,12,E2024000551SA-1-306-H&E.svs,2,0
uni_v2,13,2,13,E2024006805SA-1-1-H&E.svs,0,0
uni_v2,13,2,15,E2024060786SA-1-1-H&E.svs,1,1
uni_v2,13,3,1,E2024006448SA-2-1-H&E.svs,1,0
uni_v2,13,3,8,E2025022969SA-1-1-H&E.svs,1,1
uni_v2,13,3,16,E2026000723SA-1-1-H&E.svs,2,2
uni_v2,13,3,19,CPH-U4973-A-1-1-HE.svs,0,0
uni_v2,13,4,6,E2024060606SA-1-1-H&E.svs,2,2
uni_v2,13,4,9,E2025030673SA-1-1-H&E.svs,2,0
uni_v2,13,4,17,CPH-C1322-A-3-1-HE.svs,1,2
uni_v2,13,4,18,CPH-I4751-A-1-1-HE.svs,0,0
uni_v2,13,5,2,E2024006582SA-1-1-H&E.svs,2,0
uni_v2,13,5,3,E2024006929SA-2-1-H&E.svs,1,1
uni_v2,13,5,5,E2024059593SA-1-1-H&E.svs,2,1
uni_v2,13,5,7,E2025020264SA-1-1-H&E.svs,0,2
uni_v2,14,1,7,E2025020264SA-1-1-H&E.svs,0,1
uni_v2,14,1,9,E2025030673SA-1-1-H&E.svs,2,0
uni_v2,14,1,17,CPH-C1322-A-3-1-HE.svs,1,2
uni_v2,14,1,18,CPH-I4751-A-1-1-HE.svs,0,0
uni_v2,14,2,0,E2024000193SA-1-1-H&E.svs,0,0
uni_v2,14,2,1,E2024006448SA-2-1-H&E.svs,1,0
uni_v2,14,2,15,E2024060786SA-1-1-H&E.svs,1,1
uni_v2,14,2,16,E2026000723SA-1-1-H&E.svs,2,2
uni_v2,14,3,10,E2026000962SA-1-1-H&E.svs,1,2
uni_v2,14,3,11,E2026001028SA-1-1-H&E_UTC2026-01-12T10_56_56Z.svs,1,1
uni_v2,14,3,12,E2024000551SA-1-306-H&E.svs,2,0
uni_v2,14,3,14,E2024058799SA-4-2-H&E.svs,0,0
uni_v2,14,4,5,E2024059593SA-1-1-H&E.svs,2,1
uni_v2,14,4,6,E2024060606SA-1-1-H&E.svs,2,2
uni_v2,14,4,8,E2025022969SA-1-1-H&E.svs,1,1
uni_v2,14,4,13,E2024006805SA-1-1-H&E.svs,0,2
uni_v2,14,5,2,E2024006582SA-1-1-H&E.svs,2,2
uni_v2,14,5,3,E2024006929SA-2-1-H&E.svs,1,1
uni_v2,14,5,4,E2024039719SA-5-1-H&E.svs,2,0
uni_v2,14,5,19,CPH-U4973-A-1-1-HE.svs,0,0
uni_v2,15,1,6,E2024060606SA-1-1-H&E.svs,2,2
uni_v2,15,1,8,E2025022969SA-1-1-H&E.svs,1,1
uni_v2,15,1,13,E2024006805SA-1-1-H&E.svs,0,2
uni_v2,15,1,19,CPH-U4973-A-1-1-HE.svs,0,0
uni_v2,15,2,1,E2024006448SA-2-1-H&E.svs,1,0
uni_v2,15,2,3,E2024006929SA-2-1-H&E.svs,1,1
uni_v2,15,2,9,E2025030673SA-1-1-H&E.svs,2,0
uni_v2,15,2,18,CPH-I4751-A-1-1-HE.svs,0,0
uni_v2,15,3,0,E2024000193SA-1-1-H&E.svs,0,0
uni_v2,15,3,11,E2026001028SA-1-1-H&E_UTC2026-01-12T10_56_56Z.svs,1,1
uni_v2,15,3,16,E2026000723SA-1-1-H&E.svs,2,2
uni_v2,15,3,17,CPH-C1322-A-3-1-HE.svs,1,2
uni_v2,15,4,2,E2024006582SA-1-1-H&E.svs,2,0
uni_v2,15,4,5,E2024059593SA-1-1-H&E.svs,2,1
uni_v2,15,4,7,E2025020264SA-1-1-H&E.svs,0,1
uni_v2,15,4,15,E2024060786SA-1-1-H&E.svs,1,1
uni_v2,15,5,4,E2024039719SA-5-1-H&E.svs,2,0
uni_v2,15,5,10,E2026000962SA-1-1-H&E.svs,1,2
uni_v2,15,5,12,E2024000551SA-1-306-H&E.svs,2,0
uni_v2,15,5,14,E2024058799SA-4-2-H&E.svs,0,0
uni_v2,16,1,0,E2024000193SA-1-1-H&E.svs,0,0
uni_v2,16,1,7,E2025020264SA-1-1-H&E.svs,0,1
uni_v2,16,1,9,E2025030673SA-1-1-H&E.svs,2,0
uni_v2,16,1,15,E2024060786SA-1-1-H&E.svs,1,1
uni_v2,16,2,4,E2024039719SA-5-1-H&E.svs,2,0
uni_v2,16,2,8,E2025022969SA-1-1-H&E.svs,1,1
uni_v2,16,2,14,E2024058799SA-4-2-H&E.svs,0,2
uni_v2,16,2,17,CPH-C1322-A-3-1-HE.svs,1,2
uni_v2,16,3,10,E2026000962SA-1-1-H&E.svs,1,2
uni_v2,16,3,11,E2026001028SA-1-1-H&E_UTC2026-01-12T10_56_56Z.svs,1,1
uni_v2,16,3,12,E2024000551SA-1-306-H&E.svs,2,0
uni_v2,16,3,18,CPH-I4751-A-1-1-HE.svs,0,0
uni_v2,16,4,1,E2024006448SA-2-1-H&E.svs,1,2
uni_v2,16,4,2,E2024006582SA-1-1-H&E.svs,2,2
uni_v2,16,4,6,E2024060606SA-1-1-H&E.svs,2,2
uni_v2,16,4,13,E2024006805SA-1-1-H&E.svs,0,2
uni_v2,16,5,3,E2024006929SA-2-1-H&E.svs,1,1
uni_v2,16,5,5,E2024059593SA-1-1-H&E.svs,2,1
uni_v2,16,5,16,E2026000723SA-1-1-H&E.svs,2,1
uni_v2,16,5,19,CPH-U4973-A-1-1-HE.svs,0,0
uni_v2,17,1,0,E2024000193SA-1-1-H&E.svs,0,0
uni_v2,17,1,1,E2024006448SA-2-1-H&E.svs,1,0
uni_v2,17,1,7,E2025020264SA-1-1-H&E.svs,0,1
uni_v2,17,1,9,E2025030673SA-1-1-H&E.svs,2,0
uni_v2,17,2,4,E2024039719SA-5-1-H&E.svs,2,0
uni_v2,17,2,15,E2024060786SA-1-1-H&E.svs,1,1
uni_v2,17,2,17,CPH-C1322-A-3-1-HE.svs,1,2
uni_v2,17,2,18,CPH-I4751-A-1-1-HE.svs,0,0
uni_v2,17,3,5,E2024059593SA-1-1-H&E.svs,2,1
uni_v2,17,3,8,E2025022969SA-1-1-H&E.svs,1,1
uni_v2,17,3,10,E2026000962SA-1-1-H&E.svs,1,2
uni_v2,17,3,14,E2024058799SA-4-2-H&E.svs,0,2
uni_v2,17,4,3,E2024006929SA-2-1-H&E.svs,1,1
uni_v2,17,4,6,E2024060606SA-1-1-H&E.svs,2,2
uni_v2,17,4,12,E2024000551SA-1-306-H&E.svs,2,0
uni_v2,17,4,19,CPH-U4973-A-1-1-HE.svs,0,0
uni_v2,17,5,2,E2024006582SA-1-1-H&E.svs,2,2
uni_v2,17,5,11,E2026001028SA-1-1-H&E_UTC2026-01-12T10_56_56Z.svs,1,1
uni_v2,17,5,13,E2024006805SA-1-1-H&E.svs,0,2
uni_v2,17,5,16,E2026000723SA-1-1-H&E.svs,2,2
uni_v2,18,1,0,E2024000193SA-1-1-H&E.svs,0,0
uni_v2,18,1,1,E2024006448SA-2-1-H&E.svs,1,0
uni_v2,18,1,12,E2024000551SA-1-306-H&E.svs,2,0
uni_v2,18,1,19,CPH-U4973-A-1-1-HE.svs,0,0
uni_v2,18,2,10,E2026000962SA-1-1-H&E.svs,1,2
uni_v2,18,2,16,E2026000723SA-1-1-H&E.svs,2,2
uni_v2,18,2,17,CPH-C1322-A-3-1-HE.svs,1,2
uni_v2,18,2,18,CPH-I4751-A-1-1-HE.svs,0,2
uni_v2,18,3,2,E2024006582SA-1-1-H&E.svs,2,0
uni_v2,18,3,3,E2024006929SA-2-1-H&E.svs,1,1
uni_v2,18,3,8,E2025022969SA-1-1-H&E.svs,1,1
uni_v2,18,3,14,E2024058799SA-4-2-H&E.svs,0,2
uni_v2,18,4,6,E2024060606SA-1-1-H&E.svs,2,2
uni_v2,18,4,7,E2025020264SA-1-1-H&E.svs,0,1
uni_v2,18,4,9,E2025030673SA-1-1-H&E.svs,2,1
uni_v2,18,4,15,E2024060786SA-1-1-H&E.svs,1,1
uni_v2,18,5,4,E2024039719SA-5-1-H&E.svs,2,0
uni_v2,18,5,5,E2024059593SA-1-1-H&E.svs,2,1
uni_v2,18,5,11,E2026001028SA-1-1-H&E_UTC2026-01-12T10_56_56Z.svs,1,1
uni_v2,18,5,13,E2024006805SA-1-1-H&E.svs,0,0
uni_v2,19,1,7,E2025020264SA-1-1-H&E.svs,0,1
uni_v2,19,1,9,E2025030673SA-1-1-H&E.svs,2,0
uni_v2,19,1,15,E2024060786SA-1-1-H&E.svs,1,1
uni_v2,19,1,19,CPH-U4973-A-1-1-HE.svs,0,0
uni_v2,19,2,0,E2024000193SA-1-1-H&E.svs,0,0
uni_v2,19,2,2,E2024006582SA-1-1-H&E.svs,2,2
uni_v2,19,2,3,E2024006929SA-2-1-H&E.svs,1,1
uni_v2,19,2,17,CPH-C1322-A-3-1-HE.svs,1,2
uni_v2,19,3,1,E2024006448SA-2-1-H&E.svs,1,0
uni_v2,19,3,8,E2025022969SA-1-1-H&E.svs,1,1
uni_v2,19,3,16,E2026000723SA-1-1-H&E.svs,2,2
uni_v2,19,3,18,CPH-I4751-A-1-1-HE.svs,0,0
uni_v2,19,4,4,E2024039719SA-5-1-H&E.svs,2,0
uni_v2,19,4,11,E2026001028SA-1-1-H&E_UTC2026-01-12T10_56_56Z.svs,1,2
uni_v2,19,4,12,E2024000551SA-1-306-H&E.svs,2,0
uni_v2,19,4,13,E2024006805SA-1-1-H&E.svs,0,0
uni_v2,19,5,5,E2024059593SA-1-1-H&E.svs,2,1
uni_v2,19,5,6,E2024060606SA-1-1-H&E.svs,2,2
uni_v2,19,5,10,E2026000962SA-1-1-H&E.svs,1,2
uni_v2,19,5,14,E2024058799SA-4-2-H&E.svs,0,2
uni_v2,20,1,0,E2024000193SA-1-1-H&E.svs,0,0
uni_v2,20,1,2,E2024006582SA-1-1-H&E.svs,2,0
uni_v2,20,1,14,E2024058799SA-4-2-H&E.svs,0,2
uni_v2,20,1,15,E2024060786SA-1-1-H&E.svs,1,1
uni_v2,20,2,3,E2024006929SA-2-1-H&E.svs,1,1
uni_v2,20,2,11,E2026001028SA-1-1-H&E_UTC2026-01-12T10_56_56Z.svs,1,2
uni_v2,20,2,12,E2024000551SA-1-306-H&E.svs,2,0
uni_v2,20,2,13,E2024006805SA-1-1-H&E.svs,0,0
uni_v2,20,3,1,E2024006448SA-2-1-H&E.svs,1,0
uni_v2,20,3,5,E2024059593SA-1-1-H&E.svs,2,1
uni_v2,20,3,8,E2025022969SA-1-1-H&E.svs,1,1
uni_v2,20,3,19,CPH-U4973-A-1-1-HE.svs,0,0
uni_v2,20,4,4,E2024039719SA-5-1-H&E.svs,2,0
uni_v2,20,4,6,E2024060606SA-1-1-H&E.svs,2,2
uni_v2,20,4,7,E2025020264SA-1-1-H&E.svs,0,1
uni_v2,20,4,17,CPH-C1322-A-3-1-HE.svs,1,2
uni_v2,20,5,9,E2025030673SA-1-1-H&E.svs,2,0
uni_v2,20,5,10,E2026000962SA-1-1-H&E.svs,1,2
uni_v2,20,5,16,E2026000723SA-1-1-H&E.svs,2,2
uni_v2,20,5,18,CPH-I4751-A-1-1-HE.svs,0,0
uni_v2,21,1,7,E2025020264SA-1-1-H&E.svs,0,1
uni_v2,21,1,16,E2026000723SA-1-1-H&E.svs,2,2
uni_v2,21,1,17,CPH-C1322-A-3-1-HE.svs,1,2
uni_v2,21,1,18,CPH-I4751-A-1-1-HE.svs,0,0
uni_v2,21,2,0,E2024000193SA-1-1-H&E.svs,0,0
uni_v2,21,2,1,E2024006448SA-2-1-H&E.svs,1,0
uni_v2,21,2,4,E2024039719SA-5-1-H&E.svs,2,0
uni_v2,21,2,8,E2025022969SA-1-1-H&E.svs,1,1
uni_v2,21,3,6,E2024060606SA-1-1-H&E.svs,2,2
uni_v2,21,3,10,E2026000962SA-1-1-H&E.svs,1,1
uni_v2,21,3,11,E2026001028SA-1-1-H&E_UTC2026-01-12T10_56_56Z.svs,1,2
uni_v2,21,3,14,E2024058799SA-4-2-H&E.svs,0,2
uni_v2,21,4,5,E2024059593SA-1-1-H&E.svs,2,1
uni_v2,21,4,9,E2025030673SA-1-1-H&E.svs,2,0
uni_v2,21,4,15,E2024060786SA-1-1-H&E.svs,1,1
uni_v2,21,4,19,CPH-U4973-A-1-1-HE.svs,0,0
uni_v2,21,5,2,E2024006582SA-1-1-H&E.svs,2,2
uni_v2,21,5,3,E2024006929SA-2-1-H&E.svs,1,1
uni_v2,21,5,12,E2024000551SA-1-306-H&E.svs,2,0
uni_v2,21,5,13,E2024006805SA-1-1-H&E.svs,0,0
uni_v2,22,1,0,E2024000193SA-1-1-H&E.svs,0,0
uni_v2,22,1,10,E2026000962SA-1-1-H&E.svs,1,2
uni_v2,22,1,12,E2024000551SA-1-306-H&E.svs,2,0
uni_v2,22,1,13,E2024006805SA-1-1-H&E.svs,0,0
uni_v2,22,2,4,E2024039719SA-5-1-H&E.svs,2,0
uni_v2,22,2,11,E2026001028SA-1-1-H&E_UTC2026-01-12T10_56_56Z.svs,1,2
uni_v2,22,2,14,E2024058799SA-4-2-H&E.svs,0,2
uni_v2,22,2,17,CPH-C1322-A-3-1-HE.svs,1,2
uni_v2,22,3,2,E2024006582SA-1-1-H&E.svs,2,2
uni_v2,22,3,3,E2024006929SA-2-1-H&E.svs,1,1
uni_v2,22,3,7,E2025020264SA-1-1-H&E.svs,0,1
uni_v2,22,3,8,E2025022969SA-1-1-H&E.svs,1,1
uni_v2,22,4,1,E2024006448SA-2-1-H&E.svs,1,0
uni_v2,22,4,9,E2025030673SA-1-1-H&E.svs,2,0
uni_v2,22,4,16,E2026000723SA-1-1-H&E.svs,2,2
uni_v2,22,4,18,CPH-I4751-A-1-1-HE.svs,0,0
uni_v2,22,5,5,E2024059593SA-1-1-H&E.svs,2,1
uni_v2,22,5,6,E2024060606SA-1-1-H&E.svs,2,2
uni_v2,22,5,15,E2024060786SA-1-1-H&E.svs,1,1
uni_v2,22,5,19,CPH-U4973-A-1-1-HE.svs,0,0
uni_v2,23,1,5,E2024059593SA-1-1-H&E.svs,2,1
uni_v2,23,1,7,E2025020264SA-1-1-H&E.svs,0,1
uni_v2,23,1,13,E2024006805SA-1-1-H&E.svs,0,2
uni_v2,23,1,17,CPH-C1322-A-3-1-HE.svs,1,2
uni_v2,23,2,1,E2024006448SA-2-1-H&E.svs,1,0
uni_v2,23,2,2,E2024006582SA-1-1-H&E.svs,2,2
uni_v2,23,2,10,E2026000962SA-1-1-H&E.svs,1,2
uni_v2,23,2,19,CPH-U4973-A-1-1-HE.svs,0,0
uni_v2,23,3,3,E2024006929SA-2-1-H&E.svs,1,1
uni_v2,23,3,9,E2025030673SA-1-1-H&E.svs,2,0
uni_v2,23,3,15,E2024060786SA-1-1-H&E.svs,1,1
uni_v2,23,3,18,CPH-I4751-A-1-1-HE.svs,0,0
uni_v2,23,4,0,E2024000193SA-1-1-H&E.svs,0,0
uni_v2,23,4,6,E2024060606SA-1-1-H&E.svs,2,2
uni_v2,23,4,11,E2026001028SA-1-1-H&E_UTC2026-01-12T10_56_56Z.svs,1,1
uni_v2,23,4,16,E2026000723SA-1-1-H&E.svs,2,2
uni_v2,23,5,4,E2024039719SA-5-1-H&E.svs,2,0
uni_v2,23,5,8,E2025022969SA-1-1-H&E.svs,1,1
uni_v2,23,5,12,E2024000551SA-1-306-H&E.svs,2,0
uni_v2,23,5,14,E2024058799SA-4-2-H&E.svs,0,0
uni_v2,24,1,11,E2026001028SA-1-1-H&E_UTC2026-01-12T10_56_56Z.svs,1,2
uni_v2,24,1,12,E2024000551SA-1-306-H&E.svs,2,0
uni_v2,24,1,14,E2024058799SA-4-2-H&E.svs,0,0
uni_v2,24,1,18,CPH-I4751-A-1-1-HE.svs,0,0
uni_v2,24,2,1,E2024006448SA-2-1-H&E.svs,1,0
uni_v2,24,2,5,E2024059593SA-1-1-H&E.svs,2,1
uni_v2,24,2,7,E2025020264SA-1-1-H&E.svs,0,1
uni_v2,24,2,17,CPH-C1322-A-3-1-HE.svs,1,2
uni_v2,24,3,0,E2024000193SA-1-1-H&E.svs,0,0
uni_v2,24,3,3,E2024006929SA-2-1-H&E.svs,1,1
uni_v2,24,3,9,E2025030673SA-1-1-H&E.svs,2,0
uni_v2,24,3,15,E2024060786SA-1-1-H&E.svs,1,1
uni_v2,24,4,6,E2024060606SA-1-1-H&E.svs,2,2
uni_v2,24,4,10,E2026000962SA-1-1-H&E.svs,1,2
uni_v2,24,4,16,E2026000723SA-1-1-H&E.svs,2,1
uni_v2,24,4,19,CPH-U4973-A-1-1-HE.svs,0,0
uni_v2,24,5,2,E2024006582SA-1-1-H&E.svs,2,2
uni_v2,24,5,4,E2024039719SA-5-1-H&E.svs,2,2
uni_v2,24,5,8,E2025022969SA-1-1-H&E.svs,1,1
uni_v2,24,5,13,E2024006805SA-1-1-H&E.svs,0,0
uni_v2,25,1,0,E2024000193SA-1-1-H&E.svs,0,0
uni_v2,25,1,1,E2024006448SA-2-1-H&E.svs,1,0
uni_v2,25,1,9,E2025030673SA-1-1-H&E.svs,2,0
uni_v2,25,1,19,CPH-U4973-A-1-1-HE.svs,0,0
uni_v2,25,2,10,E2026000962SA-1-1-H&E.svs,1,1
uni_v2,25,2,14,E2024058799SA-4-2-H&E.svs,0,2
uni_v2,25,2,16,E2026000723SA-1-1-H&E.svs,2,2
uni_v2,25,2,17,CPH-C1322-A-3-1-HE.svs,1,2
uni_v2,25,3,3,E2024006929SA-2-1-H&E.svs,1,1
uni_v2,25,3,4,E2024039719SA-5-1-H&E.svs,2,0
uni_v2,25,3,7,E2025020264SA-1-1-H&E.svs,0,1
uni_v2,25,3,8,E2025022969SA-1-1-H&E.svs,1,1
uni_v2,25,4,5,E2024059593SA-1-1-H&E.svs,2,1
uni_v2,25,4,6,E2024060606SA-1-1-H&E.svs,2,2
uni_v2,25,4,13,E2024006805SA-1-1-H&E.svs,0,2
uni_v2,25,4,15,E2024060786SA-1-1-H&E.svs,1,1
uni_v2,25,5,2,E2024006582SA-1-1-H&E.svs,2,2
uni_v2,25,5,11,E2026001028SA-1-1-H&E_UTC2026-01-12T10_56_56Z.svs,1,2
uni_v2,25,5,12,E2024000551SA-1-306-H&E.svs,2,0
uni_v2,25,5,18,CPH-I4751-A-1-1-HE.svs,0,0
uni_v2,26,1,0,E2024000193SA-1-1-H&E.svs,0,0
uni_v2,26,1,11,E2026001028SA-1-1-H&E_UTC2026-01-12T10_56_56Z.svs,1,2
uni_v2,26,1,12,E2024000551SA-1-306-H&E.svs,2,0
uni_v2,26,1,14,E2024058799SA-4-2-H&E.svs,0,0
uni_v2,26,2,15,E2024060786SA-1-1-H&E.svs,1,1
uni_v2,26,2,16,E2026000723SA-1-1-H&E.svs,2,2
uni_v2,26,2,17,CPH-C1322-A-3-1-HE.svs,1,2
uni_v2,26,2,19,CPH-U4973-A-1-1-HE.svs,0,0
uni_v2,26,3,2,E2024006582SA-1-1-H&E.svs,2,2
uni_v2,26,3,7,E2025020264SA-1-1-H&E.svs,0,1
uni_v2,26,3,8,E2025022969SA-1-1-H&E.svs,1,1
uni_v2,26,3,10,E2026000962SA-1-1-H&E.svs,1,2
uni_v2,26,4,3,E2024006929SA-2-1-H&E.svs,1,1
uni_v2,26,4,5,E2024059593SA-1-1-H&E.svs,2,1
uni_v2,26,4,9,E2025030673SA-1-1-H&E.svs,2,0
uni_v2,26,4,18,CPH-I4751-A-1-1-HE.svs,0,0
uni_v2,26,5,1,E2024006448SA-2-1-H&E.svs,1,0
uni_v2,26,5,4,E2024039719SA-5-1-H&E.svs,2,0
uni_v2,26,5,6,E2024060606SA-1-1-H&E.svs,2,2
uni_v2,26,5,13,E2024006805SA-1-1-H&E.svs,0,0
uni_v2,27,1,0,E2024000193SA-1-1-H&E.svs,0,0
uni_v2,27,1,3,E2024006929SA-2-1-H&E.svs,1,1
uni_v2,27,1,7,E2025020264SA-1-1-H&E.svs,0,1
uni_v2,27,1,9,E2025030673SA-1-1-H&E.svs,2,0
uni_v2,27,2,6,E2024060606SA-1-1-H&E.svs,2,2
uni_v2,27,2,8,E2025022969SA-1-1-H&E.svs,1,1
uni_v2,27,2,14,E2024058799SA-4-2-H&E.svs,0,0
uni_v2,27,2,15,E2024060786SA-1-1-H&E.svs,1,1
uni_v2,27,3,1,E2024006448SA-2-1-H&E.svs,1,0
uni_v2,27,3,12,E2024000551SA-1-306-H&E.svs,2,0
uni_v2,27,3,17,CPH-C1322-A-3-1-HE.svs,1,2
uni_v2,27,3,18,CPH-I4751-A-1-1-HE.svs,0,0
uni_v2,27,4,2,E2024006582SA-1-1-H&E.svs,2,2
uni_v2,27,4,4,E2024039719SA-5-1-H&E.svs,2,1
uni_v2,27,4,11,E2026001028SA-1-1-H&E_UTC2026-01-12T10_56_56Z.svs,1,2
uni_v2,27,4,13,E2024006805SA-1-1-H&E.svs,0,0
uni_v2,27,5,5,E2024059593SA-1-1-H&E.svs,2,1
uni_v2,27,5,10,E2026000962SA-1-1-H&E.svs,1,2
uni_v2,27,5,16,E2026000723SA-1-1-H&E.svs,2,1
uni_v2,27,5,19,CPH-U4973-A-1-1-HE.svs,0,0
uni_v2,28,1,5,E2024059593SA-1-1-H&E.svs,2,1
uni_v2,28,1,7,E2025020264SA-1-1-H&E.svs,0,1
uni_v2,28,1,8,E2025022969SA-1-1-H&E.svs,1,1
uni_v2,28,1,18,CPH-I4751-A-1-1-HE.svs,0,0
uni_v2,28,2,0,E2024000193SA-1-1-H&E.svs,0,0
uni_v2,28,2,2,E2024006582SA-1-1-H&E.svs,2,2
uni_v2,28,2,11,E2026001028SA-1-1-H&E_UTC2026-01-12T10_56_56Z.svs,1,2
uni_v2,28,2,15,E2024060786SA-1-1-H&E.svs,1,1
uni_v2,28,3,3,E2024006929SA-2-1-H&E.svs,1,1
uni_v2,28,3,4,E2024039719SA-5-1-H&E.svs,2,2
uni_v2,28,3,13,E2024006805SA-1-1-H&E.svs,0,0
uni_v2,28,3,17,CPH-C1322-A-3-1-HE.svs,1,2
uni_v2,28,4,1,E2024006448SA-2-1-H&E.svs,1,0
uni_v2,28,4,12,E2024000551SA-1-306-H&E.svs,2,0
uni_v2,28,4,16,E2026000723SA-1-1-H&E.svs,2,2
uni_v2,28,4,19,CPH-U4973-A-1-1-HE.svs,0,0
uni_v2,28,5,6,E2024060606SA-1-1-H&E.svs,2,2
uni_v2,28,5,9,E2025030673SA-1-1-H&E.svs,2,1
uni_v2,28,5,10,E2026000962SA-1-1-H&E.svs,1,2
uni_v2,28,5,14,E2024058799SA-4-2-H&E.svs,0,0
uni_v2,29,1,1,E2024006448SA-2-1-H&E.svs,1,0
uni_v2,29,1,7,E2025020264SA-1-1-H&E.svs,0,1
uni_v2,29,1,12,E2024000551SA-1-306-H&E.svs,2,0
uni_v2,29,1,13,E2024006805SA-1-1-H&E.svs,0,0
uni_v2,29,2,0,E2024000193SA-1-1-H&E.svs,0,0
uni_v2,29,2,5,E2024059593SA-1-1-H&E.svs,2,1
uni_v2,29,2,10,E2026000962SA-1-1-H&E.svs,1,1
uni_v2,29,2,17,CPH-C1322-A-3-1-HE.svs,1,2
uni_v2,29,3,11,E2026001028SA-1-1-H&E_UTC2026-01-12T10_56_56Z.svs,1,1
uni_v2,29,3,15,E2024060786SA-1-1-H&E.svs,1,1
uni_v2,29,3,16,E2026000723SA-1-1-H&E.svs,2,2
uni_v2,29,3,19,CPH-U4973-A-1-1-HE.svs,0,0
uni_v2,29,4,2,E2024006582SA-1-1-H&E.svs,2,2
uni_v2,29,4,6,E2024060606SA-1-1-H&E.svs,2,2
uni_v2,29,4,8,E2025022969SA-1-1-H&E.svs,1,1
uni_v2,29,4,18,CPH-I4751-A-1-1-HE.svs,0,0
uni_v2,29,5,3,E2024006929SA-2-1-H&E.svs,1,1
uni_v2,29,5,4,E2024039719SA-5-1-H&E.svs,2,0
uni_v2,29,5,9,E2025030673SA-1-1-H&E.svs,2,1
uni_v2,29,5,14,E2024058799SA-4-2-H&E.svs,0,0
uni_v2,30,1,12,E2024000551SA-1-306-H&E.svs,2,0
uni_v2,30,1,13,E2024006805SA-1-1-H&E.svs,0,0
uni_v2,30,1,15,E2024060786SA-1-1-H&E.svs,1,1
uni_v2,30,1,19,CPH-U4973-A-1-1-HE.svs,0,0
uni_v2,30,2,0,E2024000193SA-1-1-H&E.svs,0,0
uni_v2,30,2,1,E2024006448SA-2-1-H&E.svs,1,0
uni_v2,30,2,3,E2024006929SA-2-1-H&E.svs,1,1
uni_v2,30,2,16,E2026000723SA-1-1-H&E.svs,2,2
uni_v2,30,3,4,E2024039719SA-5-1-H&E.svs,2,0
uni_v2,30,3,7,E2025020264SA-1-1-H&E.svs,0,1
uni_v2,30,3,8,E2025022969SA-1-1-H&E.svs,1,2
uni_v2,30,3,11,E2026001028SA-1-1-H&E_UTC2026-01-12T10_56_56Z.svs,1,2
uni_v2,30,4,5,E2024059593SA-1-1-H&E.svs,2,1
uni_v2,30,4,6,E2024060606SA-1-1-H&E.svs,2,2
uni_v2,30,4,10,E2026000962SA-1-1-H&E.svs,1,2
uni_v2,30,4,18,CPH-I4751-A-1-1-HE.svs,0,0
uni_v2,30,5,2,E2024006582SA-1-1-H&E.svs,2,2
uni_v2,30,5,9,E2025030673SA-1-1-H&E.svs,2,0
uni_v2,30,5,14,E2024058799SA-4-2-H&E.svs,0,0
uni_v2,30,5,17,CPH-C1322-A-3-1-HE.svs,1,2
uni_v2,31,1,1,E2024006448SA-2-1-H&E.svs,1,0
uni_v2,31,1,5,E2024059593SA-1-1-H&E.svs,2,1
uni_v2,31,1,7,E2025020264SA-1-1-H&E.svs,0,1
uni_v2,31,1,19,CPH-U4973-A-1-1-HE.svs,0,0
uni_v2,31,2,0,E2024000193SA-1-1-H&E.svs,0,0
uni_v2,31,2,3,E2024006929SA-2-1-H&E.svs,1,1
uni_v2,31,2,10,E2026000962SA-1-1-H&E.svs,1,2
uni_v2,31,2,16,E2026000723SA-1-1-H&E.svs,2,2
uni_v2,31,3,8,E2025022969SA-1-1-H&E.svs,1,1
uni_v2,31,3,12,E2024000551SA-1-306-H&E.svs,2,0
uni_v2,31,3,13,E2024006805SA-1-1-H&E.svs,0,0
uni_v2,31,3,17,CPH-C1322-A-3-1-HE.svs,1,2
uni_v2,31,4,2,E2024006582SA-1-1-H&E.svs,2,1
uni_v2,31,4,9,E2025030673SA-1-1-H&E.svs,2,0
uni_v2,31,4,11,E2026001028SA-1-1-H&E_UTC2026-01-12T10_56_56Z.svs,1,2
uni_v2,31,4,18,CPH-I4751-A-1-1-HE.svs,0,0
uni_v2,31,5,4,E2024039719SA-5-1-H&E.svs,2,0
uni_v2,31,5,6,E2024060606SA-1-1-H&E.svs,2,2
uni_v2,31,5,14,E2024058799SA-4-2-H&E.svs,0,2
uni_v2,31,5,15,E2024060786SA-1-1-H&E.svs,1,1
uni_v2,32,1,0,E2024000193SA-1-1-H&E.svs,0,0
uni_v2,32,1,9,E2025030673SA-1-1-H&E.svs,2,0
uni_v2,32,1,10,E2026000962SA-1-1-H&E.svs,1,0
uni_v2,32,1,14,E2024058799SA-4-2-H&E.svs,0,0
uni_v2,32,2,3,E2024006929SA-2-1-H&E.svs,1,1
uni_v2,32,2,6,E2024060606SA-1-1-H&E.svs,2,2
uni_v2,32,2,8,E2025022969SA-1-1-H&E.svs,1,1
uni_v2,32,2,13,E2024006805SA-1-1-H&E.svs,0,2
uni_v2,32,3,1,E2024006448SA-2-1-H&E.svs,1,0
uni_v2,32,3,2,E2024006582SA-1-1-H&E.svs,2,2
uni_v2,32,3,11,E2026001028SA-1-1-H&E_UTC2026-01-12T10_56_56Z.svs,1,1
uni_v2,32,3,18,CPH-I4751-A-1-1-HE.svs,0,0
uni_v2,32,4,7,E2025020264SA-1-1-H&E.svs,0,1
uni_v2,32,4,12,E2024000551SA-1-306-H&E.svs,2,0
uni_v2,32,4,16,E2026000723SA-1-1-H&E.svs,2,2
uni_v2,32,4,17,CPH-C1322-A-3-1-HE.svs,1,2
uni_v2,32,5,4,E2024039719SA-5-1-H&E.svs,2,0
uni_v2,32,5,5,E2024059593SA-1-1-H&E.svs,2,1
uni_v2,32,5,15,E2024060786SA-1-1-H&E.svs,1,1
uni_v2,32,5,19,CPH-U4973-A-1-1-HE.svs,0,0
uni_v2,33,1,1,E2024006448SA-2-1-H&E.svs,1,2
uni_v2,33,1,13,E2024006805SA-1-1-H&E.svs,0,2
uni_v2,33,1,16,E2026000723SA-1-1-H&E.svs,2,2
uni_v2,33,1,19,CPH-U4973-A-1-1-HE.svs,0,0
uni_v2,33,2,0,E2024000193SA-1-1-H&E.svs,0,0
uni_v2,33,2,4,E2024039719SA-5-1-H&E.svs,2,0
uni_v2,33,2,8,E2025022969SA-1-1-H&E.svs,1,1
uni_v2,33,2,17,CPH-C1322-A-3-1-HE.svs,1,2
uni_v2,33,3,5,E2024059593SA-1-1-H&E.svs,2,1
uni_v2,33,3,7,E2025020264SA-1-1-H&E.svs,0,1
uni_v2,33,3,10,E2026000962SA-1-1-H&E.svs,1,2
uni_v2,33,3,15,E2024060786SA-1-1-H&E.svs,1,1
uni_v2,33,4,3,E2024006929SA-2-1-H&E.svs,1,1
uni_v2,33,4,6,E2024060606SA-1-1-H&E.svs,2,2
uni_v2,33,4,12,E2024000551SA-1-306-H&E.svs,2,0
uni_v2,33,4,14,E2024058799SA-4-2-H&E.svs,0,0
uni_v2,33,5,2,E2024006582SA-1-1-H&E.svs,2,1
uni_v2,33,5,9,E2025030673SA-1-1-H&E.svs,2,0
uni_v2,33,5,11,E2026001028SA-1-1-H&E_UTC2026-01-12T10_56_56Z.svs,1,2
uni_v2,33,5,18,CPH-I4751-A-1-1-HE.svs,0,0
uni_v2,34,1,6,E2024060606SA-1-1-H&E.svs,2,2
uni_v2,34,1,7,E2025020264SA-1-1-H&E.svs,0,1
uni_v2,34,1,8,E2025022969SA-1-1-H&E.svs,1,1
uni_v2,34,1,19,CPH-U4973-A-1-1-HE.svs,0,0
uni_v2,34,2,2,E2024006582SA-1-1-H&E.svs,2,2
uni_v2,34,2,11,E2026001028SA-1-1-H&E_UTC2026-01-12T10_56_56Z.svs,1,2
uni_v2,34,2,13,E2024006805SA-1-1-H&E.svs,0,2
uni_v2,34,2,15,E2024060786SA-1-1-H&E.svs,1,1
uni_v2,34,3,3,E2024006929SA-2-1-H&E.svs,1,1
uni_v2,34,3,12,E2024000551SA-1-306-H&E.svs,2,0
uni_v2,34,3,17,CPH-C1322-A-3-1-HE.svs,1,2
uni_v2,34,3,18,CPH-I4751-A-1-1-HE.svs,0,0
uni_v2,34,4,1,E2024006448SA-2-1-H&E.svs,1,0
uni_v2,34,4,4,E2024039719SA-5-1-H&E.svs,2,0
uni_v2,34,4,14,E2024058799SA-4-2-H&E.svs,0,2
uni_v2,34,4,16,E2026000723SA-1-1-H&E.svs,2,2
uni_v2,34,5,0,E2024000193SA-1-1-H&E.svs,0,0
uni_v2,34,5,5,E2024059593SA-1-1-H&E.svs,2,1
uni_v2,34,5,9,E2025030673SA-1-1-H&E.svs,2,0
uni_v2,34,5,10,E2026000962SA-1-1-H&E.svs,1,2
uni_v2,35,1,10,E2026000962SA-1-1-H&E.svs,1,2
uni_v2,35,1,12,E2024000551SA-1-306-H&E.svs,2,0
uni_v2,35,1,18,CPH-I4751-A-1-1-HE.svs,0,2
uni_v2,35,1,19,CPH-U4973-A-1-1-HE.svs,0,2
uni_v2,35,2,8,E2025022969SA-1-1-H&E.svs,1,2
uni_v2,35,2,9,E2025030673SA-1-1-H&E.svs,2,0
uni_v2,35,2,11,E2026001028SA-1-1-H&E_UTC2026-01-12T10_56_56Z.svs,1,2
uni_v2,35,2,14,E2024058799SA-4-2-H&E.svs,0,0
uni_v2,35,3,3,E2024006929SA-2-1-H&E.svs,1,1
uni_v2,35,3,7,E2025020264SA-1-1-H&E.svs,0,1
uni_v2,35,3,16,E2026000723SA-1-1-H&E.svs,2,2
uni_v2,35,3,17,CPH-C1322-A-3-1-HE.svs,1,2
uni_v2,35,4,0,E2024000193SA-1-1-H&E.svs,0,0
uni_v2,35,4,4,E2024039719SA-5-1-H&E.svs,2,0
uni_v2,35,4,6,E2024060606SA-1-1-H&E.svs,2,2
uni_v2,35,4,15,E2024060786SA-1-1-H&E.svs,1,1
uni_v2,35,5,1,E2024006448SA-2-1-H&E.svs,1,2
uni_v2,35,5,2,E2024006582SA-1-1-H&E.svs,2,2
uni_v2,35,5,5,E2024059593SA-1-1-H&E.svs,2,1
uni_v2,35,5,13,E2024006805SA-1-1-H&E.svs,0,2
uni_v2,36,1,6,E2024060606SA-1-1-H&E.svs,2,2
uni_v2,36,1,7,E2025020264SA-1-1-H&E.svs,0,1
uni_v2,36,1,17,CPH-C1322-A-3-1-HE.svs,1,2
uni_v2,36,1,19,CPH-U4973-A-1-1-HE.svs,0,0
uni_v2,36,2,0,E2024000193SA-1-1-H&E.svs,0,0
uni_v2,36,2,1,E2024006448SA-2-1-H&E.svs,1,0
uni_v2,36,2,2,E2024006582SA-1-1-H&E.svs,2,2
uni_v2,36,2,11,E2026001028SA-1-1-H&E_UTC2026-01-12T10_56_56Z.svs,1,1
uni_v2,36,3,8,E2025022969SA-1-1-H&E.svs,1,1
uni_v2,36,3,13,E2024006805SA-1-1-H&E.svs,0,2
uni_v2,36,3,15,E2024060786SA-1-1-H&E.svs,1,1
uni_v2,36,3,16,E2026000723SA-1-1-H&E.svs,2,1
uni_v2,36,4,3,E2024006929SA-2-1-H&E.svs,1,1
uni_v2,36,4,9,E2025030673SA-1-1-H&E.svs,2,1
uni_v2,36,4,12,E2024000551SA-1-306-H&E.svs,2,0
uni_v2,36,4,14,E2024058799SA-4-2-H&E.svs,0,0
uni_v2,36,5,4,E2024039719SA-5-1-H&E.svs,2,0
uni_v2,36,5,5,E2024059593SA-1-1-H&E.svs,2,1
uni_v2,36,5,10,E2026000962SA-1-1-H&E.svs,1,2
uni_v2,36,5,18,CPH-I4751-A-1-1-HE.svs,0,0
uni_v2,37,1,5,E2024059593SA-1-1-H&E.svs,2,1
uni_v2,37,1,14,E2024058799SA-4-2-H&E.svs,0,0
uni_v2,37,1,15,E2024060786SA-1-1-H&E.svs,1,1
uni_v2,37,1,19,CPH-U4973-A-1-1-HE.svs,0,0
uni_v2,37,2,2,E2024006582SA-1-1-H&E.svs,2,2
uni_v2,37,2,7,E2025020264SA-1-1-H&E.svs,0,1
uni_v2,37,2,8,E2025022969SA-1-1-H&E.svs,1,1
uni_v2,37,2,17,CPH-C1322-A-3-1-HE.svs,1,2
uni_v2,37,3,1,E2024006448SA-2-1-H&E.svs,1,0
uni_v2,37,3,4,E2024039719SA-5-1-H&E.svs,2,0
uni_v2,37,3,10,E2026000962SA-1-1-H&E.svs,1,2
uni_v2,37,3,18,CPH-I4751-A-1-1-HE.svs,0,0
uni_v2,37,4,0,E2024000193SA-1-1-H&E.svs,0,0
uni_v2,37,4,3,E2024006929SA-2-1-H&E.svs,1,1
uni_v2,37,4,6,E2024060606SA-1-1-H&E.svs,2,2
uni_v2,37,4,9,E2025030673SA-1-1-H&E.svs,2,0
uni_v2,37,5,11,E2026001028SA-1-1-H&E_UTC2026-01-12T10_56_56Z.svs,1,1
uni_v2,37,5,12,E2024000551SA-1-306-H&E.svs,2,0
uni_v2,37,5,13,E2024006805SA-1-1-H&E.svs,0,0
uni_v2,37,5,16,E2026000723SA-1-1-H&E.svs,2,2
uni_v2,38,1,6,E2024060606SA-1-1-H&E.svs,2,2
uni_v2,38,1,7,E2025020264SA-1-1-H&E.svs,0,1
uni_v2,38,1,17,CPH-C1322-A-3-1-HE.svs,1,2
uni_v2,38,1,18,CPH-I4751-A-1-1-HE.svs,0,0
uni_v2,38,2,1,E2024006448SA-2-1-H&E.svs,1,0
uni_v2,38,2,2,E2024006582SA-1-1-H&E.svs,2,0
uni_v2,38,2,3,E2024006929SA-2-1-H&E.svs,1,1
uni_v2,38,2,14,E2024058799SA-4-2-H&E.svs,0,2
uni_v2,38,3,0,E2024000193SA-1-1-H&E.svs,0,0
uni_v2,38,3,10,E2026000962SA-1-1-H&E.svs,1,2
uni_v2,38,3,11,E2026001028SA-1-1-H&E_UTC2026-01-12T10_56_56Z.svs,1,1
uni_v2,38,3,12,E2024000551SA-1-306-H&E.svs,2,0
uni_v2,38,4,5,E2024059593SA-1-1-H&E.svs,2,1
uni_v2,38,4,8,E2025022969SA-1-1-H&E.svs,1,1
uni_v2,38,4,16,E2026000723SA-1-1-H&E.svs,2,1
uni_v2,38,4,19,CPH-U4973-A-1-1-HE.svs,0,0
uni_v2,38,5,4,E2024039719SA-5-1-H&E.svs,2,2
uni_v2,38,5,9,E2025030673SA-1-1-H&E.svs,2,0
uni_v2,38,5,13,E2024006805SA-1-1-H&E.svs,0,2
uni_v2,38,5,15,E2024060786SA-1-1-H&E.svs,1,1
uni_v2,39,1,1,E2024006448SA-2-1-H&E.svs,1,0
uni_v2,39,1,5,E2024059593SA-1-1-H&E.svs,2,1
uni_v2,39,1,7,E2025020264SA-1-1-H&E.svs,0,1
uni_v2,39,1,14,E2024058799SA-4-2-H&E.svs,0,0
uni_v2,39,2,4,E2024039719SA-5-1-H&E.svs,2,0
uni_v2,39,2,10,E2026000962SA-1-1-H&E.svs,1,2
uni_v2,39,2,11,E2026001028SA-1-1-H&E_UTC2026-01-12T10_56_56Z.svs,1,2
uni_v2,39,2,19,CPH-U4973-A-1-1-HE.svs,0,0
uni_v2,39,3,8,E2025022969SA-1-1-H&E.svs,1,1
uni_v2,39,3,9,E2025030673SA-1-1-H&E.svs,2,0
uni_v2,39,3,15,E2024060786SA-1-1-H&E.svs,1,1
uni_v2,39,3,18,CPH-I4751-A-1-1-HE.svs,0,0
uni_v2,39,4,0,E2024000193SA-1-1-H&E.svs,0,0
uni_v2,39,4,6,E2024060606SA-1-1-H&E.svs,2,2
uni_v2,39,4,16,E2026000723SA-1-1-H&E.svs,2,2
uni_v2,39,4,17,CPH-C1322-A-3-1-HE.svs,1,2
uni_v2,39,5,2,E2024006582SA-1-1-H&E.svs,2,2
uni_v2,39,5,3,E2024006929SA-2-1-H&E.svs,1,1
uni_v2,39,5,12,E2024000551SA-1-306-H&E.svs,2,0
uni_v2,39,5,13,E2024006805SA-1-1-H&E.svs,0,0
uni_v2,40,1,0,E2024000193SA-1-1-H&E.svs,0,0
uni_v2,40,1,4,E2024039719SA-5-1-H&E.svs,2,2
uni_v2,40,1,13,E2024006805SA-1-1-H&E.svs,0,2
uni_v2,40,1,17,CPH-C1322-A-3-1-HE.svs,1,2
uni_v2,40,2,1,E2024006448SA-2-1-H&E.svs,1,0
uni_v2,40,2,10,E2026000962SA-1-1-H&E.svs,1,2
uni_v2,40,2,12,E2024000551SA-1-306-H&E.svs,2,0
uni_v2,40,2,19,CPH-U4973-A-1-1-HE.svs,0,0
uni_v2,40,3,6,E2024060606SA-1-1-H&E.svs,2,2
uni_v2,40,3,8,E2025022969SA-1-1-H&E.svs,1,1
uni_v2,40,3,14,E2024058799SA-4-2-H&E.svs,0,0
uni_v2,40,3,15,E2024060786SA-1-1-H&E.svs,1,1
uni_v2,40,4,5,E2024059593SA-1-1-H&E.svs,2,1
uni_v2,40,4,9,E2025030673SA-1-1-H&E.svs,2,0
uni_v2,40,4,11,E2026001028SA-1-1-H&E_UTC2026-01-12T10_56_56Z.svs,1,1
uni_v2,40,4,18,CPH-I4751-A-1-1-HE.svs,0,0
uni_v2,40,5,2,E2024006582SA-1-1-H&E.svs,2,2
uni_v2,40,5,3,E2024006929SA-2-1-H&E.svs,1,1
uni_v2,40,5,7,E2025020264SA-1-1-H&E.svs,0,1
uni_v2,40,5,16,E2026000723SA-1-1-H&E.svs,2,2
uni_v2,41,1,0,E2024000193SA-1-1-H&E.svs,0,0
uni_v2,41,1,4,E2024039719SA-5-1-H&E.svs,2,0
uni_v2,41,1,14,E2024058799SA-4-2-H&E.svs,0,2
uni_v2,41,1,17,CPH-C1322-A-3-1-HE.svs,1,2
uni_v2,41,2,3,E2024006929SA-2-1-H&E.svs,1,1
uni_v2,41,2,5,E2024059593SA-1-1-H&E.svs,2,1
uni_v2,41,2,15,E2024060786SA-1-1-H&E.svs,1,1
uni_v2,41,2,19,CPH-U4973-A-1-1-HE.svs,0,0
uni_v2,41,3,1,E2024006448SA-2-1-H&E.svs,1,0
uni_v2,41,3,2,E2024006582SA-1-1-H&E.svs,2,0
uni_v2,41,3,7,E2025020264SA-1-1-H&E.svs,0,1
uni_v2,41,3,10,E2026000962SA-1-1-H&E.svs,1,2
uni_v2,41,4,6,E2024060606SA-1-1-H&E.svs,2,2
uni_v2,41,4,9,E2025030673SA-1-1-H&E.svs,2,0
uni_v2,41,4,11,E2026001028SA-1-1-H&E_UTC2026-01-12T10_56_56Z.svs,1,1
uni_v2,41,4,13,E2024006805SA-1-1-H&E.svs,0,2
uni_v2,41,5,8,E2025022969SA-1-1-H&E.svs,1,1
uni_v2,41,5,12,E2024000551SA-1-306-H&E.svs,2,0
uni_v2,41,5,16,E2026000723SA-1-1-H&E.svs,2,2
uni_v2,41,5,18,CPH-I4751-A-1-1-HE.svs,0,2
uni_v2,42,1,7,E2025020264SA-1-1-H&E.svs,0,1
uni_v2,42,1,8,E2025022969SA-1-1-H&E.svs,1,1
uni_v2,42,1,9,E2025030673SA-1-1-H&E.svs,2,0
uni_v2,42,1,19,CPH-U4973-A-1-1-HE.svs,0,0
uni_v2,42,2,1,E2024006448SA-2-1-H&E.svs,1,0
uni_v2,42,2,2,E2024006582SA-1-1-H&E.svs,2,2
uni_v2,42,2,11,E2026001028SA-1-1-H&E_UTC2026-01-12T10_56_56Z.svs,1,1
uni_v2,42,2,18,CPH-I4751-A-1-1-HE.svs,0,0
uni_v2,42,3,6,E2024060606SA-1-1-H&E.svs,2,2
uni_v2,42,3,10,E2026000962SA-1-1-H&E.svs,1,2
uni_v2,42,3,13,E2024006805SA-1-1-H&E.svs,0,2
uni_v2,42,3,17,CPH-C1322-A-3-1-HE.svs,1,2
uni_v2,42,4,0,E2024000193SA-1-1-H&E.svs,0,0
uni_v2,42,4,3,E2024006929SA-2-1-H&E.svs,1,1
uni_v2,42,4,4,E2024039719SA-5-1-H&E.svs,2,0
uni_v2,42,4,12,E2024000551SA-1-306-H&E.svs,2,0
uni_v2,42,5,5,E2024059593SA-1-1-H&E.svs,2,1
uni_v2,42,5,14,E2024058799SA-4-2-H&E.svs,0,2
uni_v2,42,5,15,E2024060786SA-1-1-H&E.svs,1,1
uni_v2,42,5,16,E2026000723SA-1-1-H&E.svs,2,1
uni_v2,43,1,0,E2024000193SA-1-1-H&E.svs,0,0
uni_v2,43,1,2,E2024006582SA-1-1-H&E.svs,2,2
uni_v2,43,1,3,E2024006929SA-2-1-H&E.svs,1,1
uni_v2,43,1,13,E2024006805SA-1-1-H&E.svs,0,2
uni_v2,43,2,7,E2025020264SA-1-1-H&E.svs,0,1
uni_v2,43,2,8,E2025022969SA-1-1-H&E.svs,1,1
uni_v2,43,2,12,E2024000551SA-1-306-H&E.svs,2,0
uni_v2,43,2,15,E2024060786SA-1-1-H&E.svs,1,1
uni_v2,43,3,10,E2026000962SA-1-1-H&E.svs,1,2
uni_v2,43,3,11,E2026001028SA-1-1-H&E_UTC2026-01-12T10_56_56Z.svs,1,1
uni_v2,43,3,16,E2026000723SA-1-1-H&E.svs,2,2
uni_v2,43,3,18,CPH-I4751-A-1-1-HE.svs,0,0
uni_v2,43,4,1,E2024006448SA-2-1-H&E.svs,1,0
uni_v2,43,4,4,E2024039719SA-5-1-H&E.svs,2,0
uni_v2,43,4,5,E2024059593SA-1-1-H&E.svs,2,1
uni_v2,43,4,19,CPH-U4973-A-1-1-HE.svs,0,0
uni_v2,43,5,6,E2024060606SA-1-1-H&E.svs,2,2
uni_v2,43,5,9,E2025030673SA-1-1-H&E.svs,2,0
uni_v2,43,5,14,E2024058799SA-4-2-H&E.svs,0,0
uni_v2,43,5,17,CPH-C1322-A-3-1-HE.svs,1,2
uni_v2,44,1,8,E2025022969SA-1-1-H&E.svs,1,1
uni_v2,44,1,13,E2024006805SA-1-1-H&E.svs,0,2
uni_v2,44,1,14,E2024058799SA-4-2-H&E.svs,0,2
uni_v2,44,1,16,E2026000723SA-1-1-H&E.svs,2,2
uni_v2,44,2,3,E2024006929SA-2-1-H&E.svs,1,1
uni_v2,44,2,5,E2024059593SA-1-1-H&E.svs,2,1
uni_v2,44,2,15,E2024060786SA-1-1-H&E.svs,1,1
uni_v2,44,2,19,CPH-U4973-A-1-1-HE.svs,0,0
uni_v2,44,3,0,E2024000193SA-1-1-H&E.svs,0,0
uni_v2,44,3,9,E2025030673SA-1-1-H&E.svs,2,0
uni_v2,44,3,10,E2026000962SA-1-1-H&E.svs,1,2
uni_v2,44,3,11,E2026001028SA-1-1-H&E_UTC2026-01-12T10_56_56Z.svs,1,1
uni_v2,44,4,2,E2024006582SA-1-1-H&E.svs,2,2
uni_v2,44,4,4,E2024039719SA-5-1-H&E.svs,2,0
uni_v2,44,4,17,CPH-C1322-A-3-1-HE.svs,1,2
uni_v2,44,4,18,CPH-I4751-A-1-1-HE.svs,0,0
uni_v2,44,5,1,E2024006448SA-2-1-H&E.svs,1,0
uni_v2,44,5,6,E2024060606SA-1-1-H&E.svs,2,2
uni_v2,44,5,7,E2025020264SA-1-1-H&E.svs,0,1
uni_v2,44,5,12,E2024000551SA-1-306-H&E.svs,2,0
uni_v2,45,1,4,E2024039719SA-5-1-H&E.svs,2,0
uni_v2,45,1,7,E2025020264SA-1-1-H&E.svs,0,1
uni_v2,45,1,8,E2025022969SA-1-1-H&E.svs,1,1
uni_v2,45,1,18,CPH-I4751-A-1-1-HE.svs,0,0
uni_v2,45,2,0,E2024000193SA-1-1-H&E.svs,0,0
uni_v2,45,2,1,E2024006448SA-2-1-H&E.svs,1,0
uni_v2,45,2,5,E2024059593SA-1-1-H&E.svs,2,1
uni_v2,45,2,11,E2026001028SA-1-1-H&E_UTC2026-01-12T10_56_56Z.svs,1,1
uni_v2,45,3,2,E2024006582SA-1-1-H&E.svs,2,2
uni_v2,45,3,10,E2026000962SA-1-1-H&E.svs,1,1
uni_v2,45,3,17,CPH-C1322-A-3-1-HE.svs,1,2
uni_v2,45,3,19,CPH-U4973-A-1-1-HE.svs,0,0
uni_v2,45,4,6,E2024060606SA-1-1-H&E.svs,2,2
uni_v2,45,4,14,E2024058799SA-4-2-H&E.svs,0,2
uni_v2,45,4,15,E2024060786SA-1-1-H&E.svs,1,1
uni_v2,45,4,16,E2026000723SA-1-1-H&E.svs,2,1
uni_v2,45,5,3,E2024006929SA-2-1-H&E.svs,1,1
uni_v2,45,5,9,E2025030673SA-1-1-H&E.svs,2,0
uni_v2,45,5,12,E2024000551SA-1-306-H&E.svs,2,0
uni_v2,45,5,13,E2024006805SA-1-1-H&E.svs,0,2
uni_v2,46,1,0,E2024000193SA-1-1-H&E.svs,0,0
uni_v2,46,1,12,E2024000551SA-1-306-H&E.svs,2,0
uni_v2,46,1,14,E2024058799SA-4-2-H&E.svs,0,0
uni_v2,46,1,15,E2024060786SA-1-1-H&E.svs,1,1
uni_v2,46,2,6,E2024060606SA-1-1-H&E.svs,2,2
uni_v2,46,2,10,E2026000962SA-1-1-H&E.svs,1,2
uni_v2,46,2,11,E2026001028SA-1-1-H&E_UTC2026-01-12T10_56_56Z.svs,1,1
uni_v2,46,2,19,CPH-U4973-A-1-1-HE.svs,0,0
uni_v2,46,3,1,E2024006448SA-2-1-H&E.svs,1,0
uni_v2,46,3,2,E2024006582SA-1-1-H&E.svs,2,2
uni_v2,46,3,17,CPH-C1322-A-3-1-HE.svs,1,2
uni_v2,46,3,18,CPH-I4751-A-1-1-HE.svs,0,0
uni_v2,46,4,5,E2024059593SA-1-1-H&E.svs,2,1
uni_v2,46,4,7,E2025020264SA-1-1-H&E.svs,0,1
uni_v2,46,4,8,E2025022969SA-1-1-H&E.svs,1,1
uni_v2,46,4,9,E2025030673SA-1-1-H&E.svs,2,0
uni_v2,46,5,3,E2024006929SA-2-1-H&E.svs,1,1
uni_v2,46,5,4,E2024039719SA-5-1-H&E.svs,2,2
uni_v2,46,5,13,E2024006805SA-1-1-H&E.svs,0,2
uni_v2,46,5,16,E2026000723SA-1-1-H&E.svs,2,2
uni_v2,47,1,2,E2024006582SA-1-1-H&E.svs,2,2
uni_v2,47,1,10,E2026000962SA-1-1-H&E.svs,1,2
uni_v2,47,1,13,E2024006805SA-1-1-H&E.svs,0,2
uni_v2,47,1,19,CPH-U4973-A-1-1-HE.svs,0,0
uni_v2,47,2,3,E2024006929SA-2-1-H&E.svs,1,1
uni_v2,47,2,8,E2025022969SA-1-1-H&E.svs,1,1
uni_v2,47,2,12,E2024000551SA-1-306-H&E.svs,2,0
uni_v2,47,2,18,CPH-I4751-A-1-1-HE.svs,0,0
uni_v2,47,3,1,E2024006448SA-2-1-H&E.svs,1,0
uni_v2,47,3,4,E2024039719SA-5-1-H&E.svs,2,0
uni_v2,47,3,14,E2024058799SA-4-2-H&E.svs,0,0
uni_v2,47,3,15,E2024060786SA-1-1-H&E.svs,1,1
uni_v2,47,4,5,E2024059593SA-1-1-H&E.svs,2,1
uni_v2,47,4,7,E2025020264SA-1-1-H&E.svs,0,1
uni_v2,47,4,16,E2026000723SA-1-1-H&E.svs,2,2
uni_v2,47,4,17,CPH-C1322-A-3-1-HE.svs,1,2
uni_v2,47,5,0,E2024000193SA-1-1-H&E.svs,0,0
uni_v2,47,5,6,E2024060606SA-1-1-H&E.svs,2,2
uni_v2,47,5,9,E2025030673SA-1-1-H&E.svs,2,0
uni_v2,47,5,11,E2026001028SA-1-1-H&E_UTC2026-01-12T10_56_56Z.svs,1,2
uni_v2,48,1,6,E2024060606SA-1-1-H&E.svs,2,2
uni_v2,48,1,7,E2025020264SA-1-1-H&E.svs,0,1
uni_v2,48,1,14,E2024058799SA-4-2-H&E.svs,0,0
uni_v2,48,1,15,E2024060786SA-1-1-H&E.svs,1,1
uni_v2,48,2,1,E2024006448SA-2-1-H&E.svs,1,2
uni_v2,48,2,3,E2024006929SA-2-1-H&E.svs,1,1
uni_v2,48,2,5,E2024059593SA-1-1-H&E.svs,2,1
uni_v2,48,2,13,E2024006805SA-1-1-H&E.svs,0,2
uni_v2,48,3,2,E2024006582SA-1-1-H&E.svs,2,2
uni_v2,48,3,8,E2025022969SA-1-1-H&E.svs,1,1
uni_v2,48,3,10,E2026000962SA-1-1-H&E.svs,1,2
uni_v2,48,3,19,CPH-U4973-A-1-1-HE.svs,0,0
uni_v2,48,4,11,E2026001028SA-1-1-H&E_UTC2026-01-12T10_56_56Z.svs,1,1
uni_v2,48,4,12,E2024000551SA-1-306-H&E.svs,2,0
uni_v2,48,4,16,E2026000723SA-1-1-H&E.svs,2,2
uni_v2,48,4,18,CPH-I4751-A-1-1-HE.svs,0,2
uni_v2,48,5,0,E2024000193SA-1-1-H&E.svs,0,0
uni_v2,48,5,4,E2024039719SA-5-1-H&E.svs,2,0
uni_v2,48,5,9,E2025030673SA-1-1-H&E.svs,2,0
uni_v2,48,5,17,CPH-C1322-A-3-1-HE.svs,1,2
uni_v2,49,1,5,E2024059593SA-1-1-H&E.svs,2,1
uni_v2,49,1,13,E2024006805SA-1-1-H&E.svs,0,2
uni_v2,49,1,17,CPH-C1322-A-3-1-HE.svs,1,2
uni_v2,49,1,18,CPH-I4751-A-1-1-HE.svs,0,0
uni_v2,49,2,3,E2024006929SA-2-1-H&E.svs,1,1
uni_v2,49,2,4,E2024039719SA-5-1-H&E.svs,2,0
uni_v2,49,2,14,E2024058799SA-4-2-H&E.svs,0,2
uni_v2,49,2,15,E2024060786SA-1-1-H&E.svs,1,1
uni_v2,49,3,7,E2025020264SA-1-1-H&E.svs,0,1
uni_v2,49,3,8,E2025022969SA-1-1-H&E.svs,1,1
uni_v2,49,3,10,E2026000962SA-1-1-H&E.svs,1,2
uni_v2,49,3,16,E2026000723SA-1-1-H&E.svs,2,1
uni_v2,49,4,2,E2024006582SA-1-1-H&E.svs,2,0
uni_v2,49,4,11,E2026001028SA-1-1-H&E_UTC2026-01-12T10_56_56Z.svs,1,2
uni_v2,49,4,12,E2024000551SA-1-306-H&E.svs,2,0
uni_v2,49,4,19,CPH-U4973-A-1-1-HE.svs,0,0
uni_v2,49,5,0,E2024000193SA-1-1-H&E.svs,0,0
uni_v2,49,5,1,E2024006448SA-2-1-H&E.svs,1,0
uni_v2,49,5,6,E2024060606SA-1-1-H&E.svs,2,2
uni_v2,49,5,9,E2025030673SA-1-1-H&E.svs,2,0
uni_v2,50,1,8,E2025022969SA-1-1-H&E.svs,1,1
uni_v2,50,1,9,E2025030673SA-1-1-H&E.svs,2,0
uni_v2,50,1,18,CPH-I4751-A-1-1-HE.svs,0,0
uni_v2,50,1,19,CPH-U4973-A-1-1-HE.svs,0,1
uni_v2,50,2,4,E2024039719SA-5-1-H&E.svs,2,0
uni_v2,50,2,11,E2026001028SA-1-1-H&E_UTC2026-01-12T10_56_56Z.svs,1,1
uni_v2,50,2,13,E2024006805SA-1-1-H&E.svs,0,0
uni_v2,50,2,17,CPH-C1322-A-3-1-HE.svs,1,2
uni_v2,50,3,1,E2024006448SA-2-1-H&E.svs,1,0
uni_v2,50,3,14,E2024058799SA-4-2-H&E.svs,0,0
uni_v2,50,3,15,E2024060786SA-1-1-H&E.svs,1,1
uni_v2,50,3,16,E2026000723SA-1-1-H&E.svs,2,2
uni_v2,50,4,0,E2024000193SA-1-1-H&E.svs,0,0
uni_v2,50,4,3,E2024006929SA-2-1-H&E.svs,1,1
uni_v2,50,4,5,E2024059593SA-1-1-H&E.svs,2,1
uni_v2,50,4,6,E2024060606SA-1-1-H&E.svs,2,2
uni_v2,50,5,2,E2024006582SA-1-1-H&E.svs,2,0
uni_v2,50,5,7,E2025020264SA-1-1-H&E.svs,0,1
uni_v2,50,5,10,E2026000962SA-1-1-H&E.svs,1,2
uni_v2,50,5,12,E2024000551SA-1-306-H&E.svs,2,0
virchow2,1,1,0,E2024000193SA-1-1-H&E.svs,0,0
virchow2,1,1,2,E2024006582SA-1-1-H&E.svs,2,0
virchow2,1,1,3,E2024006929SA-2-1-H&E.svs,1,1
virchow2,1,1,7,E2025020264SA-1-1-H&E.svs,0,1
virchow2,1,2,4,E2024039719SA-5-1-H&E.svs,2,1
virchow2,1,2,10,E2026000962SA-1-1-H&E.svs,1,0
virchow2,1,2,11,E2026001028SA-1-1-H&E_UTC2026-01-12T10_56_56Z.svs,1,1
virchow2,1,2,14,E2024058799SA-4-2-H&E.svs,0,2
virchow2,1,3,8,E2025022969SA-1-1-H&E.svs,1,1
virchow2,1,3,16,E2026000723SA-1-1-H&E.svs,2,2
virchow2,1,3,17,CPH-C1322-A-3-1-HE.svs,1,2
virchow2,1,3,19,CPH-U4973-A-1-1-HE.svs,0,1
virchow2,1,4,1,E2024006448SA-2-1-H&E.svs,1,0
virchow2,1,4,9,E2025030673SA-1-1-H&E.svs,2,0
virchow2,1,4,12,E2024000551SA-1-306-H&E.svs,2,0
virchow2,1,4,18,CPH-I4751-A-1-1-HE.svs,0,0
virchow2,1,5,5,E2024059593SA-1-1-H&E.svs,2,2
virchow2,1,5,6,E2024060606SA-1-1-H&E.svs,2,2
virchow2,1,5,13,E2024006805SA-1-1-H&E.svs,0,2
virchow2,1,5,15,E2024060786SA-1-1-H&E.svs,1,0
virchow2,2,1,0,E2024000193SA-1-1-H&E.svs,0,0
virchow2,2,1,9,E2025030673SA-1-1-H&E.svs,2,0
virchow2,2,1,10,E2026000962SA-1-1-H&E.svs,1,2
virchow2,2,1,18,CPH-I4751-A-1-1-HE.svs,0,2
virchow2,2,2,2,E2024006582SA-1-1-H&E.svs,2,0
virchow2,2,2,3,E2024006929SA-2-1-H&E.svs,1,1
virchow2,2,2,7,E2025020264SA-1-1-H&E.svs,0,1
virchow2,2,2,17,CPH-C1322-A-3-1-HE.svs,1,2
virchow2,2,3,5,E2024059593SA-1-1-H&E.svs,2,0
virchow2,2,3,11,E2026001028SA-1-1-H&E_UTC2026-01-12T10_56_56Z.svs,1,1
virchow2,2,3,14,E2024058799SA-4-2-H&E.svs,0,0
virchow2,2,3,15,E2024060786SA-1-1-H&E.svs,1,0
virchow2,2,4,1,E2024006448SA-2-1-H&E.svs,1,2
virchow2,2,4,12,E2024000551SA-1-306-H&E.svs,2,0
virchow2,2,4,16,E2026000723SA-1-1-H&E.svs,2,0
virchow2,2,4,19,CPH-U4973-A-1-1-HE.svs,0,2
virchow2,2,5,4,E2024039719SA-5-1-H&E.svs,2,1
virchow2,2,5,6,E2024060606SA-1-1-H&E.svs,2,2
virchow2,2,5,8,E2025022969SA-1-1-H&E.svs,1,1
virchow2,2,5,13,E2024006805SA-1-1-H&E.svs,0,2
virchow2,3,1,0,E2024000193SA-1-1-H&E.svs,0,0
virchow2,3,1,1,E2024006448SA-2-1-H&E.svs,1,0
virchow2,3,1,16,E2026000723SA-1-1-H&E.svs,2,2
virchow2,3,1,19,CPH-U4973-A-1-1-HE.svs,0,0
virchow2,3,2,2,E2024006582SA-1-1-H&E.svs,2,2
virchow2,3,2,3,E2024006929SA-2-1-H&E.svs,1,1
virchow2,3,2,11,E2026001028SA-1-1-H&E_UTC2026-01-12T10_56_56Z.svs,1,1
virchow2,3,2,13,E2024006805SA-1-1-H&E.svs,0,2
virchow2,3,3,8,E2025022969SA-1-1-H&E.svs,1,1
virchow2,3,3,10,E2026000962SA-1-1-H&E.svs,1,2
virchow2,3,3,12,E2024000551SA-1-306-H&E.svs,2,0
virchow2,3,3,18,CPH-I4751-A-1-1-HE.svs,0,2
virchow2,3,4,5,E2024059593SA-1-1-H&E.svs,2,1
virchow2,3,4,9,E2025030673SA-1-1-H&E.svs,2,0
virchow2,3,4,14,E2024058799SA-4-2-H&E.svs,0,0
virchow2,3,4,17,CPH-C1322-A-3-1-HE.svs,1,2
virchow2,3,5,4,E2024039719SA-5-1-H&E.svs,2,1
virchow2,3,5,6,E2024060606SA-1-1-H&E.svs,2,2
virchow2,3,5,7,E2025020264SA-1-1-H&E.svs,0,1
virchow2,3,5,15,E2024060786SA-1-1-H&E.svs,1,1
virchow2,4,1,2,E2024006582SA-1-1-H&E.svs,2,2
virchow2,4,1,10,E2026000962SA-1-1-H&E.svs,1,0
virchow2,4,1,18,CPH-I4751-A-1-1-HE.svs,0,0
virchow2,4,1,19,CPH-U4973-A-1-1-HE.svs,0,1
virchow2,4,2,0,E2024000193SA-1-1-H&E.svs,0,0
virchow2,4,2,1,E2024006448SA-2-1-H&E.svs,1,0
virchow2,4,2,15,E2024060786SA-1-1-H&E.svs,1,0
virchow2,4,2,16,E2026000723SA-1-1-H&E.svs,2,2
virchow2,4,3,3,E2024006929SA-2-1-H&E.svs,1,1
virchow2,4,3,6,E2024060606SA-1-1-H&E.svs,2,2
virchow2,4,3,8,E2025022969SA-1-1-H&E.svs,1,1
virchow2,4,3,14,E2024058799SA-4-2-H&E.svs,0,0
virchow2,4,4,5,E2024059593SA-1-1-H&E.svs,2,2
virchow2,4,4,7,E2025020264SA-1-1-H&E.svs,0,1
virchow2,4,4,12,E2024000551SA-1-306-H&E.svs,2,0
virchow2,4,4,17,CPH-C1322-A-3-1-HE.svs,1,2
virchow2,4,5,4,E2024039719SA-5-1-H&E.svs,2,1
virchow2,4,5,9,E2025030673SA-1-1-H&E.svs,2,0
virchow2,4,5,11,E2026001028SA-1-1-H&E_UTC2026-01-12T10_56_56Z.svs,1,1
virchow2,4,5,13,E2024006805SA-1-1-H&E.svs,0,2
virchow2,5,1,1,E2024006448SA-2-1-H&E.svs,1,2
virchow2,5,1,2,E2024006582SA-1-1-H&E.svs,2,0
virchow2,5,1,13,E2024006805SA-1-1-H&E.svs,0,2
virchow2,5,1,14,E2024058799SA-4-2-H&E.svs,0,2
virchow2,5,2,3,E2024006929SA-2-1-H&E.svs,1,1
virchow2,5,2,16,E2026000723SA-1-1-H&E.svs,2,2
virchow2,5,2,17,CPH-C1322-A-3-1-HE.svs,1,2
virchow2,5,2,18,CPH-I4751-A-1-1-HE.svs,0,2
virchow2,5,3,6,E2024060606SA-1-1-H&E.svs,2,2
virchow2,5,3,7,E2025020264SA-1-1-H&E.svs,0,1
virchow2,5,3,10,E2026000962SA-1-1-H&E.svs,1,2
virchow2,5,3,15,E2024060786SA-1-1-H&E.svs,1,1
virchow2,5,4,8,E2025022969SA-1-1-H&E.svs,1,1
virchow2,5,4,9,E2025030673SA-1-1-H&E.svs,2,0
virchow2,5,4,12,E2024000551SA-1-306-H&E.svs,2,0
virchow2,5,4,19,CPH-U4973-A-1-1-HE.svs,0,1
virchow2,5,5,0,E2024000193SA-1-1-H&E.svs,0,0
virchow2,5,5,4,E2024039719SA-5-1-H&E.svs,2,1
virchow2,5,5,5,E2024059593SA-1-1-H&E.svs,2,2
virchow2,5,5,11,E2026001028SA-1-1-H&E_UTC2026-01-12T10_56_56Z.svs,1,1
virchow2,6,1,0,E2024000193SA-1-1-H&E.svs,0,0
virchow2,6,1,5,E2024059593SA-1-1-H&E.svs,2,2
virchow2,6,1,10,E2026000962SA-1-1-H&E.svs,1,0
virchow2,6,1,18,CPH-I4751-A-1-1-HE.svs,0,2
virchow2,6,2,3,E2024006929SA-2-1-H&E.svs,1,1
virchow2,6,2,7,E2025020264SA-1-1-H&E.svs,0,1
virchow2,6,2,8,E2025022969SA-1-1-H&E.svs,1,1
virchow2,6,2,9,E2025030673SA-1-1-H&E.svs,2,0
virchow2,6,3,1,E2024006448SA-2-1-H&E.svs,1,2
virchow2,6,3,6,E2024060606SA-1-1-H&E.svs,2,2
virchow2,6,3,11,E2026001028SA-1-1-H&E_UTC2026-01-12T10_56_56Z.svs,1,1
virchow2,6,3,19,CPH-U4973-A-1-1-HE.svs,0,0
virchow2,6,4,2,E2024006582SA-1-1-H&E.svs,2,0
virchow2,6,4,14,E2024058799SA-4-2-H&E.svs,0,2
virchow2,6,4,16,E2026000723SA-1-1-H&E.svs,2,2
virchow2,6,4,17,CPH-C1322-A-3-1-HE.svs,1,2
virchow2,6,5,4,E2024039719SA-5-1-H&E.svs,2,1
virchow2,6,5,12,E2024000551SA-1-306-H&E.svs,2,0
virchow2,6,5,13,E2024006805SA-1-1-H&E.svs,0,0
virchow2,6,5,15,E2024060786SA-1-1-H&E.svs,1,0
virchow2,7,1,11,E2026001028SA-1-1-H&E_UTC2026-01-12T10_56_56Z.svs,1,1
virchow2,7,1,16,E2026000723SA-1-1-H&E.svs,2,2
virchow2,7,1,18,CPH-I4751-A-1-1-HE.svs,0,2
virchow2,7,1,19,CPH-U4973-A-1-1-HE.svs,0,2
virchow2,7,2,1,E2024006448SA-2-1-H&E.svs,1,0
virchow2,7,2,4,E2024039719SA-5-1-H&E.svs,2,0
virchow2,7,2,7,E2025020264SA-1-1-H&E.svs,0,1
virchow2,7,2,8,E2025022969SA-1-1-H&E.svs,1,1
virchow2,7,3,3,E2024006929SA-2-1-H&E.svs,1,1
virchow2,7,3,9,E2025030673SA-1-1-H&E.svs,2,0
virchow2,7,3,14,E2024058799SA-4-2-H&E.svs,0,0
virchow2,7,3,17,CPH-C1322-A-3-1-HE.svs,1,2
virchow2,7,4,6,E2024060606SA-1-1-H&E.svs,2,2
virchow2,7,4,10,E2026000962SA-1-1-H&E.svs,1,2
virchow2,7,4,12,E2024000551SA-1-306-H&E.svs,2,0
virchow2,7,4,13,E2024006805SA-1-1-H&E.svs,0,0
virchow2,7,5,0,E2024000193SA-1-1-H&E.svs,0,0
virchow2,7,5,2,E2024006582SA-1-1-H&E.svs,2,0
virchow2,7,5,5,E2024059593SA-1-1-H&E.svs,2,0
virchow2,7,5,15,E2024060786SA-1-1-H&E.svs,1,0
virchow2,8,1,0,E2024000193SA-1-1-H&E.svs,0,0
virchow2,8,1,9,E2025030673SA-1-1-H&E.svs,2,0
virchow2,8,1,11,E2026001028SA-1-1-H&E_UTC2026-01-12T10_56_56Z.svs,1,1
virchow2,8,1,14,E2024058799SA-4-2-H&E.svs,0,0
virchow2,8,2,8,E2025022969SA-1-1-H&E.svs,1,1
virchow2,8,2,12,E2024000551SA-1-306-H&E.svs,2,0
virchow2,8,2,17,CPH-C1322-A-3-1-HE.svs,1,2
virchow2,8,2,19,CPH-U4973-A-1-1-HE.svs,0,1
virchow2,8,3,3,E2024006929SA-2-1-H&E.svs,1,1
virchow2,8,3,5,E2024059593SA-1-1-H&E.svs,2,1
virchow2,8,3,7,E2025020264SA-1-1-H&E.svs,0,1
virchow2,8,3,10,E2026000962SA-1-1-H&E.svs,1,1
virchow2,8,4,1,E2024006448SA-2-1-H&E.svs,1,0
virchow2,8,4,4,E2024039719SA-5-1-H&E.svs,2,0
virchow2,8,4,13,E2024006805SA-1-1-H&E.svs,0,2
virchow2,8,4,16,E2026000723SA-1-1-H&E.svs,2,2
virchow2,8,5,2,E2024006582SA-1-1-H&E.svs,2,2
virchow2,8,5,6,E2024060606SA-1-1-H&E.svs,2,2
virchow2,8,5,15,E2024060786SA-1-1-H&E.svs,1,0
virchow2,8,5,18,CPH-I4751-A-1-1-HE.svs,0,0
virchow2,9,1,7,E2025020264SA-1-1-H&E.svs,0,2
virchow2,9,1,12,E2024000551SA-1-306-H&E.svs,2,0
virchow2,9,1,13,E2024006805SA-1-1-H&E.svs,0,0
virchow2,9,1,15,E2024060786SA-1-1-H&E.svs,1,1
virchow2,9,2,3,E2024006929SA-2-1-H&E.svs,1,1
virchow2,9,2,6,E2024060606SA-1-1-H&E.svs,2,2
virchow2,9,2,14,E2024058799SA-4-2-H&E.svs,0,0
virchow2,9,2,17,CPH-C1322-A-3-1-HE.svs,1,2
virchow2,9,3,0,E2024000193SA-1-1-H&E.svs,0,0
virchow2,9,3,1,E2024006448SA-2-1-H&E.svs,1,0
virchow2,9,3,8,E2025022969SA-1-1-H&E.svs,1,1
virchow2,9,3,16,E2026000723SA-1-1-H&E.svs,2,2
virchow2,9,4,2,E2024006582SA-1-1-H&E.svs,2,2
virchow2,9,4,9,E2025030673SA-1-1-H&E.svs,2,0
virchow2,9,4,10,E2026000962SA-1-1-H&E.svs,1,0
virchow2,9,4,18,CPH-I4751-A-1-1-HE.svs,0,0
virchow2,9,5,4,E2024039719SA-5-1-H&E.svs,2,1
virchow2,9,5,5,E2024059593SA-1-1-H&E.svs,2,2
virchow2,9,5,11,E2026001028SA-1-1-H&E_UTC2026-01-12T10_56_56Z.svs,1,1
virchow2,9,5,19,CPH-U4973-A-1-1-HE.svs,0,1
virchow2,10,1,0,E2024000193SA-1-1-H&E.svs,0,0
virchow2,10,1,10,E2026000962SA-1-1-H&E.svs,1,0
virchow2,10,1,12,E2024000551SA-1-306-H&E.svs,2,0
virchow2,10,1,14,E2024058799SA-4-2-H&E.svs,0,0
virchow2,10,2,5,E2024059593SA-1-1-H&E.svs,2,1
virchow2,10,2,8,E2025022969SA-1-1-H&E.svs,1,1
virchow2,10,2,17,CPH-C1322-A-3-1-HE.svs,1,2
virchow2,10,2,18,CPH-I4751-A-1-1-HE.svs,0,2
virchow2,10,3,2,E2024006582SA-1-1-H&E.svs,2,0
virchow2,10,3,3,E2024006929SA-2-1-H&E.svs,1,1
virchow2,10,3,7,E2025020264SA-1-1-H&E.svs,0,1
virchow2,10,3,11,E2026001028SA-1-1-H&E_UTC2026-01-12T10_56_56Z.svs,1,1
virchow2,10,4,1,E2024006448SA-2-1-H&E.svs,1,0
virchow2,10,4,4,E2024039719SA-5-1-H&E.svs,2,0
virchow2,10,4,9,E2025030673SA-1-1-H&E.svs,2,0
virchow2,10,4,13,E2024006805SA-1-1-H&E.svs,0,2
virchow2,10,5,6,E2024060606SA-1-1-H&E.svs,2,2
virchow2,10,5,15,E2024060786SA-1-1-H&E.svs,1,0
virchow2,10,5,16,E2026000723SA-1-1-H&E.svs,2,2
virchow2,10,5,19,CPH-U4973-A-1-1-HE.svs,0,1
virchow2,11,1,1,E2024006448SA-2-1-H&E.svs,1,0
virchow2,11,1,7,E2025020264SA-1-1-H&E.svs,0,1
virchow2,11,1,9,E2025030673SA-1-1-H&E.svs,2,0
virchow2,11,1,14,E2024058799SA-4-2-H&E.svs,0,0
virchow2,11,2,5,E2024059593SA-1-1-H&E.svs,2,0
virchow2,11,2,10,E2026000962SA-1-1-H&E.svs,1,0
virchow2,11,2,15,E2024060786SA-1-1-H&E.svs,1,0
virchow2,11,2,18,CPH-I4751-A-1-1-HE.svs,0,0
virchow2,11,3,3,E2024006929SA-2-1-H&E.svs,1,1
virchow2,11,3,4,E2024039719SA-5-1-H&E.svs,2,1
virchow2,11,3,8,E2025022969SA-1-1-H&E.svs,1,1
virchow2,11,3,13,E2024006805SA-1-1-H&E.svs,0,1
virchow2,11,4,2,E2024006582SA-1-1-H&E.svs,2,0
virchow2,11,4,11,E2026001028SA-1-1-H&E_UTC2026-01-12T10_56_56Z.svs,1,1
virchow2,11,4,16,E2026000723SA-1-1-H&E.svs,2,2
virchow2,11,4,19,CPH-U4973-A-1-1-HE.svs,0,1
virchow2,11,5,0,E2024000193SA-1-1-H&E.svs,0,0
virchow2,11,5,6,E2024060606SA-1-1-H&E.svs,2,2
virchow2,11,5,12,E2024000551SA-1-306-H&E.svs,2,0
virchow2,11,5,17,CPH-C1322-A-3-1-HE.svs,1,2
virchow2,12,1,0,E2024000193SA-1-1-H&E.svs,0,0
virchow2,12,1,10,E2026000962SA-1-1-H&E.svs,1,2
virchow2,12,1,13,E2024006805SA-1-1-H&E.svs,0,2
virchow2,12,1,16,E2026000723SA-1-1-H&E.svs,2,2
virchow2,12,2,5,E2024059593SA-1-1-H&E.svs,2,1
virchow2,12,2,7,E2025020264SA-1-1-H&E.svs,0,1
virchow2,12,2,15,E2024060786SA-1-1-H&E.svs,1,1
virchow2,12,2,17,CPH-C1322-A-3-1-HE.svs,1,2
virchow2,12,3,1,E2024006448SA-2-1-H&E.svs,1,2
virchow2,12,3,6,E2024060606SA-1-1-H&E.svs,2,2
virchow2,12,3,11,E2026001028SA-1-1-H&E_UTC2026-01-12T10_56_56Z.svs,1,1
virchow2,12,3,19,CPH-U4973-A-1-1-HE.svs,0,0
virchow2,12,4,2,E2024006582SA-1-1-H&E.svs,2,2
virchow2,12,4,3,E2024006929SA-2-1-H&E.svs,1,1
virchow2,12,4,4,E2024039719SA-5-1-H&E.svs,2,1
virchow2,12,4,14,E2024058799SA-4-2-H&E.svs,0,0
virchow2,12,5,8,E2025022969SA-1-1-H&E.svs,1,1
virchow2,12,5,9,E2025030673SA-1-1-H&E.svs,2,0
virchow2,12,5,12,E2024000551SA-1-306-H&E.svs,2,0
virchow2,12,5,18,CPH-I4751-A-1-1-HE.svs,0,2
virchow2,13,1,0,E2024000193SA-1-1-H&E.svs,0,0
virchow2,13,1,4,E2024039719SA-5-1-H&E.svs,2,1
virchow2,13,1,11,E2026001028SA-1-1-H&E_UTC2026-01-12T10_56_56Z.svs,1,1
virchow2,13,1,14,E2024058799SA-4-2-H&E.svs,0,2
virchow2,13,2,10,E2026000962SA-1-1-H&E.svs,1,2
virchow2,13,2,12,E2024000551SA-1-306-H&E.svs,2,1
virchow2,13,2,13,E2024006805SA-1-1-H&E.svs,0,0
virchow2,13,2,15,E2024060786SA-1-1-H&E.svs,1,0
virchow2,13,3,1,E2024006448SA-2-1-H&E.svs,1,0
virchow2,13,3,8,E2025022969SA-1-1-H&E.svs,1,1
virchow2,13,3,16,E2026000723SA-1-1-H&E.svs,2,2
virchow2,13,3,19,CPH-U4973-A-1-1-HE.svs,0,0
virchow2,13,4,6,E2024060606SA-1-1-H&E.svs,2,2
virchow2,13,4,9,E2025030673SA-1-1-H&E.svs,2,0
virchow2,13,4,17,CPH-C1322-A-3-1-HE.svs,1,0
virchow2,13,4,18,CPH-I4751-A-1-1-HE.svs,0,0
virchow2,13,5,2,E2024006582SA-1-1-H&E.svs,2,0
virchow2,13,5,3,E2024006929SA-2-1-H&E.svs,1,1
virchow2,13,5,5,E2024059593SA-1-1-H&E.svs,2,1
virchow2,13,5,7,E2025020264SA-1-1-H&E.svs,0,1
virchow2,14,1,7,E2025020264SA-1-1-H&E.svs,0,1
virchow2,14,1,9,E2025030673SA-1-1-H&E.svs,2,0
virchow2,14,1,17,CPH-C1322-A-3-1-HE.svs,1,2
virchow2,14,1,18,CPH-I4751-A-1-1-HE.svs,0,0
virchow2,14,2,0,E2024000193SA-1-1-H&E.svs,0,0
virchow2,14,2,1,E2024006448SA-2-1-H&E.svs,1,0
virchow2,14,2,15,E2024060786SA-1-1-H&E.svs,1,0
virchow2,14,2,16,E2026000723SA-1-1-H&E.svs,2,2
virchow2,14,3,10,E2026000962SA-1-1-H&E.svs,1,0
virchow2,14,3,11,E2026001028SA-1-1-H&E_UTC2026-01-12T10_56_56Z.svs,1,1
virchow2,14,3,12,E2024000551SA-1-306-H&E.svs,2,0
virchow2,14,3,14,E2024058799SA-4-2-H&E.svs,0,0
virchow2,14,4,5,E2024059593SA-1-1-H&E.svs,2,2
virchow2,14,4,6,E2024060606SA-1-1-H&E.svs,2,2
virchow2,14,4,8,E2025022969SA-1-1-H&E.svs,1,1
virchow2,14,4,13,E2024006805SA-1-1-H&E.svs,0,2
virchow2,14,5,2,E2024006582SA-1-1-H&E.svs,2,2
virchow2,14,5,3,E2024006929SA-2-1-H&E.svs,1,1
virchow2,14,5,4,E2024039719SA-5-1-H&E.svs,2,1
virchow2,14,5,19,CPH-U4973-A-1-1-HE.svs,0,1
virchow2,15,1,6,E2024060606SA-1-1-H&E.svs,2,2
virchow2,15,1,8,E2025022969SA-1-1-H&E.svs,1,1
virchow2,15,1,13,E2024006805SA-1-1-H&E.svs,0,2
virchow2,15,1,19,CPH-U4973-A-1-1-HE.svs,0,1
virchow2,15,2,1,E2024006448SA-2-1-H&E.svs,1,0
virchow2,15,2,3,E2024006929SA-2-1-H&E.svs,1,1
virchow2,15,2,9,E2025030673SA-1-1-H&E.svs,2,0
virchow2,15,2,18,CPH-I4751-A-1-1-HE.svs,0,0
virchow2,15,3,0,E2024000193SA-1-1-H&E.svs,0,0
virchow2,15,3,11,E2026001028SA-1-1-H&E_UTC2026-01-12T10_56_56Z.svs,1,1
virchow2,15,3,16,E2026000723SA-1-1-H&E.svs,2,2
virchow2,15,3,17,CPH-C1322-A-3-1-HE.svs,1,2
virchow2,15,4,2,E2024006582SA-1-1-H&E.svs,2,0
virchow2,15,4,5,E2024059593SA-1-1-H&E.svs,2,2
virchow2,15,4,7,E2025020264SA-1-1-H&E.svs,0,2
virchow2,15,4,15,E2024060786SA-1-1-H&E.svs,1,1
virchow2,15,5,4,E2024039719SA-5-1-H&E.svs,2,1
virchow2,15,5,10,E2026000962SA-1-1-H&E.svs,1,0
virchow2,15,5,12,E2024000551SA-1-306-H&E.svs,2,0
virchow2,15,5,14,E2024058799SA-4-2-H&E.svs,0,0
virchow2,16,1,0,E2024000193SA-1-1-H&E.svs,0,0
virchow2,16,1,7,E2025020264SA-1-1-H&E.svs,0,2
virchow2,16,1,9,E2025030673SA-1-1-H&E.svs,2,0
virchow2,16,1,15,E2024060786SA-1-1-H&E.svs,1,1
virchow2,16,2,4,E2024039719SA-5-1-H&E.svs,2,1
virchow2,16,2,8,E2025022969SA-1-1-H&E.svs,1,1
virchow2,16,2,14,E2024058799SA-4-2-H&E.svs,0,0
virchow2,16,2,17,CPH-C1322-A-3-1-HE.svs,1,2
virchow2,16,3,10,E2026000962SA-1-1-H&E.svs,1,2
virchow2,16,3,11,E2026001028SA-1-1-H&E_UTC2026-01-12T10_56_56Z.svs,1,1
virchow2,16,3,12,E2024000551SA-1-306-H&E.svs,2,0
virchow2,16,3,18,CPH-I4751-A-1-1-HE.svs,0,2
virchow2,16,4,1,E2024006448SA-2-1-H&E.svs,1,2
virchow2,16,4,2,E2024006582SA-1-1-H&E.svs,2,0
virchow2,16,4,6,E2024060606SA-1-1-H&E.svs,2,2
virchow2,16,4,13,E2024006805SA-1-1-H&E.svs,0,2
virchow2,16,5,3,E2024006929SA-2-1-H&E.svs,1,1
virchow2,16,5,5,E2024059593SA-1-1-H&E.svs,2,1
virchow2,16,5,16,E2026000723SA-1-1-H&E.svs,2,0
virchow2,16,5,19,CPH-U4973-A-1-1-HE.svs,0,1
virchow2,17,1,0,E2024000193SA-1-1-H&E.svs,0,0
virchow2,17,1,1,E2024006448SA-2-1-H&E.svs,1,0
virchow2,17,1,7,E2025020264SA-1-1-H&E.svs,0,1
virchow2,17,1,9,E2025030673SA-1-1-H&E.svs,2,0
virchow2,17,2,4,E2024039719SA-5-1-H&E.svs,2,1
virchow2,17,2,15,E2024060786SA-1-1-H&E.svs,1,0
virchow2,17,2,17,CPH-C1322-A-3-1-HE.svs,1,2
virchow2,17,2,18,CPH-I4751-A-1-1-HE.svs,0,0
virchow2,17,3,5,E2024059593SA-1-1-H&E.svs,2,2
virchow2,17,3,8,E2025022969SA-1-1-H&E.svs,1,1
virchow2,17,3,10,E2026000962SA-1-1-H&E.svs,1,0
virchow2,17,3,14,E2024058799SA-4-2-H&E.svs,0,0
virchow2,17,4,3,E2024006929SA-2-1-H&E.svs,1,1
virchow2,17,4,6,E2024060606SA-1-1-H&E.svs,2,2
virchow2,17,4,12,E2024000551SA-1-306-H&E.svs,2,0
virchow2,17,4,19,CPH-U4973-A-1-1-HE.svs,0,1
virchow2,17,5,2,E2024006582SA-1-1-H&E.svs,2,0
virchow2,17,5,11,E2026001028SA-1-1-H&E_UTC2026-01-12T10_56_56Z.svs,1,1
virchow2,17,5,13,E2024006805SA-1-1-H&E.svs,0,2
virchow2,17,5,16,E2026000723SA-1-1-H&E.svs,2,2
virchow2,18,1,0,E2024000193SA-1-1-H&E.svs,0,0
virchow2,18,1,1,E2024006448SA-2-1-H&E.svs,1,0
virchow2,18,1,12,E2024000551SA-1-306-H&E.svs,2,0
virchow2,18,1,19,CPH-U4973-A-1-1-HE.svs,0,0
virchow2,18,2,10,E2026000962SA-1-1-H&E.svs,1,2
virchow2,18,2,16,E2026000723SA-1-1-H&E.svs,2,2
virchow2,18,2,17,CPH-C1322-A-3-1-HE.svs,1,2
virchow2,18,2,18,CPH-I4751-A-1-1-HE.svs,0,2
virchow2,18,3,2,E2024006582SA-1-1-H&E.svs,2,0
virchow2,18,3,3,E2024006929SA-2-1-H&E.svs,1,1
virchow2,18,3,8,E2025022969SA-1-1-H&E.svs,1,1
virchow2,18,3,14,E2024058799SA-4-2-H&E.svs,0,0
virchow2,18,4,6,E2024060606SA-1-1-H&E.svs,2,2
virchow2,18,4,7,E2025020264SA-1-1-H&E.svs,0,2
virchow2,18,4,9,E2025030673SA-1-1-H&E.svs,2,0
virchow2,18,4,15,E2024060786SA-1-1-H&E.svs,1,1
virchow2,18,5,4,E2024039719SA-5-1-H&E.svs,2,1
virchow2,18,5,5,E2024059593SA-1-1-H&E.svs,2,2
virchow2,18,5,11,E2026001028SA-1-1-H&E_UTC2026-01-12T10_56_56Z.svs,1,1
virchow2,18,5,13,E2024006805SA-1-1-H&E.svs,0,0
virchow2,19,1,7,E2025020264SA-1-1-H&E.svs,0,2
virchow2,19,1,9,E2025030673SA-1-1-H&E.svs,2,0
virchow2,19,1,15,E2024060786SA-1-1-H&E.svs,1,1
virchow2,19,1,19,CPH-U4973-A-1-1-HE.svs,0,1
virchow2,19,2,0,E2024000193SA-1-1-H&E.svs,0,0
virchow2,19,2,2,E2024006582SA-1-1-H&E.svs,2,0
virchow2,19,2,3,E2024006929SA-2-1-H&E.svs,1,1
virchow2,19,2,17,CPH-C1322-A-3-1-HE.svs,1,2
virchow2,19,3,1,E2024006448SA-2-1-H&E.svs,1,0
virchow2,19,3,8,E2025022969SA-1-1-H&E.svs,1,1
virchow2,19,3,16,E2026000723SA-1-1-H&E.svs,2,2
virchow2,19,3,18,CPH-I4751-A-1-1-HE.svs,0,2
virchow2,19,4,4,E2024039719SA-5-1-H&E.svs,2,1
virchow2,19,4,11,E2026001028SA-1-1-H&E_UTC2026-01-12T10_56_56Z.svs,1,1
virchow2,19,4,12,E2024000551SA-1-306-H&E.svs,2,0
virchow2,19,4,13,E2024006805SA-1-1-H&E.svs,0,0
virchow2,19,5,5,E2024059593SA-1-1-H&E.svs,2,2
virchow2,19,5,6,E2024060606SA-1-1-H&E.svs,2,2
virchow2,19,5,10,E2026000962SA-1-1-H&E.svs,1,0
virchow2,19,5,14,E2024058799SA-4-2-H&E.svs,0,0
virchow2,20,1,0,E2024000193SA-1-1-H&E.svs,0,0
virchow2,20,1,2,E2024006582SA-1-1-H&E.svs,2,0
virchow2,20,1,14,E2024058799SA-4-2-H&E.svs,0,2
virchow2,20,1,15,E2024060786SA-1-1-H&E.svs,1,0
virchow2,20,2,3,E2024006929SA-2-1-H&E.svs,1,1
virchow2,20,2,11,E2026001028SA-1-1-H&E_UTC2026-01-12T10_56_56Z.svs,1,1
virchow2,20,2,12,E2024000551SA-1-306-H&E.svs,2,0
virchow2,20,2,13,E2024006805SA-1-1-H&E.svs,0,0
virchow2,20,3,1,E2024006448SA-2-1-H&E.svs,1,0
virchow2,20,3,5,E2024059593SA-1-1-H&E.svs,2,2
virchow2,20,3,8,E2025022969SA-1-1-H&E.svs,1,1
virchow2,20,3,19,CPH-U4973-A-1-1-HE.svs,0,0
virchow2,20,4,4,E2024039719SA-5-1-H&E.svs,2,1
virchow2,20,4,6,E2024060606SA-1-1-H&E.svs,2,2
virchow2,20,4,7,E2025020264SA-1-1-H&E.svs,0,1
virchow2,20,4,17,CPH-C1322-A-3-1-HE.svs,1,2
virchow2,20,5,9,E2025030673SA-1-1-H&E.svs,2,0
virchow2,20,5,10,E2026000962SA-1-1-H&E.svs,1,2
virchow2,20,5,16,E2026000723SA-1-1-H&E.svs,2,2
virchow2,20,5,18,CPH-I4751-A-1-1-HE.svs,0,2
virchow2,21,1,7,E2025020264SA-1-1-H&E.svs,0,1
virchow2,21,1,16,E2026000723SA-1-1-H&E.svs,2,2
virchow2,21,1,17,CPH-C1322-A-3-1-HE.svs,1,2
virchow2,21,1,18,CPH-I4751-A-1-1-HE.svs,0,2
virchow2,21,2,0,E2024000193SA-1-1-H&E.svs,0,0
virchow2,21,2,1,E2024006448SA-2-1-H&E.svs,1,0
virchow2,21,2,4,E2024039719SA-5-1-H&E.svs,2,0
virchow2,21,2,8,E2025022969SA-1-1-H&E.svs,1,1
virchow2,21,3,6,E2024060606SA-1-1-H&E.svs,2,2
virchow2,21,3,10,E2026000962SA-1-1-H&E.svs,1,0
virchow2,21,3,11,E2026001028SA-1-1-H&E_UTC2026-01-12T10_56_56Z.svs,1,1
virchow2,21,3,14,E2024058799SA-4-2-H&E.svs,0,0
virchow2,21,4,5,E2024059593SA-1-1-H&E.svs,2,0
virchow2,21,4,9,E2025030673SA-1-1-H&E.svs,2,1
virchow2,21,4,15,E2024060786SA-1-1-H&E.svs,1,0
virchow2,21,4,19,CPH-U4973-A-1-1-HE.svs,0,1
virchow2,21,5,2,E2024006582SA-1-1-H&E.svs,2,0
virchow2,21,5,3,E2024006929SA-2-1-H&E.svs,1,1
virchow2,21,5,12,E2024000551SA-1-306-H&E.svs,2,0
virchow2,21,5,13,E2024006805SA-1-1-H&E.svs,0,0
virchow2,22,1,0,E2024000193SA-1-1-H&E.svs,0,0
virchow2,22,1,10,E2026000962SA-1-1-H&E.svs,1,2
virchow2,22,1,12,E2024000551SA-1-306-H&E.svs,2,0
virchow2,22,1,13,E2024006805SA-1-1-H&E.svs,0,0
virchow2,22,2,4,E2024039719SA-5-1-H&E.svs,2,1
virchow2,22,2,11,E2026001028SA-1-1-H&E_UTC2026-01-12T10_56_56Z.svs,1,1
virchow2,22,2,14,E2024058799SA-4-2-H&E.svs,0,2
virchow2,22,2,17,CPH-C1322-A-3-1-HE.svs,1,2
virchow2,22,3,2,E2024006582SA-1-1-H&E.svs,2,0
virchow2,22,3,3,E2024006929SA-2-1-H&E.svs,1,1
virchow2,22,3,7,E2025020264SA-1-1-H&E.svs,0,1
virchow2,22,3,8,E2025022969SA-1-1-H&E.svs,1,1
virchow2,22,4,1,E2024006448SA-2-1-H&E.svs,1,0
virchow2,22,4,9,E2025030673SA-1-1-H&E.svs,2,0
virchow2,22,4,16,E2026000723SA-1-1-H&E.svs,2,2
virchow2,22,4,18,CPH-I4751-A-1-1-HE.svs,0,2
virchow2,22,5,5,E2024059593SA-1-1-H&E.svs,2,0
virchow2,22,5,6,E2024060606SA-1-1-H&E.svs,2,2
virchow2,22,5,15,E2024060786SA-1-1-H&E.svs,1,0
virchow2,22,5,19,CPH-U4973-A-1-1-HE.svs,0,1
virchow2,23,1,5,E2024059593SA-1-1-H&E.svs,2,1
virchow2,23,1,7,E2025020264SA-1-1-H&E.svs,0,1
virchow2,23,1,13,E2024006805SA-1-1-H&E.svs,0,2
virchow2,23,1,17,CPH-C1322-A-3-1-HE.svs,1,2
virchow2,23,2,1,E2024006448SA-2-1-H&E.svs,1,2
virchow2,23,2,2,E2024006582SA-1-1-H&E.svs,2,0
virchow2,23,2,10,E2026000962SA-1-1-H&E.svs,1,0
virchow2,23,2,19,CPH-U4973-A-1-1-HE.svs,0,0
virchow2,23,3,3,E2024006929SA-2-1-H&E.svs,1,1
virchow2,23,3,9,E2025030673SA-1-1-H&E.svs,2,0
virchow2,23,3,15,E2024060786SA-1-1-H&E.svs,1,0
virchow2,23,3,18,CPH-I4751-A-1-1-HE.svs,0,0
virchow2,23,4,0,E2024000193SA-1-1-H&E.svs,0,0
virchow2,23,4,6,E2024060606SA-1-1-H&E.svs,2,2
virchow2,23,4,11,E2026001028SA-1-1-H&E_UTC2026-01-12T10_56_56Z.svs,1,1
virchow2,23,4,16,E2026000723SA-1-1-H&E.svs,2,2
virchow2,23,5,4,E2024039719SA-5-1-H&E.svs,2,1
virchow2,23,5,8,E2025022969SA-1-1-H&E.svs,1,1
virchow2,23,5,12,E2024000551SA-1-306-H&E.svs,2,0
virchow2,23,5,14,E2024058799SA-4-2-H&E.svs,0,0
virchow2,24,1,11,E2026001028SA-1-1-H&E_UTC2026-01-12T10_56_56Z.svs,1,1
virchow2,24,1,12,E2024000551SA-1-306-H&E.svs,2,0
virchow2,24,1,14,E2024058799SA-4-2-H&E.svs,0,0
virchow2,24,1,18,CPH-I4751-A-1-1-HE.svs,0,0
virchow2,24,2,1,E2024006448SA-2-1-H&E.svs,1,0
virchow2,24,2,5,E2024059593SA-1-1-H&E.svs,2,1
virchow2,24,2,7,E2025020264SA-1-1-H&E.svs,0,1
virchow2,24,2,17,CPH-C1322-A-3-1-HE.svs,1,2
virchow2,24,3,0,E2024000193SA-1-1-H&E.svs,0,0
virchow2,24,3,3,E2024006929SA-2-1-H&E.svs,1,1
virchow2,24,3,9,E2025030673SA-1-1-H&E.svs,2,0
virchow2,24,3,15,E2024060786SA-1-1-H&E.svs,1,0
virchow2,24,4,6,E2024060606SA-1-1-H&E.svs,2,2
virchow2,24,4,10,E2026000962SA-1-1-H&E.svs,1,2
virchow2,24,4,16,E2026000723SA-1-1-H&E.svs,2,1
virchow2,24,4,19,CPH-U4973-A-1-1-HE.svs,0,1
virchow2,24,5,2,E2024006582SA-1-1-H&E.svs,2,2
virchow2,24,5,4,E2024039719SA-5-1-H&E.svs,2,1
virchow2,24,5,8,E2025022969SA-1-1-H&E.svs,1,1
virchow2,24,5,13,E2024006805SA-1-1-H&E.svs,0,0
virchow2,25,1,0,E2024000193SA-1-1-H&E.svs,0,0
virchow2,25,1,1,E2024006448SA-2-1-H&E.svs,1,0
virchow2,25,1,9,E2025030673SA-1-1-H&E.svs,2,0
virchow2,25,1,19,CPH-U4973-A-1-1-HE.svs,0,0
virchow2,25,2,10,E2026000962SA-1-1-H&E.svs,1,0
virchow2,25,2,14,E2024058799SA-4-2-H&E.svs,0,2
virchow2,25,2,16,E2026000723SA-1-1-H&E.svs,2,2
virchow2,25,2,17,CPH-C1322-A-3-1-HE.svs,1,2
virchow2,25,3,3,E2024006929SA-2-1-H&E.svs,1,1
virchow2,25,3,4,E2024039719SA-5-1-H&E.svs,2,1
virchow2,25,3,7,E2025020264SA-1-1-H&E.svs,0,1
virchow2,25,3,8,E2025022969SA-1-1-H&E.svs,1,1
virchow2,25,4,5,E2024059593SA-1-1-H&E.svs,2,2
virchow2,25,4,6,E2024060606SA-1-1-H&E.svs,2,2
virchow2,25,4,13,E2024006805SA-1-1-H&E.svs,0,2
virchow2,25,4,15,E2024060786SA-1-1-H&E.svs,1,0
virchow2,25,5,2,E2024006582SA-1-1-H&E.svs,2,0
virchow2,25,5,11,E2026001028SA-1-1-H&E_UTC2026-01-12T10_56_56Z.svs,1,1
virchow2,25,5,12,E2024000551SA-1-306-H&E.svs,2,0
virchow2,25,5,18,CPH-I4751-A-1-1-HE.svs,0,0
virchow2,26,1,0,E2024000193SA-1-1-H&E.svs,0,0
virchow2,26,1,11,E2026001028SA-1-1-H&E_UTC2026-01-12T10_56_56Z.svs,1,1
virchow2,26,1,12,E2024000551SA-1-306-H&E.svs,2,0
virchow2,26,1,14,E2024058799SA-4-2-H&E.svs,0,0
virchow2,26,2,15,E2024060786SA-1-1-H&E.svs,1,0
virchow2,26,2,16,E2026000723SA-1-1-H&E.svs,2,2
virchow2,26,2,17,CPH-C1322-A-3-1-HE.svs,1,2
virchow2,26,2,19,CPH-U4973-A-1-1-HE.svs,0,1
virchow2,26,3,2,E2024006582SA-1-1-H&E.svs,2,0
virchow2,26,3,7,E2025020264SA-1-1-H&E.svs,0,1
virchow2,26,3,8,E2025022969SA-1-1-H&E.svs,1,1
virchow2,26,3,10,E2026000962SA-1-1-H&E.svs,1,2
virchow2,26,4,3,E2024006929SA-2-1-H&E.svs,1,1
virchow2,26,4,5,E2024059593SA-1-1-H&E.svs,2,1
virchow2,26,4,9,E2025030673SA-1-1-H&E.svs,2,0
virchow2,26,4,18,CPH-I4751-A-1-1-HE.svs,0,0
virchow2,26,5,1,E2024006448SA-2-1-H&E.svs,1,0
virchow2,26,5,4,E2024039719SA-5-1-H&E.svs,2,0
virchow2,26,5,6,E2024060606SA-1-1-H&E.svs,2,2
virchow2,26,5,13,E2024006805SA-1-1-H&E.svs,0,0
virchow2,27,1,0,E2024000193SA-1-1-H&E.svs,0,0
virchow2,27,1,3,E2024006929SA-2-1-H&E.svs,1,1
virchow2,27,1,7,E2025020264SA-1-1-H&E.svs,0,1
virchow2,27,1,9,E2025030673SA-1-1-H&E.svs,2,0
virchow2,27,2,6,E2024060606SA-1-1-H&E.svs,2,2
virchow2,27,2,8,E2025022969SA-1-1-H&E.svs,1,1
virchow2,27,2,14,E2024058799SA-4-2-H&E.svs,0,0
virchow2,27,2,15,E2024060786SA-1-1-H&E.svs,1,0
virchow2,27,3,1,E2024006448SA-2-1-H&E.svs,1,0
virchow2,27,3,12,E2024000551SA-1-306-H&E.svs,2,0
virchow2,27,3,17,CPH-C1322-A-3-1-HE.svs,1,2
virchow2,27,3,18,CPH-I4751-A-1-1-HE.svs,0,2
virchow2,27,4,2,E2024006582SA-1-1-H&E.svs,2,2
virchow2,27,4,4,E2024039719SA-5-1-H&E.svs,2,1
virchow2,27,4,11,E2026001028SA-1-1-H&E_UTC2026-01-12T10_56_56Z.svs,1,1
virchow2,27,4,13,E2024006805SA-1-1-H&E.svs,0,0
virchow2,27,5,5,E2024059593SA-1-1-H&E.svs,2,0
virchow2,27,5,10,E2026000962SA-1-1-H&E.svs,1,0
virchow2,27,5,16,E2026000723SA-1-1-H&E.svs,2,1
virchow2,27,5,19,CPH-U4973-A-1-1-HE.svs,0,2
virchow2,28,1,5,E2024059593SA-1-1-H&E.svs,2,2
virchow2,28,1,7,E2025020264SA-1-1-H&E.svs,0,1
virchow2,28,1,8,E2025022969SA-1-1-H&E.svs,1,1
virchow2,28,1,18,CPH-I4751-A-1-1-HE.svs,0,2
virchow2,28,2,0,E2024000193SA-1-1-H&E.svs,0,0
virchow2,28,2,2,E2024006582SA-1-1-H&E.svs,2,0
virchow2,28,2,11,E2026001028SA-1-1-H&E_UTC2026-01-12T10_56_56Z.svs,1,1
virchow2,28,2,15,E2024060786SA-1-1-H&E.svs,1,0
virchow2,28,3,3,E2024006929SA-2-1-H&E.svs,1,1
virchow2,28,3,4,E2024039719SA-5-1-H&E.svs,2,1
virchow2,28,3,13,E2024006805SA-1-1-H&E.svs,0,2
virchow2,28,3,17,CPH-C1322-A-3-1-HE.svs,1,2
virchow2,28,4,1,E2024006448SA-2-1-H&E.svs,1,2
virchow2,28,4,12,E2024000551SA-1-306-H&E.svs,2,0
virchow2,28,4,16,E2026000723SA-1-1-H&E.svs,2,0
virchow2,28,4,19,CPH-U4973-A-1-1-HE.svs,0,2
virchow2,28,5,6,E2024060606SA-1-1-H&E.svs,2,1
virchow2,28,5,9,E2025030673SA-1-1-H&E.svs,2,1
virchow2,28,5,10,E2026000962SA-1-1-H&E.svs,1,2
virchow2,28,5,14,E2024058799SA-4-2-H&E.svs,0,0
virchow2,29,1,1,E2024006448SA-2-1-H&E.svs,1,0
virchow2,29,1,7,E2025020264SA-1-1-H&E.svs,0,1
virchow2,29,1,12,E2024000551SA-1-306-H&E.svs,2,0
virchow2,29,1,13,E2024006805SA-1-1-H&E.svs,0,0
virchow2,29,2,0,E2024000193SA-1-1-H&E.svs,0,0
virchow2,29,2,5,E2024059593SA-1-1-H&E.svs,2,2
virchow2,29,2,10,E2026000962SA-1-1-H&E.svs,1,0
virchow2,29,2,17,CPH-C1322-A-3-1-HE.svs,1,2
virchow2,29,3,11,E2026001028SA-1-1-H&E_UTC2026-01-12T10_56_56Z.svs,1,1
virchow2,29,3,15,E2024060786SA-1-1-H&E.svs,1,0
virchow2,29,3,16,E2026000723SA-1-1-H&E.svs,2,2
virchow2,29,3,19,CPH-U4973-A-1-1-HE.svs,0,1
virchow2,29,4,2,E2024006582SA-1-1-H&E.svs,2,2
virchow2,29,4,6,E2024060606SA-1-1-H&E.svs,2,2
virchow2,29,4,8,E2025022969SA-1-1-H&E.svs,1,1
virchow2,29,4,18,CPH-I4751-A-1-1-HE.svs,0,0
virchow2,29,5,3,E2024006929SA-2-1-H&E.svs,1,1
virchow2,29,5,4,E2024039719SA-5-1-H&E.svs,2,1
virchow2,29,5,9,E2025030673SA-1-1-H&E.svs,2,1
virchow2,29,5,14,E2024058799SA-4-2-H&E.svs,0,0
virchow2,30,1,12,E2024000551SA-1-306-H&E.svs,2,0
virchow2,30,1,13,E2024006805SA-1-1-H&E.svs,0,0
virchow2,30,1,15,E2024060786SA-1-1-H&E.svs,1,0
virchow2,30,1,19,CPH-U4973-A-1-1-HE.svs,0,1
virchow2,30,2,0,E2024000193SA-1-1-H&E.svs,0,0
virchow2,30,2,1,E2024006448SA-2-1-H&E.svs,1,0
virchow2,30,2,3,E2024006929SA-2-1-H&E.svs,1,1
virchow2,30,2,16,E2026000723SA-1-1-H&E.svs,2,2
virchow2,30,3,4,E2024039719SA-5-1-H&E.svs,2,1
virchow2,30,3,7,E2025020264SA-1-1-H&E.svs,0,1
virchow2,30,3,8,E2025022969SA-1-1-H&E.svs,1,1
virchow2,30,3,11,E2026001028SA-1-1-H&E_UTC2026-01-12T10_56_56Z.svs,1,1
virchow2,30,4,5,E2024059593SA-1-1-H&E.svs,2,2
virchow2,30,4,6,E2024060606SA-1-1-H&E.svs,2,2
virchow2,30,4,10,E2026000962SA-1-1-H&E.svs,1,0
virchow2,30,4,18,CPH-I4751-A-1-1-HE.svs,0,2
virchow2,30,5,2,E2024006582SA-1-1-H&E.svs,2,0
virchow2,30,5,9,E2025030673SA-1-1-H&E.svs,2,0
virchow2,30,5,14,E2024058799SA-4-2-H&E.svs,0,0
virchow2,30,5,17,CPH-C1322-A-3-1-HE.svs,1,2
virchow2,31,1,1,E2024006448SA-2-1-H&E.svs,1,0
virchow2,31,1,5,E2024059593SA-1-1-H&E.svs,2,2
virchow2,31,1,7,E2025020264SA-1-1-H&E.svs,0,1
virchow2,31,1,19,CPH-U4973-A-1-1-HE.svs,0,0
virchow2,31,2,0,E2024000193SA-1-1-H&E.svs,0,0
virchow2,31,2,3,E2024006929SA-2-1-H&E.svs,1,1
virchow2,31,2,10,E2026000962SA-1-1-H&E.svs,1,0
virchow2,31,2,16,E2026000723SA-1-1-H&E.svs,2,2
virchow2,31,3,8,E2025022969SA-1-1-H&E.svs,1,1
virchow2,31,3,12,E2024000551SA-1-306-H&E.svs,2,0
virchow2,31,3,13,E2024006805SA-1-1-H&E.svs,0,0
virchow2,31,3,17,CPH-C1322-A-3-1-HE.svs,1,2
virchow2,31,4,2,E2024006582SA-1-1-H&E.svs,2,2
virchow2,31,4,9,E2025030673SA-1-1-H&E.svs,2,0
virchow2,31,4,11,E2026001028SA-1-1-H&E_UTC2026-01-12T10_56_56Z.svs,1,1
virchow2,31,4,18,CPH-I4751-A-1-1-HE.svs,0,0
virchow2,31,5,4,E2024039719SA-5-1-H&E.svs,2,1
virchow2,31,5,6,E2024060606SA-1-1-H&E.svs,2,2
virchow2,31,5,14,E2024058799SA-4-2-H&E.svs,0,0
virchow2,31,5,15,E2024060786SA-1-1-H&E.svs,1,0
virchow2,32,1,0,E2024000193SA-1-1-H&E.svs,0,0
virchow2,32,1,9,E2025030673SA-1-1-H&E.svs,2,1
virchow2,32,1,10,E2026000962SA-1-1-H&E.svs,1,0
virchow2,32,1,14,E2024058799SA-4-2-H&E.svs,0,0
virchow2,32,2,3,E2024006929SA-2-1-H&E.svs,1,1
virchow2,32,2,6,E2024060606SA-1-1-H&E.svs,2,2
virchow2,32,2,8,E2025022969SA-1-1-H&E.svs,1,1
virchow2,32,2,13,E2024006805SA-1-1-H&E.svs,0,2
virchow2,32,3,1,E2024006448SA-2-1-H&E.svs,1,0
virchow2,32,3,2,E2024006582SA-1-1-H&E.svs,2,2
virchow2,32,3,11,E2026001028SA-1-1-H&E_UTC2026-01-12T10_56_56Z.svs,1,1
virchow2,32,3,18,CPH-I4751-A-1-1-HE.svs,0,0
virchow2,32,4,7,E2025020264SA-1-1-H&E.svs,0,1
virchow2,32,4,12,E2024000551SA-1-306-H&E.svs,2,0
virchow2,32,4,16,E2026000723SA-1-1-H&E.svs,2,2
virchow2,32,4,17,CPH-C1322-A-3-1-HE.svs,1,2
virchow2,32,5,4,E2024039719SA-5-1-H&E.svs,2,1
virchow2,32,5,5,E2024059593SA-1-1-H&E.svs,2,2
virchow2,32,5,15,E2024060786SA-1-1-H&E.svs,1,0
virchow2,32,5,19,CPH-U4973-A-1-1-HE.svs,0,1
virchow2,33,1,1,E2024006448SA-2-1-H&E.svs,1,2
virchow2,33,1,13,E2024006805SA-1-1-H&E.svs,0,2
virchow2,33,1,16,E2026000723SA-1-1-H&E.svs,2,2
virchow2,33,1,19,CPH-U4973-A-1-1-HE.svs,0,2
virchow2,33,2,0,E2024000193SA-1-1-H&E.svs,0,0
virchow2,33,2,4,E2024039719SA-5-1-H&E.svs,2,1
virchow2,33,2,8,E2025022969SA-1-1-H&E.svs,1,1
virchow2,33,2,17,CPH-C1322-A-3-1-HE.svs,1,2
virchow2,33,3,5,E2024059593SA-1-1-H&E.svs,2,2
virchow2,33,3,7,E2025020264SA-1-1-H&E.svs,0,1
virchow2,33,3,10,E2026000962SA-1-1-H&E.svs,1,1
virchow2,33,3,15,E2024060786SA-1-1-H&E.svs,1,1
virchow2,33,4,3,E2024006929SA-2-1-H&E.svs,1,1
virchow2,33,4,6,E2024060606SA-1-1-H&E.svs,2,2
virchow2,33,4,12,E2024000551SA-1-306-H&E.svs,2,0
virchow2,33,4,14,E2024058799SA-4-2-H&E.svs,0,0
virchow2,33,5,2,E2024006582SA-1-1-H&E.svs,2,2
virchow2,33,5,9,E2025030673SA-1-1-H&E.svs,2,0
virchow2,33,5,11,E2026001028SA-1-1-H&E_UTC2026-01-12T10_56_56Z.svs,1,1
virchow2,33,5,18,CPH-I4751-A-1-1-HE.svs,0,0
virchow2,34,1,6,E2024060606SA-1-1-H&E.svs,2,2
virchow2,34,1,7,E2025020264SA-1-1-H&E.svs,0,1
virchow2,34,1,8,E2025022969SA-1-1-H&E.svs,1,1
virchow2,34,1,19,CPH-U4973-A-1-1-HE.svs,0,1
virchow2,34,2,2,E2024006582SA-1-1-H&E.svs,2,2
virchow2,34,2,11,E2026001028SA-1-1-H&E_UTC2026-01-12T10_56_56Z.svs,1,1
virchow2,34,2,13,E2024006805SA-1-1-H&E.svs,0,2
virchow2,34,2,15,E2024060786SA-1-1-H&E.svs,1,0
virchow2,34,3,3,E2024006929SA-2-1-H&E.svs,1,1
virchow2,34,3,12,E2024000551SA-1-306-H&E.svs,2,0
virchow2,34,3,17,CPH-C1322-A-3-1-HE.svs,1,2
virchow2,34,3,18,CPH-I4751-A-1-1-HE.svs,0,2
virchow2,34,4,1,E2024006448SA-2-1-H&E.svs,1,0
virchow2,34,4,4,E2024039719SA-5-1-H&E.svs,2,0
virchow2,34,4,14,E2024058799SA-4-2-H&E.svs,0,2
virchow2,34,4,16,E2026000723SA-1-1-H&E.svs,2,2
virchow2,34,5,0,E2024000193SA-1-1-H&E.svs,0,0
virchow2,34,5,5,E2024059593SA-1-1-H&E.svs,2,2
virchow2,34,5,9,E2025030673SA-1-1-H&E.svs,2,0
virchow2,34,5,10,E2026000962SA-1-1-H&E.svs,1,0
virchow2,35,1,10,E2026000962SA-1-1-H&E.svs,1,2
virchow2,35,1,12,E2024000551SA-1-306-H&E.svs,2,0
virchow2,35,1,18,CPH-I4751-A-1-1-HE.svs,0,2
virchow2,35,1,19,CPH-U4973-A-1-1-HE.svs,0,1
virchow2,35,2,8,E2025022969SA-1-1-H&E.svs,1,2
virchow2,35,2,9,E2025030673SA-1-1-H&E.svs,2,1
virchow2,35,2,11,E2026001028SA-1-1-H&E_UTC2026-01-12T10_56_56Z.svs,1,1
virchow2,35,2,14,E2024058799SA-4-2-H&E.svs,0,0
virchow2,35,3,3,E2024006929SA-2-1-H&E.svs,1,1
virchow2,35,3,7,E2025020264SA-1-1-H&E.svs,0,1
virchow2,35,3,16,E2026000723SA-1-1-H&E.svs,2,2
virchow2,35,3,17,CPH-C1322-A-3-1-HE.svs,1,2
virchow2,35,4,0,E2024000193SA-1-1-H&E.svs,0,0
virchow2,35,4,4,E2024039719SA-5-1-H&E.svs,2,1
virchow2,35,4,6,E2024060606SA-1-1-H&E.svs,2,2
virchow2,35,4,15,E2024060786SA-1-1-H&E.svs,1,0
virchow2,35,5,1,E2024006448SA-2-1-H&E.svs,1,2
virchow2,35,5,2,E2024006582SA-1-1-H&E.svs,2,0
virchow2,35,5,5,E2024059593SA-1-1-H&E.svs,2,2
virchow2,35,5,13,E2024006805SA-1-1-H&E.svs,0,0
virchow2,36,1,6,E2024060606SA-1-1-H&E.svs,2,2
virchow2,36,1,7,E2025020264SA-1-1-H&E.svs,0,1
virchow2,36,1,17,CPH-C1322-A-3-1-HE.svs,1,2
virchow2,36,1,19,CPH-U4973-A-1-1-HE.svs,0,1
virchow2,36,2,0,E2024000193SA-1-1-H&E.svs,0,0
virchow2,36,2,1,E2024006448SA-2-1-H&E.svs,1,2
virchow2,36,2,2,E2024006582SA-1-1-H&E.svs,2,0
virchow2,36,2,11,E2026001028SA-1-1-H&E_UTC2026-01-12T10_56_56Z.svs,1,1
virchow2,36,3,8,E2025022969SA-1-1-H&E.svs,1,1
virchow2,36,3,13,E2024006805SA-1-1-H&E.svs,0,2
virchow2,36,3,15,E2024060786SA-1-1-H&E.svs,1,0
virchow2,36,3,16,E2026000723SA-1-1-H&E.svs,2,1
virchow2,36,4,3,E2024006929SA-2-1-H&E.svs,1,1
virchow2,36,4,9,E2025030673SA-1-1-H&E.svs,2,1
virchow2,36,4,12,E2024000551SA-1-306-H&E.svs,2,0
virchow2,36,4,14,E2024058799SA-4-2-H&E.svs,0,0
virchow2,36,5,4,E2024039719SA-5-1-H&E.svs,2,1
virchow2,36,5,5,E2024059593SA-1-1-H&E.svs,2,2
virchow2,36,5,10,E2026000962SA-1-1-H&E.svs,1,0
virchow2,36,5,18,CPH-I4751-A-1-1-HE.svs,0,2
virchow2,37,1,5,E2024059593SA-1-1-H&E.svs,2,0
virchow2,37,1,14,E2024058799SA-4-2-H&E.svs,0,0
virchow2,37,1,15,E2024060786SA-1-1-H&E.svs,1,0
virchow2,37,1,19,CPH-U4973-A-1-1-HE.svs,0,1
virchow2,37,2,2,E2024006582SA-1-1-H&E.svs,2,0
virchow2,37,2,7,E2025020264SA-1-1-H&E.svs,0,1
virchow2,37,2,8,E2025022969SA-1-1-H&E.svs,1,1
virchow2,37,2,17,CPH-C1322-A-3-1-HE.svs,1,2
virchow2,37,3,1,E2024006448SA-2-1-H&E.svs,1,0
virchow2,37,3,4,E2024039719SA-5-1-H&E.svs,2,0
virchow2,37,3,10,E2026000962SA-1-1-H&E.svs,1,2
virchow2,37,3,18,CPH-I4751-A-1-1-HE.svs,0,2
virchow2,37,4,0,E2024000193SA-1-1-H&E.svs,0,0
virchow2,37,4,3,E2024006929SA-2-1-H&E.svs,1,1
virchow2,37,4,6,E2024060606SA-1-1-H&E.svs,2,2
virchow2,37,4,9,E2025030673SA-1-1-H&E.svs,2,0
virchow2,37,5,11,E2026001028SA-1-1-H&E_UTC2026-01-12T10_56_56Z.svs,1,1
virchow2,37,5,12,E2024000551SA-1-306-H&E.svs,2,0
virchow2,37,5,13,E2024006805SA-1-1-H&E.svs,0,0
virchow2,37,5,16,E2026000723SA-1-1-H&E.svs,2,1
virchow2,38,1,6,E2024060606SA-1-1-H&E.svs,2,2
virchow2,38,1,7,E2025020264SA-1-1-H&E.svs,0,1
virchow2,38,1,17,CPH-C1322-A-3-1-HE.svs,1,2
virchow2,38,1,18,CPH-I4751-A-1-1-HE.svs,0,0
virchow2,38,2,1,E2024006448SA-2-1-H&E.svs,1,2
virchow2,38,2,2,E2024006582SA-1-1-H&E.svs,2,0
virchow2,38,2,3,E2024006929SA-2-1-H&E.svs,1,1
virchow2,38,2,14,E2024058799SA-4-2-H&E.svs,0,0
virchow2,38,3,0,E2024000193SA-1-1-H&E.svs,0,0
virchow2,38,3,10,E2026000962SA-1-1-H&E.svs,1,0
virchow2,38,3,11,E2026001028SA-1-1-H&E_UTC2026-01-12T10_56_56Z.svs,1,1
virchow2,38,3,12,E2024000551SA-1-306-H&E.svs,2,0
virchow2,38,4,5,E2024059593SA-1-1-H&E.svs,2,1
virchow2,38,4,8,E2025022969SA-1-1-H&E.svs,1,1
virchow2,38,4,16,E2026000723SA-1-1-H&E.svs,2,1
virchow2,38,4,19,CPH-U4973-A-1-1-HE.svs,0,1
virchow2,38,5,4,E2024039719SA-5-1-H&E.svs,2,1
virchow2,38,5,9,E2025030673SA-1-1-H&E.svs,2,0
virchow2,38,5,13,E2024006805SA-1-1-H&E.svs,0,2
virchow2,38,5,15,E2024060786SA-1-1-H&E.svs,1,0
virchow2,39,1,1,E2024006448SA-2-1-H&E.svs,1,0
virchow2,39,1,5,E2024059593SA-1-1-H&E.svs,2,2
virchow2,39,1,7,E2025020264SA-1-1-H&E.svs,0,1
virchow2,39,1,14,E2024058799SA-4-2-H&E.svs,0,0
virchow2,39,2,4,E2024039719SA-5-1-H&E.svs,2,1
virchow2,39,2,10,E2026000962SA-1-1-H&E.svs,1,2
virchow2,39,2,11,E2026001028SA-1-1-H&E_UTC2026-01-12T10_56_56Z.svs,1,1
virchow2,39,2,19,CPH-U4973-A-1-1-HE.svs,0,1
virchow2,39,3,8,E2025022969SA-1-1-H&E.svs,1,1
virchow2,39,3,9,E2025030673SA-1-1-H&E.svs,2,1
virchow2,39,3,15,E2024060786SA-1-1-H&E.svs,1,0
virchow2,39,3,18,CPH-I4751-A-1-1-HE.svs,0,0
virchow2,39,4,0,E2024000193SA-1-1-H&E.svs,0,0
virchow2,39,4,6,E2024060606SA-1-1-H&E.svs,2,2
virchow2,39,4,16,E2026000723SA-1-1-H&E.svs,2,2
virchow2,39,4,17,CPH-C1322-A-3-1-HE.svs,1,2
virchow2,39,5,2,E2024006582SA-1-1-H&E.svs,2,0
virchow2,39,5,3,E2024006929SA-2-1-H&E.svs,1,1
virchow2,39,5,12,E2024000551SA-1-306-H&E.svs,2,0
virchow2,39,5,13,E2024006805SA-1-1-H&E.svs,0,0
virchow2,40,1,0,E2024000193SA-1-1-H&E.svs,0,0
virchow2,40,1,4,E2024039719SA-5-1-H&E.svs,2,1
virchow2,40,1,13,E2024006805SA-1-1-H&E.svs,0,2
virchow2,40,1,17,CPH-C1322-A-3-1-HE.svs,1,2
virchow2,40,2,1,E2024006448SA-2-1-H&E.svs,1,2
virchow2,40,2,10,E2026000962SA-1-1-H&E.svs,1,1
virchow2,40,2,12,E2024000551SA-1-306-H&E.svs,2,0
virchow2,40,2,19,CPH-U4973-A-1-1-HE.svs,0,0
virchow2,40,3,6,E2024060606SA-1-1-H&E.svs,2,2
virchow2,40,3,8,E2025022969SA-1-1-H&E.svs,1,1
virchow2,40,3,14,E2024058799SA-4-2-H&E.svs,0,0
virchow2,40,3,15,E2024060786SA-1-1-H&E.svs,1,0
virchow2,40,4,5,E2024059593SA-1-1-H&E.svs,2,1
virchow2,40,4,9,E2025030673SA-1-1-H&E.svs,2,0
virchow2,40,4,11,E2026001028SA-1-1-H&E_UTC2026-01-12T10_56_56Z.svs,1,1
virchow2,40,4,18,CPH-I4751-A-1-1-HE.svs,0,0
virchow2,40,5,2,E2024006582SA-1-1-H&E.svs,2,0
virchow2,40,5,3,E2024006929SA-2-1-H&E.svs,1,1
virchow2,40,5,7,E2025020264SA-1-1-H&E.svs,0,1
virchow2,40,5,16,E2026000723SA-1-1-H&E.svs,2,2
virchow2,41,1,0,E2024000193SA-1-1-H&E.svs,0,0
virchow2,41,1,4,E2024039719SA-5-1-H&E.svs,2,1
virchow2,41,1,14,E2024058799SA-4-2-H&E.svs,0,2
virchow2,41,1,17,CPH-C1322-A-3-1-HE.svs,1,2
virchow2,41,2,3,E2024006929SA-2-1-H&E.svs,1,1
virchow2,41,2,5,E2024059593SA-1-1-H&E.svs,2,0
virchow2,41,2,15,E2024060786SA-1-1-H&E.svs,1,0
virchow2,41,2,19,CPH-U4973-A-1-1-HE.svs,0,1
virchow2,41,3,1,E2024006448SA-2-1-H&E.svs,1,0
virchow2,41,3,2,E2024006582SA-1-1-H&E.svs,2,0
virchow2,41,3,7,E2025020264SA-1-1-H&E.svs,0,1
virchow2,41,3,10,E2026000962SA-1-1-H&E.svs,1,1
virchow2,41,4,6,E2024060606SA-1-1-H&E.svs,2,2
virchow2,41,4,9,E2025030673SA-1-1-H&E.svs,2,0
virchow2,41,4,11,E2026001028SA-1-1-H&E_UTC2026-01-12T10_56_56Z.svs,1,1
virchow2,41,4,13,E2024006805SA-1-1-H&E.svs,0,2
virchow2,41,5,8,E2025022969SA-1-1-H&E.svs,1,1
virchow2,41,5,12,E2024000551SA-1-306-H&E.svs,2,0
virchow2,41,5,16,E2026000723SA-1-1-H&E.svs,2,1
virchow2,41,5,18,CPH-I4751-A-1-1-HE.svs,0,2
virchow2,42,1,7,E2025020264SA-1-1-H&E.svs,0,1
virchow2,42,1,8,E2025022969SA-1-1-H&E.svs,1,1
virchow2,42,1,9,E2025030673SA-1-1-H&E.svs,2,0
virchow2,42,1,19,CPH-U4973-A-1-1-HE.svs,0,1
virchow2,42,2,1,E2024006448SA-2-1-H&E.svs,1,0
virchow2,42,2,2,E2024006582SA-1-1-H&E.svs,2,2
virchow2,42,2,11,E2026001028SA-1-1-H&E_UTC2026-01-12T10_56_56Z.svs,1,1
virchow2,42,2,18,CPH-I4751-A-1-1-HE.svs,0,0
virchow2,42,3,6,E2024060606SA-1-1-H&E.svs,2,2
virchow2,42,3,10,E2026000962SA-1-1-H&E.svs,1,2
virchow2,42,3,13,E2024006805SA-1-1-H&E.svs,0,2
virchow2,42,3,17,CPH-C1322-A-3-1-HE.svs,1,2
virchow2,42,4,0,E2024000193SA-1-1-H&E.svs,0,0
virchow2,42,4,3,E2024006929SA-2-1-H&E.svs,1,1
virchow2,42,4,4,E2024039719SA-5-1-H&E.svs,2,1
virchow2,42,4,12,E2024000551SA-1-306-H&E.svs,2,0
virchow2,42,5,5,E2024059593SA-1-1-H&E.svs,2,0
virchow2,42,5,14,E2024058799SA-4-2-H&E.svs,0,2
virchow2,42,5,15,E2024060786SA-1-1-H&E.svs,1,0
virchow2,42,5,16,E2026000723SA-1-1-H&E.svs,2,1
virchow2,43,1,0,E2024000193SA-1-1-H&E.svs,0,0
virchow2,43,1,2,E2024006582SA-1-1-H&E.svs,2,0
virchow2,43,1,3,E2024006929SA-2-1-H&E.svs,1,1
virchow2,43,1,13,E2024006805SA-1-1-H&E.svs,0,2
virchow2,43,2,7,E2025020264SA-1-1-H&E.svs,0,2
virchow2,43,2,8,E2025022969SA-1-1-H&E.svs,1,1
virchow2,43,2,12,E2024000551SA-1-306-H&E.svs,2,0
virchow2,43,2,15,E2024060786SA-1-1-H&E.svs,1,1
virchow2,43,3,10,E2026000962SA-1-1-H&E.svs,1,2
virchow2,43,3,11,E2026001028SA-1-1-H&E_UTC2026-01-12T10_56_56Z.svs,1,1
virchow2,43,3,16,E2026000723SA-1-1-H&E.svs,2,2
virchow2,43,3,18,CPH-I4751-A-1-1-HE.svs,0,2
virchow2,43,4,1,E2024006448SA-2-1-H&E.svs,1,0
virchow2,43,4,4,E2024039719SA-5-1-H&E.svs,2,0
virchow2,43,4,5,E2024059593SA-1-1-H&E.svs,2,2
virchow2,43,4,19,CPH-U4973-A-1-1-HE.svs,0,0
virchow2,43,5,6,E2024060606SA-1-1-H&E.svs,2,2
virchow2,43,5,9,E2025030673SA-1-1-H&E.svs,2,0
virchow2,43,5,14,E2024058799SA-4-2-H&E.svs,0,0
virchow2,43,5,17,CPH-C1322-A-3-1-HE.svs,1,2
virchow2,44,1,8,E2025022969SA-1-1-H&E.svs,1,1
virchow2,44,1,13,E2024006805SA-1-1-H&E.svs,0,2
virchow2,44,1,14,E2024058799SA-4-2-H&E.svs,0,2
virchow2,44,1,16,E2026000723SA-1-1-H&E.svs,2,1
virchow2,44,2,3,E2024006929SA-2-1-H&E.svs,1,1
virchow2,44,2,5,E2024059593SA-1-1-H&E.svs,2,0
virchow2,44,2,15,E2024060786SA-1-1-H&E.svs,1,0
virchow2,44,2,19,CPH-U4973-A-1-1-HE.svs,0,1
virchow2,44,3,0,E2024000193SA-1-1-H&E.svs,0,0
virchow2,44,3,9,E2025030673SA-1-1-H&E.svs,2,0
virchow2,44,3,10,E2026000962SA-1-1-H&E.svs,1,2
virchow2,44,3,11,E2026001028SA-1-1-H&E_UTC2026-01-12T10_56_56Z.svs,1,1
virchow2,44,4,2,E2024006582SA-1-1-H&E.svs,2,2
virchow2,44,4,4,E2024039719SA-5-1-H&E.svs,2,1
virchow2,44,4,17,CPH-C1322-A-3-1-HE.svs,1,2
virchow2,44,4,18,CPH-I4751-A-1-1-HE.svs,0,0
virchow2,44,5,1,E2024006448SA-2-1-H&E.svs,1,0
virchow2,44,5,6,E2024060606SA-1-1-H&E.svs,2,2
virchow2,44,5,7,E2025020264SA-1-1-H&E.svs,0,1
virchow2,44,5,12,E2024000551SA-1-306-H&E.svs,2,0
virchow2,45,1,4,E2024039719SA-5-1-H&E.svs,2,1
virchow2,45,1,7,E2025020264SA-1-1-H&E.svs,0,1
virchow2,45,1,8,E2025022969SA-1-1-H&E.svs,1,1
virchow2,45,1,18,CPH-I4751-A-1-1-HE.svs,0,2
virchow2,45,2,0,E2024000193SA-1-1-H&E.svs,0,0
virchow2,45,2,1,E2024006448SA-2-1-H&E.svs,1,0
virchow2,45,2,5,E2024059593SA-1-1-H&E.svs,2,2
virchow2,45,2,11,E2026001028SA-1-1-H&E_UTC2026-01-12T10_56_56Z.svs,1,1
virchow2,45,3,2,E2024006582SA-1-1-H&E.svs,2,0
virchow2,45,3,10,E2026000962SA-1-1-H&E.svs,1,0
virchow2,45,3,17,CPH-C1322-A-3-1-HE.svs,1,2
virchow2,45,3,19,CPH-U4973-A-1-1-HE.svs,0,1
virchow2,45,4,6,E2024060606SA-1-1-H&E.svs,2,2
virchow2,45,4,14,E2024058799SA-4-2-H&E.svs,0,2
virchow2,45,4,15,E2024060786SA-1-1-H&E.svs,1,0
virchow2,45,4,16,E2026000723SA-1-1-H&E.svs,2,1
virchow2,45,5,3,E2024006929SA-2-1-H&E.svs,1,1
virchow2,45,5,9,E2025030673SA-1-1-H&E.svs,2,0
virchow2,45,5,12,E2024000551SA-1-306-H&E.svs,2,2
virchow2,45,5,13,E2024006805SA-1-1-H&E.svs,0,2
virchow2,46,1,0,E2024000193SA-1-1-H&E.svs,0,0
virchow2,46,1,12,E2024000551SA-1-306-H&E.svs,2,0
virchow2,46,1,14,E2024058799SA-4-2-H&E.svs,0,0
virchow2,46,1,15,E2024060786SA-1-1-H&E.svs,1,0
virchow2,46,2,6,E2024060606SA-1-1-H&E.svs,2,2
virchow2,46,2,10,E2026000962SA-1-1-H&E.svs,1,0
virchow2,46,2,11,E2026001028SA-1-1-H&E_UTC2026-01-12T10_56_56Z.svs,1,1
virchow2,46,2,19,CPH-U4973-A-1-1-HE.svs,0,1
virchow2,46,3,1,E2024006448SA-2-1-H&E.svs,1,0
virchow2,46,3,2,E2024006582SA-1-1-H&E.svs,2,2
virchow2,46,3,17,CPH-C1322-A-3-1-HE.svs,1,2
virchow2,46,3,18,CPH-I4751-A-1-1-HE.svs,0,0
virchow2,46,4,5,E2024059593SA-1-1-H&E.svs,2,1
virchow2,46,4,7,E2025020264SA-1-1-H&E.svs,0,1
virchow2,46,4,8,E2025022969SA-1-1-H&E.svs,1,1
virchow2,46,4,9,E2025030673SA-1-1-H&E.svs,2,0
virchow2,46,5,3,E2024006929SA-2-1-H&E.svs,1,1
virchow2,46,5,4,E2024039719SA-5-1-H&E.svs,2,1
virchow2,46,5,13,E2024006805SA-1-1-H&E.svs,0,2
virchow2,46,5,16,E2026000723SA-1-1-H&E.svs,2,2
virchow2,47,1,2,E2024006582SA-1-1-H&E.svs,2,0
virchow2,47,1,10,E2026000962SA-1-1-H&E.svs,1,0
virchow2,47,1,13,E2024006805SA-1-1-H&E.svs,0,0
virchow2,47,1,19,CPH-U4973-A-1-1-HE.svs,0,1
virchow2,47,2,3,E2024006929SA-2-1-H&E.svs,1,1
virchow2,47,2,8,E2025022969SA-1-1-H&E.svs,1,1
virchow2,47,2,12,E2024000551SA-1-306-H&E.svs,2,0
virchow2,47,2,18,CPH-I4751-A-1-1-HE.svs,0,2
virchow2,47,3,1,E2024006448SA-2-1-H&E.svs,1,0
virchow2,47,3,4,E2024039719SA-5-1-H&E.svs,2,0
virchow2,47,3,14,E2024058799SA-4-2-H&E.svs,0,0
virchow2,47,3,15,E2024060786SA-1-1-H&E.svs,1,0
virchow2,47,4,5,E2024059593SA-1-1-H&E.svs,2,1
virchow2,47,4,7,E2025020264SA-1-1-H&E.svs,0,1
virchow2,47,4,16,E2026000723SA-1-1-H&E.svs,2,1
virchow2,47,4,17,CPH-C1322-A-3-1-HE.svs,1,2
virchow2,47,5,0,E2024000193SA-1-1-H&E.svs,0,0
virchow2,47,5,6,E2024060606SA-1-1-H&E.svs,2,1
virchow2,47,5,9,E2025030673SA-1-1-H&E.svs,2,0
virchow2,47,5,11,E2026001028SA-1-1-H&E_UTC2026-01-12T10_56_56Z.svs,1,1
virchow2,48,1,6,E2024060606SA-1-1-H&E.svs,2,2
virchow2,48,1,7,E2025020264SA-1-1-H&E.svs,0,2
virchow2,48,1,14,E2024058799SA-4-2-H&E.svs,0,0
virchow2,48,1,15,E2024060786SA-1-1-H&E.svs,1,1
virchow2,48,2,1,E2024006448SA-2-1-H&E.svs,1,2
virchow2,48,2,3,E2024006929SA-2-1-H&E.svs,1,1
virchow2,48,2,5,E2024059593SA-1-1-H&E.svs,2,2
virchow2,48,2,13,E2024006805SA-1-1-H&E.svs,0,2
virchow2,48,3,2,E2024006582SA-1-1-H&E.svs,2,0
virchow2,48,3,8,E2025022969SA-1-1-H&E.svs,1,1
virchow2,48,3,10,E2026000962SA-1-1-H&E.svs,1,0
virchow2,48,3,19,CPH-U4973-A-1-1-HE.svs,0,1
virchow2,48,4,11,E2026001028SA-1-1-H&E_UTC2026-01-12T10_56_56Z.svs,1,1
virchow2,48,4,12,E2024000551SA-1-306-H&E.svs,2,0
virchow2,48,4,16,E2026000723SA-1-1-H&E.svs,2,1
virchow2,48,4,18,CPH-I4751-A-1-1-HE.svs,0,2
virchow2,48,5,0,E2024000193SA-1-1-H&E.svs,0,0
virchow2,48,5,4,E2024039719SA-5-1-H&E.svs,2,1
virchow2,48,5,9,E2025030673SA-1-1-H&E.svs,2,0
virchow2,48,5,17,CPH-C1322-A-3-1-HE.svs,1,2
virchow2,49,1,5,E2024059593SA-1-1-H&E.svs,2,2
virchow2,49,1,13,E2024006805SA-1-1-H&E.svs,0,2
virchow2,49,1,17,CPH-C1322-A-3-1-HE.svs,1,2
virchow2,49,1,18,CPH-I4751-A-1-1-HE.svs,0,0
virchow2,49,2,3,E2024006929SA-2-1-H&E.svs,1,1
virchow2,49,2,4,E2024039719SA-5-1-H&E.svs,2,1
virchow2,49,2,14,E2024058799SA-4-2-H&E.svs,0,0
virchow2,49,2,15,E2024060786SA-1-1-H&E.svs,1,0
virchow2,49,3,7,E2025020264SA-1-1-H&E.svs,0,1
virchow2,49,3,8,E2025022969SA-1-1-H&E.svs,1,1
virchow2,49,3,10,E2026000962SA-1-1-H&E.svs,1,2
virchow2,49,3,16,E2026000723SA-1-1-H&E.svs,2,1
virchow2,49,4,2,E2024006582SA-1-1-H&E.svs,2,0
virchow2,49,4,11,E2026001028SA-1-1-H&E_UTC2026-01-12T10_56_56Z.svs,1,1
virchow2,49,4,12,E2024000551SA-1-306-H&E.svs,2,0
virchow2,49,4,19,CPH-U4973-A-1-1-HE.svs,0,1
virchow2,49,5,0,E2024000193SA-1-1-H&E.svs,0,0
virchow2,49,5,1,E2024006448SA-2-1-H&E.svs,1,0
virchow2,49,5,6,E2024060606SA-1-1-H&E.svs,2,2
virchow2,49,5,9,E2025030673SA-1-1-H&E.svs,2,0
virchow2,50,1,8,E2025022969SA-1-1-H&E.svs,1,1
virchow2,50,1,9,E2025030673SA-1-1-H&E.svs,2,0
virchow2,50,1,18,CPH-I4751-A-1-1-HE.svs,0,0
virchow2,50,1,19,CPH-U4973-A-1-1-HE.svs,0,1
virchow2,50,2,4,E2024039719SA-5-1-H&E.svs,2,1
virchow2,50,2,11,E2026001028SA-1-1-H&E_UTC2026-01-12T10_56_56Z.svs,1,1
virchow2,50,2,13,E2024006805SA-1-1-H&E.svs,0,2
virchow2,50,2,17,CPH-C1322-A-3-1-HE.svs,1,2
virchow2,50,3,1,E2024006448SA-2-1-H&E.svs,1,2
virchow2,50,3,14,E2024058799SA-4-2-H&E.svs,0,2
virchow2,50,3,15,E2024060786SA-1-1-H&E.svs,1,0
virchow2,50,3,16,E2026000723SA-1-1-H&E.svs,2,2
virchow2,50,4,0,E2024000193SA-1-1-H&E.svs,0,0
virchow2,50,4,3,E2024006929SA-2-1-H&E.svs,1,1
virchow2,50,4,5,E2024059593SA-1-1-H&E.svs,2,1
virchow2,50,4,6,E2024060606SA-1-1-H&E.svs,2,2
virchow2,50,5,2,E2024006582SA-1-1-H&E.svs,2,0
virchow2,50,5,7,E2025020264SA-1-1-H&E.svs,0,1
virchow2,50,5,10,E2026000962SA-1-1-H&E.svs,1,0
virchow2,50,5,12,E2024000551SA-1-306-H&E.svs,2,0
dummy,1,1,0,E2024000193SA-1-1-H&E.svs,0,1
dummy,1,1,2,E2024006582SA-1-1-H&E.svs,2,1
dummy,1,1,3,E2024006929SA-2-1-H&E.svs,1,1
dummy,1,1,7,E2025020264SA-1-1-H&E.svs,0,1
dummy,1,2,4,E2024039719SA-5-1-H&E.svs,2,2
dummy,1,2,10,E2026000962SA-1-1-H&E.svs,1,2
dummy,1,2,11,E2026001028SA-1-1-H&E_UTC2026-01-12T10_56_56Z.svs,1,2
dummy,1,2,14,E2024058799SA-4-2-H&E.svs,0,2
dummy,1,3,8,E2025022969SA-1-1-H&E.svs,1,2
dummy,1,3,16,E2026000723SA-1-1-H&E.svs,2,2
dummy,1,3,17,CPH-C1322-A-3-1-HE.svs,1,2
dummy,1,3,19,CPH-U4973-A-1-1-HE.svs,0,2
dummy,1,4,1,E2024006448SA-2-1-H&E.svs,1,1
dummy,1,4,9,E2025030673SA-1-1-H&E.svs,2,1
dummy,1,4,12,E2024000551SA-1-306-H&E.svs,2,1
dummy,1,4,18,CPH-I4751-A-1-1-HE.svs,0,1
dummy,1,5,5,E2024059593SA-1-1-H&E.svs,2,1
dummy,1,5,6,E2024060606SA-1-1-H&E.svs,2,1
dummy,1,5,13,E2024006805SA-1-1-H&E.svs,0,1
dummy,1,5,15,E2024060786SA-1-1-H&E.svs,1,1
dummy,2,1,0,E2024000193SA-1-1-H&E.svs,0,1
dummy,2,1,9,E2025030673SA-1-1-H&E.svs,2,1
dummy,2,1,10,E2026000962SA-1-1-H&E.svs,1,1
dummy,2,1,18,CPH-I4751-A-1-1-HE.svs,0,1
dummy,2,2,2,E2024006582SA-1-1-H&E.svs,2,2
dummy,2,2,3,E2024006929SA-2-1-H&E.svs,1,2
dummy,2,2,7,E2025020264SA-1-1-H&E.svs,0,2
dummy,2,2,17,CPH-C1322-A-3-1-HE.svs,1,2
dummy,2,3,5,E2024059593SA-1-1-H&E.svs,2,2
dummy,2,3,11,E2026001028SA-1-1-H&E_UTC2026-01-12T10_56_56Z.svs,1,2
dummy,2,3,14,E2024058799SA-4-2-H&E.svs,0,2
dummy,2,3,15,E2024060786SA-1-1-H&E.svs,1,2
dummy,2,4,1,E2024006448SA-2-1-H&E.svs,1,1
dummy,2,4,12,E2024000551SA-1-306-H&E.svs,2,1
dummy,2,4,16,E2026000723SA-1-1-H&E.svs,2,1
dummy,2,4,19,CPH-U4973-A-1-1-HE.svs,0,1
dummy,2,5,4,E2024039719SA-5-1-H&E.svs,2,1
dummy,2,5,6,E2024060606SA-1-1-H&E.svs,2,1
dummy,2,5,8,E2025022969SA-1-1-H&E.svs,1,1
dummy,2,5,13,E2024006805SA-1-1-H&E.svs,0,1
dummy,3,1,0,E2024000193SA-1-1-H&E.svs,0,1
dummy,3,1,1,E2024006448SA-2-1-H&E.svs,1,1
dummy,3,1,16,E2026000723SA-1-1-H&E.svs,2,1
dummy,3,1,19,CPH-U4973-A-1-1-HE.svs,0,1
dummy,3,2,2,E2024006582SA-1-1-H&E.svs,2,2
dummy,3,2,3,E2024006929SA-2-1-H&E.svs,1,2
dummy,3,2,11,E2026001028SA-1-1-H&E_UTC2026-01-12T10_56_56Z.svs,1,2
dummy,3,2,13,E2024006805SA-1-1-H&E.svs,0,2
dummy,3,3,8,E2025022969SA-1-1-H&E.svs,1,2
dummy,3,3,10,E2026000962SA-1-1-H&E.svs,1,2
dummy,3,3,12,E2024000551SA-1-306-H&E.svs,2,2
dummy,3,3,18,CPH-I4751-A-1-1-HE.svs,0,2
dummy,3,4,5,E2024059593SA-1-1-H&E.svs,2,1
dummy,3,4,9,E2025030673SA-1-1-H&E.svs,2,1
dummy,3,4,14,E2024058799SA-4-2-H&E.svs,0,1
dummy,3,4,17,CPH-C1322-A-3-1-HE.svs,1,1
dummy,3,5,4,E2024039719SA-5-1-H&E.svs,2,1
dummy,3,5,6,E2024060606SA-1-1-H&E.svs,2,1
dummy,3,5,7,E2025020264SA-1-1-H&E.svs,0,1
dummy,3,5,15,E2024060786SA-1-1-H&E.svs,1,1
dummy,4,1,2,E2024006582SA-1-1-H&E.svs,2,1
dummy,4,1,10,E2026000962SA-1-1-H&E.svs,1,1
dummy,4,1,18,CPH-I4751-A-1-1-HE.svs,0,1
dummy,4,1,19,CPH-U4973-A-1-1-HE.svs,0,1
dummy,4,2,0,E2024000193SA-1-1-H&E.svs,0,2
dummy,4,2,1,E2024006448SA-2-1-H&E.svs,1,2
dummy,4,2,15,E2024060786SA-1-1-H&E.svs,1,2
dummy,4,2,16,E2026000723SA-1-1-H&E.svs,2,2
dummy,4,3,3,E2024006929SA-2-1-H&E.svs,1,2
dummy,4,3,6,E2024060606SA-1-1-H&E.svs,2,2
dummy,4,3,8,E2025022969SA-1-1-H&E.svs,1,2
dummy,4,3,14,E2024058799SA-4-2-H&E.svs,0,2
dummy,4,4,5,E2024059593SA-1-1-H&E.svs,2,1
dummy,4,4,7,E2025020264SA-1-1-H&E.svs,0,1
dummy,4,4,12,E2024000551SA-1-306-H&E.svs,2,1
dummy,4,4,17,CPH-C1322-A-3-1-HE.svs,1,1
dummy,4,5,4,E2024039719SA-5-1-H&E.svs,2,1
dummy,4,5,9,E2025030673SA-1-1-H&E.svs,2,1
dummy,4,5,11,E2026001028SA-1-1-H&E_UTC2026-01-12T10_56_56Z.svs,1,1
dummy,4,5,13,E2024006805SA-1-1-H&E.svs,0,1
dummy,5,1,1,E2024006448SA-2-1-H&E.svs,1,1
dummy,5,1,2,E2024006582SA-1-1-H&E.svs,2,1
dummy,5,1,13,E2024006805SA-1-1-H&E.svs,0,1
dummy,5,1,14,E2024058799SA-4-2-H&E.svs,0,1
dummy,5,2,3,E2024006929SA-2-1-H&E.svs,1,2
dummy,5,2,16,E2026000723SA-1-1-H&E.svs,2,2
dummy,5,2,17,CPH-C1322-A-3-1-HE.svs,1,2
dummy,5,2,18,CPH-I4751-A-1-1-HE.svs,0,2
dummy,5,3,6,E2024060606SA-1-1-H&E.svs,2,2
dummy,5,3,7,E2025020264SA-1-1-H&E.svs,0,2
dummy,5,3,10,E2026000962SA-1-1-H&E.svs,1,2
dummy,5,3,15,E2024060786SA-1-1-H&E.svs,1,2
dummy,5,4,8,E2025022969SA-1-1-H&E.svs,1,1
dummy,5,4,9,E2025030673SA-1-1-H&E.svs,2,1
dummy,5,4,12,E2024000551SA-1-306-H&E.svs,2,1
dummy,5,4,19,CPH-U4973-A-1-1-HE.svs,0,1
dummy,5,5,0,E2024000193SA-1-1-H&E.svs,0,1
dummy,5,5,4,E2024039719SA-5-1-H&E.svs,2,1
dummy,5,5,5,E2024059593SA-1-1-H&E.svs,2,1
dummy,5,5,11,E2026001028SA-1-1-H&E_UTC2026-01-12T10_56_56Z.svs,1,1
dummy,6,1,0,E2024000193SA-1-1-H&E.svs,0,1
dummy,6,1,5,E2024059593SA-1-1-H&E.svs,2,1
dummy,6,1,10,E2026000962SA-1-1-H&E.svs,1,1
dummy,6,1,18,CPH-I4751-A-1-1-HE.svs,0,1
dummy,6,2,3,E2024006929SA-2-1-H&E.svs,1,2
dummy,6,2,7,E2025020264SA-1-1-H&E.svs,0,2
dummy,6,2,8,E2025022969SA-1-1-H&E.svs,1,2
dummy,6,2,9,E2025030673SA-1-1-H&E.svs,2,2
dummy,6,3,1,E2024006448SA-2-1-H&E.svs,1,2
dummy,6,3,6,E2024060606SA-1-1-H&E.svs,2,2
dummy,6,3,11,E2026001028SA-1-1-H&E_UTC2026-01-12T10_56_56Z.svs,1,2
dummy,6,3,19,CPH-U4973-A-1-1-HE.svs,0,2
dummy,6,4,2,E2024006582SA-1-1-H&E.svs,2,1
dummy,6,4,14,E2024058799SA-4-2-H&E.svs,0,1
dummy,6,4,16,E2026000723SA-1-1-H&E.svs,2,1
dummy,6,4,17,CPH-C1322-A-3-1-HE.svs,1,1
dummy,6,5,4,E2024039719SA-5-1-H&E.svs,2,1
dummy,6,5,12,E2024000551SA-1-306-H&E.svs,2,1
dummy,6,5,13,E2024006805SA-1-1-H&E.svs,0,1
dummy,6,5,15,E2024060786SA-1-1-H&E.svs,1,1
dummy,7,1,11,E2026001028SA-1-1-H&E_UTC2026-01-12T10_56_56Z.svs,1,1
dummy,7,1,16,E2026000723SA-1-1-H&E.svs,2,1
dummy,7,1,18,CPH-I4751-A-1-1-HE.svs,0,1
dummy,7,1,19,CPH-U4973-A-1-1-HE.svs,0,1
dummy,7,2,1,E2024006448SA-2-1-H&E.svs,1,2
dummy,7,2,4,E2024039719SA-5-1-H&E.svs,2,2
dummy,7,2,7,E2025020264SA-1-1-H&E.svs,0,2
dummy,7,2,8,E2025022969SA-1-1-H&E.svs,1,2
dummy,7,3,3,E2024006929SA-2-1-H&E.svs,1,2
dummy,7,3,9,E2025030673SA-1-1-H&E.svs,2,2
dummy,7,3,14,E2024058799SA-4-2-H&E.svs,0,2
dummy,7,3,17,CPH-C1322-A-3-1-HE.svs,1,2
dummy,7,4,6,E2024060606SA-1-1-H&E.svs,2,1
dummy,7,4,10,E2026000962SA-1-1-H&E.svs,1,1
dummy,7,4,12,E2024000551SA-1-306-H&E.svs,2,1
dummy,7,4,13,E2024006805SA-1-1-H&E.svs,0,1
dummy,7,5,0,E2024000193SA-1-1-H&E.svs,0,1
dummy,7,5,2,E2024006582SA-1-1-H&E.svs,2,1
dummy,7,5,5,E2024059593SA-1-1-H&E.svs,2,1
dummy,7,5,15,E2024060786SA-1-1-H&E.svs,1,1
dummy,8,1,0,E2024000193SA-1-1-H&E.svs,0,1
dummy,8,1,9,E2025030673SA-1-1-H&E.svs,2,1
dummy,8,1,11,E2026001028SA-1-1-H&E_UTC2026-01-12T10_56_56Z.svs,1,1
dummy,8,1,14,E2024058799SA-4-2-H&E.svs,0,1
dummy,8,2,8,E2025022969SA-1-1-H&E.svs,1,2
dummy,8,2,12,E2024000551SA-1-306-H&E.svs,2,2
dummy,8,2,17,CPH-C1322-A-3-1-HE.svs,1,2
dummy,8,2,19,CPH-U4973-A-1-1-HE.svs,0,2
dummy,8,3,3,E2024006929SA-2-1-H&E.svs,1,2
dummy,8,3,5,E2024059593SA-1-1-H&E.svs,2,2
dummy,8,3,7,E2025020264SA-1-1-H&E.svs,0,2
dummy,8,3,10,E2026000962SA-1-1-H&E.svs,1,2
dummy,8,4,1,E2024006448SA-2-1-H&E.svs,1,1
dummy,8,4,4,E2024039719SA-5-1-H&E.svs,2,1
dummy,8,4,13,E2024006805SA-1-1-H&E.svs,0,1
dummy,8,4,16,E2026000723SA-1-1-H&E.svs,2,1
dummy,8,5,2,E2024006582SA-1-1-H&E.svs,2,1
dummy,8,5,6,E2024060606SA-1-1-H&E.svs,2,1
dummy,8,5,15,E2024060786SA-1-1-H&E.svs,1,1
dummy,8,5,18,CPH-I4751-A-1-1-HE.svs,0,1
dummy,9,1,7,E2025020264SA-1-1-H&E.svs,0,1
dummy,9,1,12,E2024000551SA-1-306-H&E.svs,2,1
dummy,9,1,13,E2024006805SA-1-1-H&E.svs,0,1
dummy,9,1,15,E2024060786SA-1-1-H&E.svs,1,1
dummy,9,2,3,E2024006929SA-2-1-H&E.svs,1,2
dummy,9,2,6,E2024060606SA-1-1-H&E.svs,2,2
dummy,9,2,14,E2024058799SA-4-2-H&E.svs,0,2
dummy,9,2,17,CPH-C1322-A-3-1-HE.svs,1,2
dummy,9,3,0,E2024000193SA-1-1-H&E.svs,0,2
dummy,9,3,1,E2024006448SA-2-1-H&E.svs,1,2
dummy,9,3,8,E2025022969SA-1-1-H&E.svs,1,2
dummy,9,3,16,E2026000723SA-1-1-H&E.svs,2,2
dummy,9,4,2,E2024006582SA-1-1-H&E.svs,2,1
dummy,9,4,9,E2025030673SA-1-1-H&E.svs,2,1
dummy,9,4,10,E2026000962SA-1-1-H&E.svs,1,1
dummy,9,4,18,CPH-I4751-A-1-1-HE.svs,0,1
dummy,9,5,4,E2024039719SA-5-1-H&E.svs,2,1
dummy,9,5,5,E2024059593SA-1-1-H&E.svs,2,1
dummy,9,5,11,E2026001028SA-1-1-H&E_UTC2026-01-12T10_56_56Z.svs,1,1
dummy,9,5,19,CPH-U4973-A-1-1-HE.svs,0,1
dummy,10,1,0,E2024000193SA-1-1-H&E.svs,0,1
dummy,10,1,10,E2026000962SA-1-1-H&E.svs,1,1
dummy,10,1,12,E2024000551SA-1-306-H&E.svs,2,1
dummy,10,1,14,E2024058799SA-4-2-H&E.svs,0,1
dummy,10,2,5,E2024059593SA-1-1-H&E.svs,2,2
dummy,10,2,8,E2025022969SA-1-1-H&E.svs,1,2
dummy,10,2,17,CPH-C1322-A-3-1-HE.svs,1,2
dummy,10,2,18,CPH-I4751-A-1-1-HE.svs,0,2
dummy,10,3,2,E2024006582SA-1-1-H&E.svs,2,2
dummy,10,3,3,E2024006929SA-2-1-H&E.svs,1,2
dummy,10,3,7,E2025020264SA-1-1-H&E.svs,0,2
dummy,10,3,11,E2026001028SA-1-1-H&E_UTC2026-01-12T10_56_56Z.svs,1,2
dummy,10,4,1,E2024006448SA-2-1-H&E.svs,1,1
dummy,10,4,4,E2024039719SA-5-1-H&E.svs,2,1
dummy,10,4,9,E2025030673SA-1-1-H&E.svs,2,1
dummy,10,4,13,E2024006805SA-1-1-H&E.svs,0,1
dummy,10,5,6,E2024060606SA-1-1-H&E.svs,2,1
dummy,10,5,15,E2024060786SA-1-1-H&E.svs,1,1
dummy,10,5,16,E2026000723SA-1-1-H&E.svs,2,1
dummy,10,5,19,CPH-U4973-A-1-1-HE.svs,0,1
dummy,11,1,1,E2024006448SA-2-1-H&E.svs,1,1
dummy,11,1,7,E2025020264SA-1-1-H&E.svs,0,1
dummy,11,1,9,E2025030673SA-1-1-H&E.svs,2,1
dummy,11,1,14,E2024058799SA-4-2-H&E.svs,0,1
dummy,11,2,5,E2024059593SA-1-1-H&E.svs,2,2
dummy,11,2,10,E2026000962SA-1-1-H&E.svs,1,2
dummy,11,2,15,E2024060786SA-1-1-H&E.svs,1,2
dummy,11,2,18,CPH-I4751-A-1-1-HE.svs,0,2
dummy,11,3,3,E2024006929SA-2-1-H&E.svs,1,2
dummy,11,3,4,E2024039719SA-5-1-H&E.svs,2,2
dummy,11,3,8,E2025022969SA-1-1-H&E.svs,1,2
dummy,11,3,13,E2024006805SA-1-1-H&E.svs,0,2
dummy,11,4,2,E2024006582SA-1-1-H&E.svs,2,1
dummy,11,4,11,E2026001028SA-1-1-H&E_UTC2026-01-12T10_56_56Z.svs,1,1
dummy,11,4,16,E2026000723SA-1-1-H&E.svs,2,1
dummy,11,4,19,CPH-U4973-A-1-1-HE.svs,0,1
dummy,11,5,0,E2024000193SA-1-1-H&E.svs,0,1
dummy,11,5,6,E2024060606SA-1-1-H&E.svs,2,1
dummy,11,5,12,E2024000551SA-1-306-H&E.svs,2,1
dummy,11,5,17,CPH-C1322-A-3-1-HE.svs,1,1
dummy,12,1,0,E2024000193SA-1-1-H&E.svs,0,1
dummy,12,1,10,E2026000962SA-1-1-H&E.svs,1,1
dummy,12,1,13,E2024006805SA-1-1-H&E.svs,0,1
dummy,12,1,16,E2026000723SA-1-1-H&E.svs,2,1
dummy,12,2,5,E2024059593SA-1-1-H&E.svs,2,2
dummy,12,2,7,E2025020264SA-1-1-H&E.svs,0,2
dummy,12,2,15,E2024060786SA-1-1-H&E.svs,1,2
dummy,12,2,17,CPH-C1322-A-3-1-HE.svs,1,2
dummy,12,3,1,E2024006448SA-2-1-H&E.svs,1,2
dummy,12,3,6,E2024060606SA-1-1-H&E.svs,2,2
dummy,12,3,11,E2026001028SA-1-1-H&E_UTC2026-01-12T10_56_56Z.svs,1,2
dummy,12,3,19,CPH-U4973-A-1-1-HE.svs,0,2
dummy,12,4,2,E2024006582SA-1-1-H&E.svs,2,1
dummy,12,4,3,E2024006929SA-2-1-H&E.svs,1,1
dummy,12,4,4,E2024039719SA-5-1-H&E.svs,2,1
dummy,12,4,14,E2024058799SA-4-2-H&E.svs,0,1
dummy,12,5,8,E2025022969SA-1-1-H&E.svs,1,1
dummy,12,5,9,E2025030673SA-1-1-H&E.svs,2,1
dummy,12,5,12,E2024000551SA-1-306-H&E.svs,2,1
dummy,12,5,18,CPH-I4751-A-1-1-HE.svs,0,1
dummy,13,1,0,E2024000193SA-1-1-H&E.svs,0,1
dummy,13,1,4,E2024039719SA-5-1-H&E.svs,2,1
dummy,13,1,11,E2026001028SA-1-1-H&E_UTC2026-01-12T10_56_56Z.svs,1,1
dummy,13,1,14,E2024058799SA-4-2-H&E.svs,0,1
dummy,13,2,10,E2026000962SA-1-1-H&E.svs,1,2
dummy,13,2,12,E2024000551SA-1-306-H&E.svs,2,2
dummy,13,2,13,E2024006805SA-1-1-H&E.svs,0,2
dummy,13,2,15,E2024060786SA-1-1-H&E.svs,1,2
dummy,13,3,1,E2024006448SA-2-1-H&E.svs,1,2
dummy,13,3,8,E2025022969SA-1-1-H&E.svs,1,2
dummy,13,3,16,E2026000723SA-1-1-H&E.svs,2,2
dummy,13,3,19,CPH-U4973-A-1-1-HE.svs,0,2
dummy,13,4,6,E2024060606SA-1-1-H&E.svs,2,1
dummy,13,4,9,E2025030673SA-1-1-H&E.svs,2,1
dummy,13,4,17,CPH-C1322-A-3-1-HE.svs,1,1
dummy,13,4,18,CPH-I4751-A-1-1-HE.svs,0,1
dummy,13,5,2,E2024006582SA-1-1-H&E.svs,2,1
dummy,13,5,3,E2024006929SA-2-1-H&E.svs,1,1
dummy,13,5,5,E2024059593SA-1-1-H&E.svs,2,1
dummy,13,5,7,E2025020264SA-1-1-H&E.svs,0,1
dummy,14,1,7,E2025020264SA-1-1-H&E.svs,0,1
dummy,14,1,9,E2025030673SA-1-1-H&E.svs,2,1
dummy,14,1,17,CPH-C1322-A-3-1-HE.svs,1,1
dummy,14,1,18,CPH-I4751-A-1-1-HE.svs,0,1
dummy,14,2,0,E2024000193SA-1-1-H&E.svs,0,2
dummy,14,2,1,E2024006448SA-2-1-H&E.svs,1,2
dummy,14,2,15,E2024060786SA-1-1-H&E.svs,1,2
dummy,14,2,16,E2026000723SA-1-1-H&E.svs,2,2
dummy,14,3,10,E2026000962SA-1-1-H&E.svs,1,2
dummy,14,3,11,E2026001028SA-1-1-H&E_UTC2026-01-12T10_56_56Z.svs,1,2
dummy,14,3,12,E2024000551SA-1-306-H&E.svs,2,2
dummy,14,3,14,E2024058799SA-4-2-H&E.svs,0,2
dummy,14,4,5,E2024059593SA-1-1-H&E.svs,2,1
dummy,14,4,6,E2024060606SA-1-1-H&E.svs,2,1
dummy,14,4,8,E2025022969SA-1-1-H&E.svs,1,1
dummy,14,4,13,E2024006805SA-1-1-H&E.svs,0,1
dummy,14,5,2,E2024006582SA-1-1-H&E.svs,2,1
dummy,14,5,3,E2024006929SA-2-1-H&E.svs,1,1
dummy,14,5,4,E2024039719SA-5-1-H&E.svs,2,1
dummy,14,5,19,CPH-U4973-A-1-1-HE.svs,0,1
dummy,15,1,6,E2024060606SA-1-1-H&E.svs,2,1
dummy,15,1,8,E2025022969SA-1-1-H&E.svs,1,1
dummy,15,1,13,E2024006805SA-1-1-H&E.svs,0,1
dummy,15,1,19,CPH-U4973-A-1-1-HE.svs,0,1
dummy,15,2,1,E2024006448SA-2-1-H&E.svs,1,2
dummy,15,2,3,E2024006929SA-2-1-H&E.svs,1,2
dummy,15,2,9,E2025030673SA-1-1-H&E.svs,2,2
dummy,15,2,18,CPH-I4751-A-1-1-HE.svs,0,2
dummy,15,3,0,E2024000193SA-1-1-H&E.svs,0,2
dummy,15,3,11,E2026001028SA-1-1-H&E_UTC2026-01-12T10_56_56Z.svs,1,2
dummy,15,3,16,E2026000723SA-1-1-H&E.svs,2,2
dummy,15,3,17,CPH-C1322-A-3-1-HE.svs,1,2
dummy,15,4,2,E2024006582SA-1-1-H&E.svs,2,1
dummy,15,4,5,E2024059593SA-1-1-H&E.svs,2,1
dummy,15,4,7,E2025020264SA-1-1-H&E.svs,0,1
dummy,15,4,15,E2024060786SA-1-1-H&E.svs,1,1
dummy,15,5,4,E2024039719SA-5-1-H&E.svs,2,1
dummy,15,5,10,E2026000962SA-1-1-H&E.svs,1,1
dummy,15,5,12,E2024000551SA-1-306-H&E.svs,2,1
dummy,15,5,14,E2024058799SA-4-2-H&E.svs,0,1
dummy,16,1,0,E2024000193SA-1-1-H&E.svs,0,1
dummy,16,1,7,E2025020264SA-1-1-H&E.svs,0,1
dummy,16,1,9,E2025030673SA-1-1-H&E.svs,2,1
dummy,16,1,15,E2024060786SA-1-1-H&E.svs,1,1
dummy,16,2,4,E2024039719SA-5-1-H&E.svs,2,2
dummy,16,2,8,E2025022969SA-1-1-H&E.svs,1,2
dummy,16,2,14,E2024058799SA-4-2-H&E.svs,0,2
dummy,16,2,17,CPH-C1322-A-3-1-HE.svs,1,2
dummy,16,3,10,E2026000962SA-1-1-H&E.svs,1,2
dummy,16,3,11,E2026001028SA-1-1-H&E_UTC2026-01-12T10_56_56Z.svs,1,2
dummy,16,3,12,E2024000551SA-1-306-H&E.svs,2,2
dummy,16,3,18,CPH-I4751-A-1-1-HE.svs,0,2
dummy,16,4,1,E2024006448SA-2-1-H&E.svs,1,1
dummy,16,4,2,E2024006582SA-1-1-H&E.svs,2,1
dummy,16,4,6,E2024060606SA-1-1-H&E.svs,2,1
dummy,16,4,13,E2024006805SA-1-1-H&E.svs,0,1
dummy,16,5,3,E2024006929SA-2-1-H&E.svs,1,1
dummy,16,5,5,E2024059593SA-1-1-H&E.svs,2,1
dummy,16,5,16,E2026000723SA-1-1-H&E.svs,2,1
dummy,16,5,19,CPH-U4973-A-1-1-HE.svs,0,1
dummy,17,1,0,E2024000193SA-1-1-H&E.svs,0,1
dummy,17,1,1,E2024006448SA-2-1-H&E.svs,1,1
dummy,17,1,7,E2025020264SA-1-1-H&E.svs,0,1
dummy,17,1,9,E2025030673SA-1-1-H&E.svs,2,1
dummy,17,2,4,E2024039719SA-5-1-H&E.svs,2,2
dummy,17,2,15,E2024060786SA-1-1-H&E.svs,1,2
dummy,17,2,17,CPH-C1322-A-3-1-HE.svs,1,2
dummy,17,2,18,CPH-I4751-A-1-1-HE.svs,0,2
dummy,17,3,5,E2024059593SA-1-1-H&E.svs,2,2
dummy,17,3,8,E2025022969SA-1-1-H&E.svs,1,2
dummy,17,3,10,E2026000962SA-1-1-H&E.svs,1,2
dummy,17,3,14,E2024058799SA-4-2-H&E.svs,0,2
dummy,17,4,3,E2024006929SA-2-1-H&E.svs,1,1
dummy,17,4,6,E2024060606SA-1-1-H&E.svs,2,1
dummy,17,4,12,E2024000551SA-1-306-H&E.svs,2,1
dummy,17,4,19,CPH-U4973-A-1-1-HE.svs,0,1
dummy,17,5,2,E2024006582SA-1-1-H&E.svs,2,1
dummy,17,5,11,E2026001028SA-1-1-H&E_UTC2026-01-12T10_56_56Z.svs,1,1
dummy,17,5,13,E2024006805SA-1-1-H&E.svs,0,1
dummy,17,5,16,E2026000723SA-1-1-H&E.svs,2,1
dummy,18,1,0,E2024000193SA-1-1-H&E.svs,0,1
dummy,18,1,1,E2024006448SA-2-1-H&E.svs,1,1
dummy,18,1,12,E2024000551SA-1-306-H&E.svs,2,1
dummy,18,1,19,CPH-U4973-A-1-1-HE.svs,0,1
dummy,18,2,10,E2026000962SA-1-1-H&E.svs,1,2
dummy,18,2,16,E2026000723SA-1-1-H&E.svs,2,2
dummy,18,2,17,CPH-C1322-A-3-1-HE.svs,1,2
dummy,18,2,18,CPH-I4751-A-1-1-HE.svs,0,2
dummy,18,3,2,E2024006582SA-1-1-H&E.svs,2,2
dummy,18,3,3,E2024006929SA-2-1-H&E.svs,1,2
dummy,18,3,8,E2025022969SA-1-1-H&E.svs,1,2
dummy,18,3,14,E2024058799SA-4-2-H&E.svs,0,2
dummy,18,4,6,E2024060606SA-1-1-H&E.svs,2,1
dummy,18,4,7,E2025020264SA-1-1-H&E.svs,0,1
dummy,18,4,9,E2025030673SA-1-1-H&E.svs,2,1
dummy,18,4,15,E2024060786SA-1-1-H&E.svs,1,1
dummy,18,5,4,E2024039719SA-5-1-H&E.svs,2,1
dummy,18,5,5,E2024059593SA-1-1-H&E.svs,2,1
dummy,18,5,11,E2026001028SA-1-1-H&E_UTC2026-01-12T10_56_56Z.svs,1,1
dummy,18,5,13,E2024006805SA-1-1-H&E.svs,0,1
dummy,19,1,7,E2025020264SA-1-1-H&E.svs,0,1
dummy,19,1,9,E2025030673SA-1-1-H&E.svs,2,1
dummy,19,1,15,E2024060786SA-1-1-H&E.svs,1,1
dummy,19,1,19,CPH-U4973-A-1-1-HE.svs,0,1
dummy,19,2,0,E2024000193SA-1-1-H&E.svs,0,2
dummy,19,2,2,E2024006582SA-1-1-H&E.svs,2,2
dummy,19,2,3,E2024006929SA-2-1-H&E.svs,1,2
dummy,19,2,17,CPH-C1322-A-3-1-HE.svs,1,2
dummy,19,3,1,E2024006448SA-2-1-H&E.svs,1,2
dummy,19,3,8,E2025022969SA-1-1-H&E.svs,1,2
dummy,19,3,16,E2026000723SA-1-1-H&E.svs,2,2
dummy,19,3,18,CPH-I4751-A-1-1-HE.svs,0,2
dummy,19,4,4,E2024039719SA-5-1-H&E.svs,2,1
dummy,19,4,11,E2026001028SA-1-1-H&E_UTC2026-01-12T10_56_56Z.svs,1,1
dummy,19,4,12,E2024000551SA-1-306-H&E.svs,2,1
dummy,19,4,13,E2024006805SA-1-1-H&E.svs,0,1
dummy,19,5,5,E2024059593SA-1-1-H&E.svs,2,1
dummy,19,5,6,E2024060606SA-1-1-H&E.svs,2,1
dummy,19,5,10,E2026000962SA-1-1-H&E.svs,1,1
dummy,19,5,14,E2024058799SA-4-2-H&E.svs,0,1
dummy,20,1,0,E2024000193SA-1-1-H&E.svs,0,1
dummy,20,1,2,E2024006582SA-1-1-H&E.svs,2,1
dummy,20,1,14,E2024058799SA-4-2-H&E.svs,0,1
dummy,20,1,15,E2024060786SA-1-1-H&E.svs,1,1
dummy,20,2,3,E2024006929SA-2-1-H&E.svs,1,2
dummy,20,2,11,E2026001028SA-1-1-H&E_UTC2026-01-12T10_56_56Z.svs,1,2
dummy,20,2,12,E2024000551SA-1-306-H&E.svs,2,2
dummy,20,2,13,E2024006805SA-1-1-H&E.svs,0,2
dummy,20,3,1,E2024006448SA-2-1-H&E.svs,1,2
dummy,20,3,5,E2024059593SA-1-1-H&E.svs,2,2
dummy,20,3,8,E2025022969SA-1-1-H&E.svs,1,2
dummy,20,3,19,CPH-U4973-A-1-1-HE.svs,0,2
dummy,20,4,4,E2024039719SA-5-1-H&E.svs,2,1
dummy,20,4,6,E2024060606SA-1-1-H&E.svs,2,1
dummy,20,4,7,E2025020264SA-1-1-H&E.svs,0,1
dummy,20,4,17,CPH-C1322-A-3-1-HE.svs,1,1
dummy,20,5,9,E2025030673SA-1-1-H&E.svs,2,1
dummy,20,5,10,E2026000962SA-1-1-H&E.svs,1,1
dummy,20,5,16,E2026000723SA-1-1-H&E.svs,2,1
dummy,20,5,18,CPH-I4751-A-1-1-HE.svs,0,1
dummy,21,1,7,E2025020264SA-1-1-H&E.svs,0,1
dummy,21,1,16,E2026000723SA-1-1-H&E.svs,2,1
dummy,21,1,17,CPH-C1322-A-3-1-HE.svs,1,1
dummy,21,1,18,CPH-I4751-A-1-1-HE.svs,0,1
dummy,21,2,0,E2024000193SA-1-1-H&E.svs,0,2
dummy,21,2,1,E2024006448SA-2-1-H&E.svs,1,2
dummy,21,2,4,E2024039719SA-5-1-H&E.svs,2,2
dummy,21,2,8,E2025022969SA-1-1-H&E.svs,1,2
dummy,21,3,6,E2024060606SA-1-1-H&E.svs,2,2
dummy,21,3,10,E2026000962SA-1-1-H&E.svs,1,2
dummy,21,3,11,E2026001028SA-1-1-H&E_UTC2026-01-12T10_56_56Z.svs,1,2
dummy,21,3,14,E2024058799SA-4-2-H&E.svs,0,2
dummy,21,4,5,E2024059593SA-1-1-H&E.svs,2,1
dummy,21,4,9,E2025030673SA-1-1-H&E.svs,2,1
dummy,21,4,15,E2024060786SA-1-1-H&E.svs,1,1
dummy,21,4,19,CPH-U4973-A-1-1-HE.svs,0,1
dummy,21,5,2,E2024006582SA-1-1-H&E.svs,2,1
dummy,21,5,3,E2024006929SA-2-1-H&E.svs,1,1
dummy,21,5,12,E2024000551SA-1-306-H&E.svs,2,1
dummy,21,5,13,E2024006805SA-1-1-H&E.svs,0,1
dummy,22,1,0,E2024000193SA-1-1-H&E.svs,0,1
dummy,22,1,10,E2026000962SA-1-1-H&E.svs,1,1
dummy,22,1,12,E2024000551SA-1-306-H&E.svs,2,1
dummy,22,1,13,E2024006805SA-1-1-H&E.svs,0,1
dummy,22,2,4,E2024039719SA-5-1-H&E.svs,2,2
dummy,22,2,11,E2026001028SA-1-1-H&E_UTC2026-01-12T10_56_56Z.svs,1,2
dummy,22,2,14,E2024058799SA-4-2-H&E.svs,0,2
dummy,22,2,17,CPH-C1322-A-3-1-HE.svs,1,2
dummy,22,3,2,E2024006582SA-1-1-H&E.svs,2,2
dummy,22,3,3,E2024006929SA-2-1-H&E.svs,1,2
dummy,22,3,7,E2025020264SA-1-1-H&E.svs,0,2
dummy,22,3,8,E2025022969SA-1-1-H&E.svs,1,2
dummy,22,4,1,E2024006448SA-2-1-H&E.svs,1,1
dummy,22,4,9,E2025030673SA-1-1-H&E.svs,2,1
dummy,22,4,16,E2026000723SA-1-1-H&E.svs,2,1
dummy,22,4,18,CPH-I4751-A-1-1-HE.svs,0,1
dummy,22,5,5,E2024059593SA-1-1-H&E.svs,2,1
dummy,22,5,6,E2024060606SA-1-1-H&E.svs,2,1
dummy,22,5,15,E2024060786SA-1-1-H&E.svs,1,1
dummy,22,5,19,CPH-U4973-A-1-1-HE.svs,0,1
dummy,23,1,5,E2024059593SA-1-1-H&E.svs,2,1
dummy,23,1,7,E2025020264SA-1-1-H&E.svs,0,1
dummy,23,1,13,E2024006805SA-1-1-H&E.svs,0,1
dummy,23,1,17,CPH-C1322-A-3-1-HE.svs,1,1
dummy,23,2,1,E2024006448SA-2-1-H&E.svs,1,2
dummy,23,2,2,E2024006582SA-1-1-H&E.svs,2,2
dummy,23,2,10,E2026000962SA-1-1-H&E.svs,1,2
dummy,23,2,19,CPH-U4973-A-1-1-HE.svs,0,2
dummy,23,3,3,E2024006929SA-2-1-H&E.svs,1,2
dummy,23,3,9,E2025030673SA-1-1-H&E.svs,2,2
dummy,23,3,15,E2024060786SA-1-1-H&E.svs,1,2
dummy,23,3,18,CPH-I4751-A-1-1-HE.svs,0,2
dummy,23,4,0,E2024000193SA-1-1-H&E.svs,0,1
dummy,23,4,6,E2024060606SA-1-1-H&E.svs,2,1
dummy,23,4,11,E2026001028SA-1-1-H&E_UTC2026-01-12T10_56_56Z.svs,1,1
dummy,23,4,16,E2026000723SA-1-1-H&E.svs,2,1
dummy,23,5,4,E2024039719SA-5-1-H&E.svs,2,1
dummy,23,5,8,E2025022969SA-1-1-H&E.svs,1,1
dummy,23,5,12,E2024000551SA-1-306-H&E.svs,2,1
dummy,23,5,14,E2024058799SA-4-2-H&E.svs,0,1
dummy,24,1,11,E2026001028SA-1-1-H&E_UTC2026-01-12T10_56_56Z.svs,1,1
dummy,24,1,12,E2024000551SA-1-306-H&E.svs,2,1
dummy,24,1,14,E2024058799SA-4-2-H&E.svs,0,1
dummy,24,1,18,CPH-I4751-A-1-1-HE.svs,0,1
dummy,24,2,1,E2024006448SA-2-1-H&E.svs,1,2
dummy,24,2,5,E2024059593SA-1-1-H&E.svs,2,2
dummy,24,2,7,E2025020264SA-1-1-H&E.svs,0,2
dummy,24,2,17,CPH-C1322-A-3-1-HE.svs,1,2
dummy,24,3,0,E2024000193SA-1-1-H&E.svs,0,2
dummy,24,3,3,E2024006929SA-2-1-H&E.svs,1,2
dummy,24,3,9,E2025030673SA-1-1-H&E.svs,2,2
dummy,24,3,15,E2024060786SA-1-1-H&E.svs,1,2
dummy,24,4,6,E2024060606SA-1-1-H&E.svs,2,1
dummy,24,4,10,E2026000962SA-1-1-H&E.svs,1,1
dummy,24,4,16,E2026000723SA-1-1-H&E.svs,2,1
dummy,24,4,19,CPH-U4973-A-1-1-HE.svs,0,1
dummy,24,5,2,E2024006582SA-1-1-H&E.svs,2,1
dummy,24,5,4,E2024039719SA-5-1-H&E.svs,2,1
dummy,24,5,8,E2025022969SA-1-1-H&E.svs,1,1
dummy,24,5,13,E2024006805SA-1-1-H&E.svs,0,1
dummy,25,1,0,E2024000193SA-1-1-H&E.svs,0,1
dummy,25,1,1,E2024006448SA-2-1-H&E.svs,1,1
dummy,25,1,9,E2025030673SA-1-1-H&E.svs,2,1
dummy,25,1,19,CPH-U4973-A-1-1-HE.svs,0,1
dummy,25,2,10,E2026000962SA-1-1-H&E.svs,1,2
dummy,25,2,14,E2024058799SA-4-2-H&E.svs,0,2
dummy,25,2,16,E2026000723SA-1-1-H&E.svs,2,2
dummy,25,2,17,CPH-C1322-A-3-1-HE.svs,1,2
dummy,25,3,3,E2024006929SA-2-1-H&E.svs,1,2
dummy,25,3,4,E2024039719SA-5-1-H&E.svs,2,2
dummy,25,3,7,E2025020264SA-1-1-H&E.svs,0,2
dummy,25,3,8,E2025022969SA-1-1-H&E.svs,1,2
dummy,25,4,5,E2024059593SA-1-1-H&E.svs,2,1
dummy,25,4,6,E2024060606SA-1-1-H&E.svs,2,1
dummy,25,4,13,E2024006805SA-1-1-H&E.svs,0,1
dummy,25,4,15,E2024060786SA-1-1-H&E.svs,1,1
dummy,25,5,2,E2024006582SA-1-1-H&E.svs,2,1
dummy,25,5,11,E2026001028SA-1-1-H&E_UTC2026-01-12T10_56_56Z.svs,1,1
dummy,25,5,12,E2024000551SA-1-306-H&E.svs,2,1
dummy,25,5,18,CPH-I4751-A-1-1-HE.svs,0,1
dummy,26,1,0,E2024000193SA-1-1-H&E.svs,0,1
dummy,26,1,11,E2026001028SA-1-1-H&E_UTC2026-01-12T10_56_56Z.svs,1,1
dummy,26,1,12,E2024000551SA-1-306-H&E.svs,2,1
dummy,26,1,14,E2024058799SA-4-2-H&E.svs,0,1
dummy,26,2,15,E2024060786SA-1-1-H&E.svs,1,2
dummy,26,2,16,E2026000723SA-1-1-H&E.svs,2,2
dummy,26,2,17,CPH-C1322-A-3-1-HE.svs,1,2
dummy,26,2,19,CPH-U4973-A-1-1-HE.svs,0,2
dummy,26,3,2,E2024006582SA-1-1-H&E.svs,2,2
dummy,26,3,7,E2025020264SA-1-1-H&E.svs,0,2
dummy,26,3,8,E2025022969SA-1-1-H&E.svs,1,2
dummy,26,3,10,E2026000962SA-1-1-H&E.svs,1,2
dummy,26,4,3,E2024006929SA-2-1-H&E.svs,1,1
dummy,26,4,5,E2024059593SA-1-1-H&E.svs,2,1
dummy,26,4,9,E2025030673SA-1-1-H&E.svs,2,1
dummy,26,4,18,CPH-I4751-A-1-1-HE.svs,0,1
dummy,26,5,1,E2024006448SA-2-1-H&E.svs,1,1
dummy,26,5,4,E2024039719SA-5-1-H&E.svs,2,1
dummy,26,5,6,E2024060606SA-1-1-H&E.svs,2,1
dummy,26,5,13,E2024006805SA-1-1-H&E.svs,0,1
dummy,27,1,0,E2024000193SA-1-1-H&E.svs,0,1
dummy,27,1,3,E2024006929SA-2-1-H&E.svs,1,1
dummy,27,1,7,E2025020264SA-1-1-H&E.svs,0,1
dummy,27,1,9,E2025030673SA-1-1-H&E.svs,2,1
dummy,27,2,6,E2024060606SA-1-1-H&E.svs,2,2
dummy,27,2,8,E2025022969SA-1-1-H&E.svs,1,2
dummy,27,2,14,E2024058799SA-4-2-H&E.svs,0,2
dummy,27,2,15,E2024060786SA-1-1-H&E.svs,1,2
dummy,27,3,1,E2024006448SA-2-1-H&E.svs,1,2
dummy,27,3,12,E2024000551SA-1-306-H&E.svs,2,2
dummy,27,3,17,CPH-C1322-A-3-1-HE.svs,1,2
dummy,27,3,18,CPH-I4751-A-1-1-HE.svs,0,2
dummy,27,4,2,E2024006582SA-1-1-H&E.svs,2,1
dummy,27,4,4,E2024039719SA-5-1-H&E.svs,2,1
dummy,27,4,11,E2026001028SA-1-1-H&E_UTC2026-01-12T10_56_56Z.svs,1,1
dummy,27,4,13,E2024006805SA-1-1-H&E.svs,0,1
dummy,27,5,5,E2024059593SA-1-1-H&E.svs,2,1
dummy,27,5,10,E2026000962SA-1-1-H&E.svs,1,1
dummy,27,5,16,E2026000723SA-1-1-H&E.svs,2,1
dummy,27,5,19,CPH-U4973-A-1-1-HE.svs,0,1
dummy,28,1,5,E2024059593SA-1-1-H&E.svs,2,1
dummy,28,1,7,E2025020264SA-1-1-H&E.svs,0,1
dummy,28,1,8,E2025022969SA-1-1-H&E.svs,1,1
dummy,28,1,18,CPH-I4751-A-1-1-HE.svs,0,1
dummy,28,2,0,E2024000193SA-1-1-H&E.svs,0,2
dummy,28,2,2,E2024006582SA-1-1-H&E.svs,2,2
dummy,28,2,11,E2026001028SA-1-1-H&E_UTC2026-01-12T10_56_56Z.svs,1,2
dummy,28,2,15,E2024060786SA-1-1-H&E.svs,1,2
dummy,28,3,3,E2024006929SA-2-1-H&E.svs,1,2
dummy,28,3,4,E2024039719SA-5-1-H&E.svs,2,2
dummy,28,3,13,E2024006805SA-1-1-H&E.svs,0,2
dummy,28,3,17,CPH-C1322-A-3-1-HE.svs,1,2
dummy,28,4,1,E2024006448SA-2-1-H&E.svs,1,1
dummy,28,4,12,E2024000551SA-1-306-H&E.svs,2,1
dummy,28,4,16,E2026000723SA-1-1-H&E.svs,2,1
dummy,28,4,19,CPH-U4973-A-1-1-HE.svs,0,1
dummy,28,5,6,E2024060606SA-1-1-H&E.svs,2,1
dummy,28,5,9,E2025030673SA-1-1-H&E.svs,2,1
dummy,28,5,10,E2026000962SA-1-1-H&E.svs,1,1
dummy,28,5,14,E2024058799SA-4-2-H&E.svs,0,1
dummy,29,1,1,E2024006448SA-2-1-H&E.svs,1,1
dummy,29,1,7,E2025020264SA-1-1-H&E.svs,0,1
dummy,29,1,12,E2024000551SA-1-306-H&E.svs,2,1
dummy,29,1,13,E2024006805SA-1-1-H&E.svs,0,1
dummy,29,2,0,E2024000193SA-1-1-H&E.svs,0,2
dummy,29,2,5,E2024059593SA-1-1-H&E.svs,2,2
dummy,29,2,10,E2026000962SA-1-1-H&E.svs,1,2
dummy,29,2,17,CPH-C1322-A-3-1-HE.svs,1,2
dummy,29,3,11,E2026001028SA-1-1-H&E_UTC2026-01-12T10_56_56Z.svs,1,2
dummy,29,3,15,E2024060786SA-1-1-H&E.svs,1,2
dummy,29,3,16,E2026000723SA-1-1-H&E.svs,2,2
dummy,29,3,19,CPH-U4973-A-1-1-HE.svs,0,2
dummy,29,4,2,E2024006582SA-1-1-H&E.svs,2,1
dummy,29,4,6,E2024060606SA-1-1-H&E.svs,2,1
dummy,29,4,8,E2025022969SA-1-1-H&E.svs,1,1
dummy,29,4,18,CPH-I4751-A-1-1-HE.svs,0,1
dummy,29,5,3,E2024006929SA-2-1-H&E.svs,1,1
dummy,29,5,4,E2024039719SA-5-1-H&E.svs,2,1
dummy,29,5,9,E2025030673SA-1-1-H&E.svs,2,1
dummy,29,5,14,E2024058799SA-4-2-H&E.svs,0,1
dummy,30,1,12,E2024000551SA-1-306-H&E.svs,2,1
dummy,30,1,13,E2024006805SA-1-1-H&E.svs,0,1
dummy,30,1,15,E2024060786SA-1-1-H&E.svs,1,1
dummy,30,1,19,CPH-U4973-A-1-1-HE.svs,0,1
dummy,30,2,0,E2024000193SA-1-1-H&E.svs,0,2
dummy,30,2,1,E2024006448SA-2-1-H&E.svs,1,2
dummy,30,2,3,E2024006929SA-2-1-H&E.svs,1,2
dummy,30,2,16,E2026000723SA-1-1-H&E.svs,2,2
dummy,30,3,4,E2024039719SA-5-1-H&E.svs,2,2
dummy,30,3,7,E2025020264SA-1-1-H&E.svs,0,2
dummy,30,3,8,E2025022969SA-1-1-H&E.svs,1,2
dummy,30,3,11,E2026001028SA-1-1-H&E_UTC2026-01-12T10_56_56Z.svs,1,2
dummy,30,4,5,E2024059593SA-1-1-H&E.svs,2,1
dummy,30,4,6,E2024060606SA-1-1-H&E.svs,2,1
dummy,30,4,10,E2026000962SA-1-1-H&E.svs,1,1
dummy,30,4,18,CPH-I4751-A-1-1-HE.svs,0,1
dummy,30,5,2,E2024006582SA-1-1-H&E.svs,2,1
dummy,30,5,9,E2025030673SA-1-1-H&E.svs,2,1
dummy,30,5,14,E2024058799SA-4-2-H&E.svs,0,1
dummy,30,5,17,CPH-C1322-A-3-1-HE.svs,1,1
dummy,31,1,1,E2024006448SA-2-1-H&E.svs,1,1
dummy,31,1,5,E2024059593SA-1-1-H&E.svs,2,1
dummy,31,1,7,E2025020264SA-1-1-H&E.svs,0,1
dummy,31,1,19,CPH-U4973-A-1-1-HE.svs,0,1
dummy,31,2,0,E2024000193SA-1-1-H&E.svs,0,2
dummy,31,2,3,E2024006929SA-2-1-H&E.svs,1,2
dummy,31,2,10,E2026000962SA-1-1-H&E.svs,1,2
dummy,31,2,16,E2026000723SA-1-1-H&E.svs,2,2
dummy,31,3,8,E2025022969SA-1-1-H&E.svs,1,2
dummy,31,3,12,E2024000551SA-1-306-H&E.svs,2,2
dummy,31,3,13,E2024006805SA-1-1-H&E.svs,0,2
dummy,31,3,17,CPH-C1322-A-3-1-HE.svs,1,2
dummy,31,4,2,E2024006582SA-1-1-H&E.svs,2,1
dummy,31,4,9,E2025030673SA-1-1-H&E.svs,2,1
dummy,31,4,11,E2026001028SA-1-1-H&E_UTC2026-01-12T10_56_56Z.svs,1,1
dummy,31,4,18,CPH-I4751-A-1-1-HE.svs,0,1
dummy,31,5,4,E2024039719SA-5-1-H&E.svs,2,1
dummy,31,5,6,E2024060606SA-1-1-H&E.svs,2,1
dummy,31,5,14,E2024058799SA-4-2-H&E.svs,0,1
dummy,31,5,15,E2024060786SA-1-1-H&E.svs,1,1
dummy,32,1,0,E2024000193SA-1-1-H&E.svs,0,1
dummy,32,1,9,E2025030673SA-1-1-H&E.svs,2,1
dummy,32,1,10,E2026000962SA-1-1-H&E.svs,1,1
dummy,32,1,14,E2024058799SA-4-2-H&E.svs,0,1
dummy,32,2,3,E2024006929SA-2-1-H&E.svs,1,2
dummy,32,2,6,E2024060606SA-1-1-H&E.svs,2,2
dummy,32,2,8,E2025022969SA-1-1-H&E.svs,1,2
dummy,32,2,13,E2024006805SA-1-1-H&E.svs,0,2
dummy,32,3,1,E2024006448SA-2-1-H&E.svs,1,2
dummy,32,3,2,E2024006582SA-1-1-H&E.svs,2,2
dummy,32,3,11,E2026001028SA-1-1-H&E_UTC2026-01-12T10_56_56Z.svs,1,2
dummy,32,3,18,CPH-I4751-A-1-1-HE.svs,0,2
dummy,32,4,7,E2025020264SA-1-1-H&E.svs,0,1
dummy,32,4,12,E2024000551SA-1-306-H&E.svs,2,1
dummy,32,4,16,E2026000723SA-1-1-H&E.svs,2,1
dummy,32,4,17,CPH-C1322-A-3-1-HE.svs,1,1
dummy,32,5,4,E2024039719SA-5-1-H&E.svs,2,1
dummy,32,5,5,E2024059593SA-1-1-H&E.svs,2,1
dummy,32,5,15,E2024060786SA-1-1-H&E.svs,1,1
dummy,32,5,19,CPH-U4973-A-1-1-HE.svs,0,1
dummy,33,1,1,E2024006448SA-2-1-H&E.svs,1,1
dummy,33,1,13,E2024006805SA-1-1-H&E.svs,0,1
dummy,33,1,16,E2026000723SA-1-1-H&E.svs,2,1
dummy,33,1,19,CPH-U4973-A-1-1-HE.svs,0,1
dummy,33,2,0,E2024000193SA-1-1-H&E.svs,0,2
dummy,33,2,4,E2024039719SA-5-1-H&E.svs,2,2
dummy,33,2,8,E2025022969SA-1-1-H&E.svs,1,2
dummy,33,2,17,CPH-C1322-A-3-1-HE.svs,1,2
dummy,33,3,5,E2024059593SA-1-1-H&E.svs,2,2
dummy,33,3,7,E2025020264SA-1-1-H&E.svs,0,2
dummy,33,3,10,E2026000962SA-1-1-H&E.svs,1,2
dummy,33,3,15,E2024060786SA-1-1-H&E.svs,1,2
dummy,33,4,3,E2024006929SA-2-1-H&E.svs,1,1
dummy,33,4,6,E2024060606SA-1-1-H&E.svs,2,1
dummy,33,4,12,E2024000551SA-1-306-H&E.svs,2,1
dummy,33,4,14,E2024058799SA-4-2-H&E.svs,0,1
dummy,33,5,2,E2024006582SA-1-1-H&E.svs,2,1
dummy,33,5,9,E2025030673SA-1-1-H&E.svs,2,1
dummy,33,5,11,E2026001028SA-1-1-H&E_UTC2026-01-12T10_56_56Z.svs,1,1
dummy,33,5,18,CPH-I4751-A-1-1-HE.svs,0,1
dummy,34,1,6,E2024060606SA-1-1-H&E.svs,2,1
dummy,34,1,7,E2025020264SA-1-1-H&E.svs,0,1
dummy,34,1,8,E2025022969SA-1-1-H&E.svs,1,1
dummy,34,1,19,CPH-U4973-A-1-1-HE.svs,0,1
dummy,34,2,2,E2024006582SA-1-1-H&E.svs,2,2
dummy,34,2,11,E2026001028SA-1-1-H&E_UTC2026-01-12T10_56_56Z.svs,1,2
dummy,34,2,13,E2024006805SA-1-1-H&E.svs,0,2
dummy,34,2,15,E2024060786SA-1-1-H&E.svs,1,2
dummy,34,3,3,E2024006929SA-2-1-H&E.svs,1,2
dummy,34,3,12,E2024000551SA-1-306-H&E.svs,2,2
dummy,34,3,17,CPH-C1322-A-3-1-HE.svs,1,2
dummy,34,3,18,CPH-I4751-A-1-1-HE.svs,0,2
dummy,34,4,1,E2024006448SA-2-1-H&E.svs,1,1
dummy,34,4,4,E2024039719SA-5-1-H&E.svs,2,1
dummy,34,4,14,E2024058799SA-4-2-H&E.svs,0,1
dummy,34,4,16,E2026000723SA-1-1-H&E.svs,2,1
dummy,34,5,0,E2024000193SA-1-1-H&E.svs,0,1
dummy,34,5,5,E2024059593SA-1-1-H&E.svs,2,1
dummy,34,5,9,E2025030673SA-1-1-H&E.svs,2,1
dummy,34,5,10,E2026000962SA-1-1-H&E.svs,1,1
dummy,35,1,10,E2026000962SA-1-1-H&E.svs,1,1
dummy,35,1,12,E2024000551SA-1-306-H&E.svs,2,1
dummy,35,1,18,CPH-I4751-A-1-1-HE.svs,0,1
dummy,35,1,19,CPH-U4973-A-1-1-HE.svs,0,1
dummy,35,2,8,E2025022969SA-1-1-H&E.svs,1,2
dummy,35,2,9,E2025030673SA-1-1-H&E.svs,2,2
dummy,35,2,11,E2026001028SA-1-1-H&E_UTC2026-01-12T10_56_56Z.svs,1,2
dummy,35,2,14,E2024058799SA-4-2-H&E.svs,0,2
dummy,35,3,3,E2024006929SA-2-1-H&E.svs,1,2
dummy,35,3,7,E2025020264SA-1-1-H&E.svs,0,2
dummy,35,3,16,E2026000723SA-1-1-H&E.svs,2,2
dummy,35,3,17,CPH-C1322-A-3-1-HE.svs,1,2
dummy,35,4,0,E2024000193SA-1-1-H&E.svs,0,1
dummy,35,4,4,E2024039719SA-5-1-H&E.svs,2,1
dummy,35,4,6,E2024060606SA-1-1-H&E.svs,2,1
dummy,35,4,15,E2024060786SA-1-1-H&E.svs,1,1
dummy,35,5,1,E2024006448SA-2-1-H&E.svs,1,1
dummy,35,5,2,E2024006582SA-1-1-H&E.svs,2,1
dummy,35,5,5,E2024059593SA-1-1-H&E.svs,2,1
dummy,35,5,13,E2024006805SA-1-1-H&E.svs,0,1
dummy,36,1,6,E2024060606SA-1-1-H&E.svs,2,1
dummy,36,1,7,E2025020264SA-1-1-H&E.svs,0,1
dummy,36,1,17,CPH-C1322-A-3-1-HE.svs,1,1
dummy,36,1,19,CPH-U4973-A-1-1-HE.svs,0,1
dummy,36,2,0,E2024000193SA-1-1-H&E.svs,0,2
dummy,36,2,1,E2024006448SA-2-1-H&E.svs,1,2
dummy,36,2,2,E2024006582SA-1-1-H&E.svs,2,2
dummy,36,2,11,E2026001028SA-1-1-H&E_UTC2026-01-12T10_56_56Z.svs,1,2
dummy,36,3,8,E2025022969SA-1-1-H&E.svs,1,2
dummy,36,3,13,E2024006805SA-1-1-H&E.svs,0,2
dummy,36,3,15,E2024060786SA-1-1-H&E.svs,1,2
dummy,36,3,16,E2026000723SA-1-1-H&E.svs,2,2
dummy,36,4,3,E2024006929SA-2-1-H&E.svs,1,1
dummy,36,4,9,E2025030673SA-1-1-H&E.svs,2,1
dummy,36,4,12,E2024000551SA-1-306-H&E.svs,2,1
dummy,36,4,14,E2024058799SA-4-2-H&E.svs,0,1
dummy,36,5,4,E2024039719SA-5-1-H&E.svs,2,1
dummy,36,5,5,E2024059593SA-1-1-H&E.svs,2,1
dummy,36,5,10,E2026000962SA-1-1-H&E.svs,1,1
dummy,36,5,18,CPH-I4751-A-1-1-HE.svs,0,1
dummy,37,1,5,E2024059593SA-1-1-H&E.svs,2,1
dummy,37,1,14,E2024058799SA-4-2-H&E.svs,0,1
dummy,37,1,15,E2024060786SA-1-1-H&E.svs,1,1
dummy,37,1,19,CPH-U4973-A-1-1-HE.svs,0,1
dummy,37,2,2,E2024006582SA-1-1-H&E.svs,2,2
dummy,37,2,7,E2025020264SA-1-1-H&E.svs,0,2
dummy,37,2,8,E2025022969SA-1-1-H&E.svs,1,2
dummy,37,2,17,CPH-C1322-A-3-1-HE.svs,1,2
dummy,37,3,1,E2024006448SA-2-1-H&E.svs,1,2
dummy,37,3,4,E2024039719SA-5-1-H&E.svs,2,2
dummy,37,3,10,E2026000962SA-1-1-H&E.svs,1,2
dummy,37,3,18,CPH-I4751-A-1-1-HE.svs,0,2
dummy,37,4,0,E2024000193SA-1-1-H&E.svs,0,1
dummy,37,4,3,E2024006929SA-2-1-H&E.svs,1,1
dummy,37,4,6,E2024060606SA-1-1-H&E.svs,2,1
dummy,37,4,9,E2025030673SA-1-1-H&E.svs,2,1
dummy,37,5,11,E2026001028SA-1-1-H&E_UTC2026-01-12T10_56_56Z.svs,1,1
dummy,37,5,12,E2024000551SA-1-306-H&E.svs,2,1
dummy,37,5,13,E2024006805SA-1-1-H&E.svs,0,1
dummy,37,5,16,E2026000723SA-1-1-H&E.svs,2,1
dummy,38,1,6,E2024060606SA-1-1-H&E.svs,2,1
dummy,38,1,7,E2025020264SA-1-1-H&E.svs,0,1
dummy,38,1,17,CPH-C1322-A-3-1-HE.svs,1,1
dummy,38,1,18,CPH-I4751-A-1-1-HE.svs,0,1
dummy,38,2,1,E2024006448SA-2-1-H&E.svs,1,2
dummy,38,2,2,E2024006582SA-1-1-H&E.svs,2,2
dummy,38,2,3,E2024006929SA-2-1-H&E.svs,1,2
dummy,38,2,14,E2024058799SA-4-2-H&E.svs,0,2
dummy,38,3,0,E2024000193SA-1-1-H&E.svs,0,2
dummy,38,3,10,E2026000962SA-1-1-H&E.svs,1,2
dummy,38,3,11,E2026001028SA-1-1-H&E_UTC2026-01-12T10_56_56Z.svs,1,2
dummy,38,3,12,E2024000551SA-1-306-H&E.svs,2,2
dummy,38,4,5,E2024059593SA-1-1-H&E.svs,2,1
dummy,38,4,8,E2025022969SA-1-1-H&E.svs,1,1
dummy,38,4,16,E2026000723SA-1-1-H&E.svs,2,1
dummy,38,4,19,CPH-U4973-A-1-1-HE.svs,0,1
dummy,38,5,4,E2024039719SA-5-1-H&E.svs,2,1
dummy,38,5,9,E2025030673SA-1-1-H&E.svs,2,1
dummy,38,5,13,E2024006805SA-1-1-H&E.svs,0,1
dummy,38,5,15,E2024060786SA-1-1-H&E.svs,1,1
dummy,39,1,1,E2024006448SA-2-1-H&E.svs,1,1
dummy,39,1,5,E2024059593SA-1-1-H&E.svs,2,1
dummy,39,1,7,E2025020264SA-1-1-H&E.svs,0,1
dummy,39,1,14,E2024058799SA-4-2-H&E.svs,0,1
dummy,39,2,4,E2024039719SA-5-1-H&E.svs,2,2
dummy,39,2,10,E2026000962SA-1-1-H&E.svs,1,2
dummy,39,2,11,E2026001028SA-1-1-H&E_UTC2026-01-12T10_56_56Z.svs,1,2
dummy,39,2,19,CPH-U4973-A-1-1-HE.svs,0,2
dummy,39,3,8,E2025022969SA-1-1-H&E.svs,1,2
dummy,39,3,9,E2025030673SA-1-1-H&E.svs,2,2
dummy,39,3,15,E2024060786SA-1-1-H&E.svs,1,2
dummy,39,3,18,CPH-I4751-A-1-1-HE.svs,0,2
dummy,39,4,0,E2024000193SA-1-1-H&E.svs,0,1
dummy,39,4,6,E2024060606SA-1-1-H&E.svs,2,1
dummy,39,4,16,E2026000723SA-1-1-H&E.svs,2,1
dummy,39,4,17,CPH-C1322-A-3-1-HE.svs,1,1
dummy,39,5,2,E2024006582SA-1-1-H&E.svs,2,1
dummy,39,5,3,E2024006929SA-2-1-H&E.svs,1,1
dummy,39,5,12,E2024000551SA-1-306-H&E.svs,2,1
dummy,39,5,13,E2024006805SA-1-1-H&E.svs,0,1
dummy,40,1,0,E2024000193SA-1-1-H&E.svs,0,1
dummy,40,1,4,E2024039719SA-5-1-H&E.svs,2,1
dummy,40,1,13,E2024006805SA-1-1-H&E.svs,0,1
dummy,40,1,17,CPH-C1322-A-3-1-HE.svs,1,1
dummy,40,2,1,E2024006448SA-2-1-H&E.svs,1,2
dummy,40,2,10,E2026000962SA-1-1-H&E.svs,1,2
dummy,40,2,12,E2024000551SA-1-306-H&E.svs,2,2
dummy,40,2,19,CPH-U4973-A-1-1-HE.svs,0,2
dummy,40,3,6,E2024060606SA-1-1-H&E.svs,2,2
dummy,40,3,8,E2025022969SA-1-1-H&E.svs,1,2
dummy,40,3,14,E2024058799SA-4-2-H&E.svs,0,2
dummy,40,3,15,E2024060786SA-1-1-H&E.svs,1,2
dummy,40,4,5,E2024059593SA-1-1-H&E.svs,2,1
dummy,40,4,9,E2025030673SA-1-1-H&E.svs,2,1
dummy,40,4,11,E2026001028SA-1-1-H&E_UTC2026-01-12T10_56_56Z.svs,1,1
dummy,40,4,18,CPH-I4751-A-1-1-HE.svs,0,1
dummy,40,5,2,E2024006582SA-1-1-H&E.svs,2,1
dummy,40,5,3,E2024006929SA-2-1-H&E.svs,1,1
dummy,40,5,7,E2025020264SA-1-1-H&E.svs,0,1
dummy,40,5,16,E2026000723SA-1-1-H&E.svs,2,1
dummy,41,1,0,E2024000193SA-1-1-H&E.svs,0,1
dummy,41,1,4,E2024039719SA-5-1-H&E.svs,2,1
dummy,41,1,14,E2024058799SA-4-2-H&E.svs,0,1
dummy,41,1,17,CPH-C1322-A-3-1-HE.svs,1,1
dummy,41,2,3,E2024006929SA-2-1-H&E.svs,1,2
dummy,41,2,5,E2024059593SA-1-1-H&E.svs,2,2
dummy,41,2,15,E2024060786SA-1-1-H&E.svs,1,2
dummy,41,2,19,CPH-U4973-A-1-1-HE.svs,0,2
dummy,41,3,1,E2024006448SA-2-1-H&E.svs,1,2
dummy,41,3,2,E2024006582SA-1-1-H&E.svs,2,2
dummy,41,3,7,E2025020264SA-1-1-H&E.svs,0,2
dummy,41,3,10,E2026000962SA-1-1-H&E.svs,1,2
dummy,41,4,6,E2024060606SA-1-1-H&E.svs,2,1
dummy,41,4,9,E2025030673SA-1-1-H&E.svs,2,1
dummy,41,4,11,E2026001028SA-1-1-H&E_UTC2026-01-12T10_56_56Z.svs,1,1
dummy,41,4,13,E2024006805SA-1-1-H&E.svs,0,1
dummy,41,5,8,E2025022969SA-1-1-H&E.svs,1,1
dummy,41,5,12,E2024000551SA-1-306-H&E.svs,2,1
dummy,41,5,16,E2026000723SA-1-1-H&E.svs,2,1
dummy,41,5,18,CPH-I4751-A-1-1-HE.svs,0,1
dummy,42,1,7,E2025020264SA-1-1-H&E.svs,0,1
dummy,42,1,8,E2025022969SA-1-1-H&E.svs,1,1
dummy,42,1,9,E2025030673SA-1-1-H&E.svs,2,1
dummy,42,1,19,CPH-U4973-A-1-1-HE.svs,0,1
dummy,42,2,1,E2024006448SA-2-1-H&E.svs,1,2
dummy,42,2,2,E2024006582SA-1-1-H&E.svs,2,2
dummy,42,2,11,E2026001028SA-1-1-H&E_UTC2026-01-12T10_56_56Z.svs,1,2
dummy,42,2,18,CPH-I4751-A-1-1-HE.svs,0,2
dummy,42,3,6,E2024060606SA-1-1-H&E.svs,2,2
dummy,42,3,10,E2026000962SA-1-1-H&E.svs,1,2
dummy,42,3,13,E2024006805SA-1-1-H&E.svs,0,2
dummy,42,3,17,CPH-C1322-A-3-1-HE.svs,1,2
dummy,42,4,0,E2024000193SA-1-1-H&E.svs,0,1
dummy,42,4,3,E2024006929SA-2-1-H&E.svs,1,1
dummy,42,4,4,E2024039719SA-5-1-H&E.svs,2,1
dummy,42,4,12,E2024000551SA-1-306-H&E.svs,2,1
dummy,42,5,5,E2024059593SA-1-1-H&E.svs,2,1
dummy,42,5,14,E2024058799SA-4-2-H&E.svs,0,1
dummy,42,5,15,E2024060786SA-1-1-H&E.svs,1,1
dummy,42,5,16,E2026000723SA-1-1-H&E.svs,2,1
dummy,43,1,0,E2024000193SA-1-1-H&E.svs,0,1
dummy,43,1,2,E2024006582SA-1-1-H&E.svs,2,1
dummy,43,1,3,E2024006929SA-2-1-H&E.svs,1,1
dummy,43,1,13,E2024006805SA-1-1-H&E.svs,0,1
dummy,43,2,7,E2025020264SA-1-1-H&E.svs,0,2
dummy,43,2,8,E2025022969SA-1-1-H&E.svs,1,2
dummy,43,2,12,E2024000551SA-1-306-H&E.svs,2,2
dummy,43,2,15,E2024060786SA-1-1-H&E.svs,1,2
dummy,43,3,10,E2026000962SA-1-1-H&E.svs,1,2
dummy,43,3,11,E2026001028SA-1-1-H&E_UTC2026-01-12T10_56_56Z.svs,1,2
dummy,43,3,16,E2026000723SA-1-1-H&E.svs,2,2
dummy,43,3,18,CPH-I4751-A-1-1-HE.svs,0,2
dummy,43,4,1,E2024006448SA-2-1-H&E.svs,1,1
dummy,43,4,4,E2024039719SA-5-1-H&E.svs,2,1
dummy,43,4,5,E2024059593SA-1-1-H&E.svs,2,1
dummy,43,4,19,CPH-U4973-A-1-1-HE.svs,0,1
dummy,43,5,6,E2024060606SA-1-1-H&E.svs,2,1
dummy,43,5,9,E2025030673SA-1-1-H&E.svs,2,1
dummy,43,5,14,E2024058799SA-4-2-H&E.svs,0,1
dummy,43,5,17,CPH-C1322-A-3-1-HE.svs,1,1
dummy,44,1,8,E2025022969SA-1-1-H&E.svs,1,1
dummy,44,1,13,E2024006805SA-1-1-H&E.svs,0,1
dummy,44,1,14,E2024058799SA-4-2-H&E.svs,0,1
dummy,44,1,16,E2026000723SA-1-1-H&E.svs,2,1
dummy,44,2,3,E2024006929SA-2-1-H&E.svs,1,2
dummy,44,2,5,E2024059593SA-1-1-H&E.svs,2,2
dummy,44,2,15,E2024060786SA-1-1-H&E.svs,1,2
dummy,44,2,19,CPH-U4973-A-1-1-HE.svs,0,2
dummy,44,3,0,E2024000193SA-1-1-H&E.svs,0,2
dummy,44,3,9,E2025030673SA-1-1-H&E.svs,2,2
dummy,44,3,10,E2026000962SA-1-1-H&E.svs,1,2
dummy,44,3,11,E2026001028SA-1-1-H&E_UTC2026-01-12T10_56_56Z.svs,1,2
dummy,44,4,2,E2024006582SA-1-1-H&E.svs,2,1
dummy,44,4,4,E2024039719SA-5-1-H&E.svs,2,1
dummy,44,4,17,CPH-C1322-A-3-1-HE.svs,1,1
dummy,44,4,18,CPH-I4751-A-1-1-HE.svs,0,1
dummy,44,5,1,E2024006448SA-2-1-H&E.svs,1,1
dummy,44,5,6,E2024060606SA-1-1-H&E.svs,2,1
dummy,44,5,7,E2025020264SA-1-1-H&E.svs,0,1
dummy,44,5,12,E2024000551SA-1-306-H&E.svs,2,1
dummy,45,1,4,E2024039719SA-5-1-H&E.svs,2,1
dummy,45,1,7,E2025020264SA-1-1-H&E.svs,0,1
dummy,45,1,8,E2025022969SA-1-1-H&E.svs,1,1
dummy,45,1,18,CPH-I4751-A-1-1-HE.svs,0,1
dummy,45,2,0,E2024000193SA-1-1-H&E.svs,0,2
dummy,45,2,1,E2024006448SA-2-1-H&E.svs,1,2
dummy,45,2,5,E2024059593SA-1-1-H&E.svs,2,2
dummy,45,2,11,E2026001028SA-1-1-H&E_UTC2026-01-12T10_56_56Z.svs,1,2
dummy,45,3,2,E2024006582SA-1-1-H&E.svs,2,2
dummy,45,3,10,E2026000962SA-1-1-H&E.svs,1,2
dummy,45,3,17,CPH-C1322-A-3-1-HE.svs,1,2
dummy,45,3,19,CPH-U4973-A-1-1-HE.svs,0,2
dummy,45,4,6,E2024060606SA-1-1-H&E.svs,2,1
dummy,45,4,14,E2024058799SA-4-2-H&E.svs,0,1
dummy,45,4,15,E2024060786SA-1-1-H&E.svs,1,1
dummy,45,4,16,E2026000723SA-1-1-H&E.svs,2,1
dummy,45,5,3,E2024006929SA-2-1-H&E.svs,1,1
dummy,45,5,9,E2025030673SA-1-1-H&E.svs,2,1
dummy,45,5,12,E2024000551SA-1-306-H&E.svs,2,1
dummy,45,5,13,E2024006805SA-1-1-H&E.svs,0,1
dummy,46,1,0,E2024000193SA-1-1-H&E.svs,0,1
dummy,46,1,12,E2024000551SA-1-306-H&E.svs,2,1
dummy,46,1,14,E2024058799SA-4-2-H&E.svs,0,1
dummy,46,1,15,E2024060786SA-1-1-H&E.svs,1,1
dummy,46,2,6,E2024060606SA-1-1-H&E.svs,2,2
dummy,46,2,10,E2026000962SA-1-1-H&E.svs,1,2
dummy,46,2,11,E2026001028SA-1-1-H&E_UTC2026-01-12T10_56_56Z.svs,1,2
dummy,46,2,19,CPH-U4973-A-1-1-HE.svs,0,2
dummy,46,3,1,E2024006448SA-2-1-H&E.svs,1,2
dummy,46,3,2,E2024006582SA-1-1-H&E.svs,2,2
dummy,46,3,17,CPH-C1322-A-3-1-HE.svs,1,2
dummy,46,3,18,CPH-I4751-A-1-1-HE.svs,0,2
dummy,46,4,5,E2024059593SA-1-1-H&E.svs,2,1
dummy,46,4,7,E2025020264SA-1-1-H&E.svs,0,1
dummy,46,4,8,E2025022969SA-1-1-H&E.svs,1,1
dummy,46,4,9,E2025030673SA-1-1-H&E.svs,2,1
dummy,46,5,3,E2024006929SA-2-1-H&E.svs,1,1
dummy,46,5,4,E2024039719SA-5-1-H&E.svs,2,1
dummy,46,5,13,E2024006805SA-1-1-H&E.svs,0,1
dummy,46,5,16,E2026000723SA-1-1-H&E.svs,2,1
dummy,47,1,2,E2024006582SA-1-1-H&E.svs,2,1
dummy,47,1,10,E2026000962SA-1-1-H&E.svs,1,1
dummy,47,1,13,E2024006805SA-1-1-H&E.svs,0,1
dummy,47,1,19,CPH-U4973-A-1-1-HE.svs,0,1
dummy,47,2,3,E2024006929SA-2-1-H&E.svs,1,2
dummy,47,2,8,E2025022969SA-1-1-H&E.svs,1,2
dummy,47,2,12,E2024000551SA-1-306-H&E.svs,2,2
dummy,47,2,18,CPH-I4751-A-1-1-HE.svs,0,2
dummy,47,3,1,E2024006448SA-2-1-H&E.svs,1,2
dummy,47,3,4,E2024039719SA-5-1-H&E.svs,2,2
dummy,47,3,14,E2024058799SA-4-2-H&E.svs,0,2
dummy,47,3,15,E2024060786SA-1-1-H&E.svs,1,2
dummy,47,4,5,E2024059593SA-1-1-H&E.svs,2,1
dummy,47,4,7,E2025020264SA-1-1-H&E.svs,0,1
dummy,47,4,16,E2026000723SA-1-1-H&E.svs,2,1
dummy,47,4,17,CPH-C1322-A-3-1-HE.svs,1,1
dummy,47,5,0,E2024000193SA-1-1-H&E.svs,0,1
dummy,47,5,6,E2024060606SA-1-1-H&E.svs,2,1
dummy,47,5,9,E2025030673SA-1-1-H&E.svs,2,1
dummy,47,5,11,E2026001028SA-1-1-H&E_UTC2026-01-12T10_56_56Z.svs,1,1
dummy,48,1,6,E2024060606SA-1-1-H&E.svs,2,1
dummy,48,1,7,E2025020264SA-1-1-H&E.svs,0,1
dummy,48,1,14,E2024058799SA-4-2-H&E.svs,0,1
dummy,48,1,15,E2024060786SA-1-1-H&E.svs,1,1
dummy,48,2,1,E2024006448SA-2-1-H&E.svs,1,2
dummy,48,2,3,E2024006929SA-2-1-H&E.svs,1,2
dummy,48,2,5,E2024059593SA-1-1-H&E.svs,2,2
dummy,48,2,13,E2024006805SA-1-1-H&E.svs,0,2
dummy,48,3,2,E2024006582SA-1-1-H&E.svs,2,2
dummy,48,3,8,E2025022969SA-1-1-H&E.svs,1,2
dummy,48,3,10,E2026000962SA-1-1-H&E.svs,1,2
dummy,48,3,19,CPH-U4973-A-1-1-HE.svs,0,2
dummy,48,4,11,E2026001028SA-1-1-H&E_UTC2026-01-12T10_56_56Z.svs,1,1
dummy,48,4,12,E2024000551SA-1-306-H&E.svs,2,1
dummy,48,4,16,E2026000723SA-1-1-H&E.svs,2,1
dummy,48,4,18,CPH-I4751-A-1-1-HE.svs,0,1
dummy,48,5,0,E2024000193SA-1-1-H&E.svs,0,1
dummy,48,5,4,E2024039719SA-5-1-H&E.svs,2,1
dummy,48,5,9,E2025030673SA-1-1-H&E.svs,2,1
dummy,48,5,17,CPH-C1322-A-3-1-HE.svs,1,1
dummy,49,1,5,E2024059593SA-1-1-H&E.svs,2,1
dummy,49,1,13,E2024006805SA-1-1-H&E.svs,0,1
dummy,49,1,17,CPH-C1322-A-3-1-HE.svs,1,1
dummy,49,1,18,CPH-I4751-A-1-1-HE.svs,0,1
dummy,49,2,3,E2024006929SA-2-1-H&E.svs,1,2
dummy,49,2,4,E2024039719SA-5-1-H&E.svs,2,2
dummy,49,2,14,E2024058799SA-4-2-H&E.svs,0,2
dummy,49,2,15,E2024060786SA-1-1-H&E.svs,1,2
dummy,49,3,7,E2025020264SA-1-1-H&E.svs,0,2
dummy,49,3,8,E2025022969SA-1-1-H&E.svs,1,2
dummy,49,3,10,E2026000962SA-1-1-H&E.svs,1,2
dummy,49,3,16,E2026000723SA-1-1-H&E.svs,2,2
dummy,49,4,2,E2024006582SA-1-1-H&E.svs,2,1
dummy,49,4,11,E2026001028SA-1-1-H&E_UTC2026-01-12T10_56_56Z.svs,1,1
dummy,49,4,12,E2024000551SA-1-306-H&E.svs,2,1
dummy,49,4,19,CPH-U4973-A-1-1-HE.svs,0,1
dummy,49,5,0,E2024000193SA-1-1-H&E.svs,0,1
dummy,49,5,1,E2024006448SA-2-1-H&E.svs,1,1
dummy,49,5,6,E2024060606SA-1-1-H&E.svs,2,1
dummy,49,5,9,E2025030673SA-1-1-H&E.svs,2,1
dummy,50,1,8,E2025022969SA-1-1-H&E.svs,1,1
dummy,50,1,9,E2025030673SA-1-1-H&E.svs,2,1
dummy,50,1,18,CPH-I4751-A-1-1-HE.svs,0,1
dummy,50,1,19,CPH-U4973-A-1-1-HE.svs,0,1
dummy,50,2,4,E2024039719SA-5-1-H&E.svs,2,2
dummy,50,2,11,E2026001028SA-1-1-H&E_UTC2026-01-12T10_56_56Z.svs,1,2
dummy,50,2,13,E2024006805SA-1-1-H&E.svs,0,2
dummy,50,2,17,CPH-C1322-A-3-1-HE.svs,1,2
dummy,50,3,1,E2024006448SA-2-1-H&E.svs,1,2
dummy,50,3,14,E2024058799SA-4-2-H&E.svs,0,2
dummy,50,3,15,E2024060786SA-1-1-H&E.svs,1,2
dummy,50,3,16,E2026000723SA-1-1-H&E.svs,2,2
dummy,50,4,0,E2024000193SA-1-1-H&E.svs,0,1
dummy,50,4,3,E2024006929SA-2-1-H&E.svs,1,1
dummy,50,4,5,E2024059593SA-1-1-H&E.svs,2,1
dummy,50,4,6,E2024060606SA-1-1-H&E.svs,2,1
dummy,50,5,2,E2024006582SA-1-1-H&E.svs,2,1
dummy,50,5,7,E2025020264SA-1-1-H&E.svs,0,1
dummy,50,5,10,E2026000962SA-1-1-H&E.svs,1,1
dummy,50,5,12,E2024000551SA-1-306-H&E.svs,2,1
