split,model,k,full,top_k
1,gigapath,20,0.5,0.5
1,gigapath,50,0.5,0.5
1,gigapath,100,0.5,0.5
1,gigapath,200,0.5,0.5
1,gigapath,500,0.5,0.5
1,gigapath,1000,0.5,0.5
1,uni2,20,0.5,0.5
1,uni2,50,0.5,0.8333333333333334
1,uni2,100,0.5,0.8333333333333334
1,uni2,200,0.5,0.5
1,uni2,500,0.5,0.5
1,uni2,1000,0.5,0.5
1,virchow2,20,0.5,0.5
1,virchow2,50,0.5,0.5
1,virchow2,100,0.5,0.5
1,virchow2,200,0.5,0.5
1,virchow2,500,0.5,0.5
1,virchow2,1000,0.5,0.5
2,gigapath,20,0.5,0.6666666666666666
2,gigapath,50,0.5,0.5
2,gigapath,100,0.5,0.16666666666666666
2,gigapath,200,0.5,0.16666666666666666
2,gigapath,500,0.5,0.5
2,gigapath,1000,0.5,0.5
2,uni2,20,0.0,0.6666666666666666
2,uni2,50,0.0,0.16666666666666666
2,uni2,100,0.0,0.5
2,uni2,200,0.0,0.16666666666666666
2,uni2,500,0.0,0.0
2,uni2,1000,0.0,0.0
2,virchow2,20,0.16666666666666666,0.6666666666666666
2,virchow2,50,0.16666666666666666,0.5
2,virchow2,100,0.16666666666666666,0.16666666666666666
2,virchow2,200,0.16666666666666666,0.16666666666666666
2,virchow2,500,0.16666666666666666,0.16666666666666666
2,virchow2,1000,0.16666666666666666,0.16666666666666666
3,gigapath,20,0.16666666666666666,0.8333333333333334
3,gigapath,50,0.16666666666666666,0.5
3,gigapath,100,0.16666666666666666,0.5
3,gigapath,200,0.16666666666666666,0.5
3,gigapath,500,0.16666666666666666,0.5
3,gigapath,1000,0.16666666666666666,0.5
3,uni2,20,0.8333333333333334,0.3333333333333333
3,uni2,50,0.8333333333333334,0.6666666666666666
3,uni2,100,0.8333333333333334,0.8333333333333334
3,uni2,200,0.8333333333333334,0.8333333333333334
3,uni2,500,0.8333333333333334,0.8333333333333334
3,uni2,1000,0.8333333333333334,0.8333333333333334
3,virchow2,20,0.5,0.5
3,virchow2,50,0.5,0.5
3,virchow2,100,0.5,0.8333333333333334
3,virchow2,200,0.5,0.5
3,virchow2,500,0.5,0.5
3,virchow2,1000,0.5,0.5
4,gigapath,20,0.3333333333333333,0.3333333333333333
4,gigapath,50,0.3333333333333333,0.5
4,gigapath,100,0.3333333333333333,0.3333333333333333
4,gigapath,200,0.3333333333333333,0.3333333333333333
4,gigapath,500,0.3333333333333333,0.3333333333333333
4,gigapath,1000,0.3333333333333333,0.3333333333333333
4,uni2,20,0.3333333333333333,0.3333333333333333
4,uni2,50,0.3333333333333333,0.3333333333333333
4,uni2,100,0.3333333333333333,0.3333333333333333
4,uni2,200,0.3333333333333333,0.3333333333333333
4,uni2,500,0.3333333333333333,0.3333333333333333
4,uni2,1000,0.3333333333333333,0.3333333333333333
4,virchow2,20,0.3333333333333333,0.0
4,virchow2,50,0.3333333333333333,0.0
4,virchow2,100,0.3333333333333333,0.0
4,virchow2,200,0.3333333333333333,0.0
4,virchow2,500,0.3333333333333333,0.0
4,virchow2,1000,0.3333333333333333,0.3333333333333333
5,gigapath,20,0.5,0.8333333333333334
5,gigapath,50,0.5,0.16666666666666666
5,gigapath,100,0.5,0.5
5,gigapath,200,0.5,0.5
5,gigapath,500,0.5,0.5
5,gigapath,1000,0.5,0.5
5,uni2,20,0.5,0.5
5,uni2,50,0.5,0.8333333333333334
5,uni2,100,0.5,0.8333333333333334
5,uni2,200,0.5,0.5
5,uni2,500,0.5,0.5
5,uni2,1000,0.5,0.5
5,virchow2,20,0.16666666666666666,0.5
5,virchow2,50,0.16666666666666666,0.0
5,virchow2,100,0.16666666666666666,0.0
5,virchow2,200,0.16666666666666666,0.16666666666666666
5,virchow2,500,0.16666666666666666,0.16666666666666666
5,virchow2,1000,0.16666666666666666,0.16666666666666666
6,gigapath,20,0.3333333333333333,0.16666666666666666
6,gigapath,50,0.3333333333333333,0.3333333333333333
6,gigapath,100,0.3333333333333333,0.3333333333333333
6,gigapath,200,0.3333333333333333,0.3333333333333333
6,gigapath,500,0.3333333333333333,0.3333333333333333
6,gigapath,1000,0.3333333333333333,0.3333333333333333
6,uni2,20,0.3333333333333333,0.16666666666666666
6,uni2,50,0.3333333333333333,0.3333333333333333
6,uni2,100,0.3333333333333333,0.3333333333333333
6,uni2,200,0.3333333333333333,0.3333333333333333
6,uni2,500,0.3333333333333333,0.3333333333333333
6,uni2,1000,0.3333333333333333,0.3333333333333333
6,virchow2,20,0.16666666666666666,0.16666666666666666
6,virchow2,50,0.16666666666666666,0.16666666666666666
6,virchow2,100,0.16666666666666666,0.16666666666666666
6,virchow2,200,0.16666666666666666,0.16666666666666666
6,virchow2,500,0.16666666666666666,0.16666666666666666
6,virchow2,1000,0.16666666666666666,0.16666666666666666
7,gigapath,20,0.16666666666666666,0.6666666666666666
7,gigapath,50,0.16666666666666666,0.16666666666666666
7,gigapath,100,0.16666666666666666,0.16666666666666666
7,gigapath,200,0.16666666666666666,0.16666666666666666
7,gigapath,500,0.16666666666666666,0.16666666666666666
7,gigapath,1000,0.16666666666666666,0.16666666666666666
7,uni2,20,0.5,0.0
7,uni2,50,0.5,0.5
7,uni2,100,0.5,0.5
7,uni2,200,0.5,0.5
7,uni2,500,0.5,0.5
7,uni2,1000,0.5,0.5
7,virchow2,20,0.16666666666666666,0.16666666666666666
7,virchow2,50,0.16666666666666666,0.16666666666666666
7,virchow2,100,0.16666666666666666,0.16666666666666666
7,virchow2,200,0.16666666666666666,0.16666666666666666
7,virchow2,500,0.16666666666666666,0.16666666666666666
7,virchow2,1000,0.16666666666666666,0.16666666666666666
8,gigapath,20,0.5,0.3333333333333333
8,gigapath,50,0.5,0.3333333333333333
8,gigapath,100,0.5,0.3333333333333333
8,gigapath,200,0.5,0.3333333333333333
8,gigapath,500,0.5,0.16666666666666666
8,gigapath,1000,0.5,0.16666666666666666
8,uni2,20,0.6666666666666666,0.5
8,uni2,50,0.6666666666666666,0.6666666666666666
8,uni2,100,0.6666666666666666,0.6666666666666666
8,uni2,200,0.6666666666666666,0.6666666666666666
8,uni2,500,0.6666666666666666,0.6666666666666666
8,uni2,1000,0.6666666666666666,0.6666666666666666
8,virchow2,20,0.5,0.16666666666666666
8,virchow2,50,0.5,0.16666666666666666
8,virchow2,100,0.5,0.16666666666666666
8,virchow2,200,0.5,0.5
8,virchow2,500,0.5,0.5
8,virchow2,1000,0.5,0.5
9,gigapath,20,0.0,0.0
9,gigapath,50,0.0,0.0
9,gigapath,100,0.0,0.0
9,gigapath,200,0.0,0.0
9,gigapath,500,0.0,0.0
9,gigapath,1000,0.0,0.0
9,uni2,20,0.5,0.5
9,uni2,50,0.5,0.5
9,uni2,100,0.5,0.5
9,uni2,200,0.5,0.5
9,uni2,500,0.5,0.5
9,uni2,1000,0.5,0.5
9,virchow2,20,0.0,0.3333333333333333
9,virchow2,50,0.0,0.3333333333333333
9,virchow2,100,0.0,0.0
9,virchow2,200,0.0,0.16666666666666666
9,virchow2,500,0.0,0.3333333333333333
9,virchow2,1000,0.0,0.3333333333333333
10,gigapath,20,0.8333333333333334,0.5
10,gigapath,50,0.8333333333333334,0.5
10,gigapath,100,0.8333333333333334,0.6666666666666666
10,gigapath,200,0.8333333333333334,0.5
10,gigapath,500,0.8333333333333334,0.8333333333333334
10,gigapath,1000,0.8333333333333334,0.8333333333333334
10,uni2,20,0.6666666666666666,0.16666666666666666
10,uni2,50,0.6666666666666666,0.6666666666666666
10,uni2,100,0.6666666666666666,1.0
10,uni2,200,0.6666666666666666,0.6666666666666666
10,uni2,500,0.6666666666666666,0.6666666666666666
10,uni2,1000,0.6666666666666666,0.6666666666666666
10,virchow2,20,0.8333333333333334,0.5
10,virchow2,50,0.8333333333333334,0.5
10,virchow2,100,0.8333333333333334,0.5
10,virchow2,200,0.8333333333333334,0.5
10,virchow2,500,0.8333333333333334,0.5
10,virchow2,1000,0.8333333333333334,0.5
11,gigapath,20,0.3333333333333333,0.16666666666666666
11,gigapath,50,0.3333333333333333,0.16666666666666666
11,gigapath,100,0.3333333333333333,0.3333333333333333
11,gigapath,200,0.3333333333333333,0.5
11,gigapath,500,0.3333333333333333,0.6666666666666666
11,gigapath,1000,0.3333333333333333,0.3333333333333333
11,uni2,20,0.6666666666666666,0.5
11,uni2,50,0.6666666666666666,0.6666666666666666
11,uni2,100,0.6666666666666666,0.6666666666666666
11,uni2,200,0.6666666666666666,0.6666666666666666
11,uni2,500,0.6666666666666666,0.6666666666666666
11,uni2,1000,0.6666666666666666,0.6666666666666666
11,virchow2,20,0.6666666666666666,0.5
11,virchow2,50,0.6666666666666666,0.5
11,virchow2,100,0.6666666666666666,0.16666666666666666
11,virchow2,200,0.6666666666666666,0.6666666666666666
11,virchow2,500,0.6666666666666666,0.6666666666666666
11,virchow2,1000,0.6666666666666666,0.6666666666666666
12,gigapath,20,0.6666666666666666,0.3333333333333333
12,gigapath,50,0.6666666666666666,0.3333333333333333
12,gigapath,100,0.6666666666666666,0.3333333333333333
12,gigapath,200,0.6666666666666666,0.3333333333333333
12,gigapath,500,0.6666666666666666,0.6666666666666666
12,gigapath,1000,0.6666666666666666,0.6666666666666666
12,uni2,20,0.5,0.3333333333333333
12,uni2,50,0.5,0.16666666666666666
12,uni2,100,0.5,0.16666666666666666
12,uni2,200,0.5,0.5
12,uni2,500,0.5,0.5
12,uni2,1000,0.5,0.5
12,virchow2,20,0.6666666666666666,0.6666666666666666
12,virchow2,50,0.6666666666666666,0.6666666666666666
12,virchow2,100,0.6666666666666666,0.6666666666666666
12,virchow2,200,0.6666666666666666,0.3333333333333333
12,virchow2,500,0.6666666666666666,0.6666666666666666
12,virchow2,1000,0.6666666666666666,0.3333333333333333
13,gigapath,20,0.5,0.5
13,gigapath,50,0.5,0.8333333333333334
13,gigapath,100,0.5,0.5
13,gigapath,200,0.5,0.5
13,gigapath,500,0.5,0.6666666666666666
13,gigapath,1000,0.5,0.5
13,uni2,20,0.5,0.3333333333333333
13,uni2,50,0.5,0.5
13,uni2,100,0.5,0.5
13,uni2,200,0.5,0.5
13,uni2,500,0.5,0.5
13,uni2,1000,0.5,0.5
13,virchow2,20,0.16666666666666666,0.6666666666666666
13,virchow2,50,0.16666666666666666,0.16666666666666666
13,virchow2,100,0.16666666666666666,0.16666666666666666
13,virchow2,200,0.16666666666666666,0.16666666666666666
13,virchow2,500,0.16666666666666666,0.16666666666666666
13,virchow2,1000,0.16666666666666666,0.16666666666666666
14,gigapath,20,0.5,0.5
14,gigapath,50,0.5,0.3333333333333333
14,gigapath,100,0.5,0.3333333333333333
14,gigapath,200,0.5,0.5
14,gigapath,500,0.5,0.5
14,gigapath,1000,0.5,0.5
14,uni2,20,0.5,0.5
14,uni2,50,0.5,0.5
14,uni2,100,0.5,0.5
14,uni2,200,0.5,0.5
14,uni2,500,0.5,0.5
14,uni2,1000,0.5,0.5
14,virchow2,20,0.5,0.3333333333333333
14,virchow2,50,0.5,0.3333333333333333
14,virchow2,100,0.5,0.3333333333333333
14,virchow2,200,0.5,0.3333333333333333
14,virchow2,500,0.5,0.3333333333333333
14,virchow2,1000,0.5,0.3333333333333333
15,gigapath,20,0.5,0.3333333333333333
15,gigapath,50,0.5,0.5
15,gigapath,100,0.5,0.5
15,gigapath,200,0.5,0.5
15,gigapath,500,0.5,0.5
15,gigapath,1000,0.5,0.5
15,uni2,20,0.5,0.5
15,uni2,50,0.5,0.6666666666666666
15,uni2,100,0.5,0.6666666666666666
15,uni2,200,0.5,0.5
15,uni2,500,0.5,0.5
15,uni2,1000,0.5,0.5
15,virchow2,20,0.5,0.16666666666666666
15,virchow2,50,0.5,0.16666666666666666
15,virchow2,100,0.5,0.5
15,virchow2,200,0.5,0.5
15,virchow2,500,0.5,0.5
15,virchow2,1000,0.5,0.5
16,gigapath,20,0.5,0.5
16,gigapath,50,0.5,0.5
16,gigapath,100,0.5,0.5
16,gigapath,200,0.5,0.5
16,gigapath,500,0.5,0.5
16,gigapath,1000,0.5,0.5
16,uni2,20,0.6666666666666666,0.16666666666666666
16,uni2,50,0.6666666666666666,0.6666666666666666
16,uni2,100,0.6666666666666666,0.5
16,uni2,200,0.6666666666666666,0.6666666666666666
16,uni2,500,0.6666666666666666,0.6666666666666666
16,uni2,1000,0.6666666666666666,0.6666666666666666
16,virchow2,20,0.5,0.0
16,virchow2,50,0.5,0.5
16,virchow2,100,0.5,0.5
16,virchow2,200,0.5,0.5
16,virchow2,500,0.5,0.5
16,virchow2,1000,0.5,0.5
17,gigapath,20,0.3333333333333333,0.6666666666666666
17,gigapath,50,0.3333333333333333,0.8333333333333334
17,gigapath,100,0.3333333333333333,0.3333333333333333
17,gigapath,200,0.3333333333333333,0.3333333333333333
17,gigapath,500,0.3333333333333333,0.3333333333333333
17,gigapath,1000,0.3333333333333333,0.3333333333333333
17,uni2,20,0.5,0.8333333333333334
17,uni2,50,0.5,0.8333333333333334
17,uni2,100,0.5,0.8333333333333334
17,uni2,200,0.5,0.8333333333333334
17,uni2,500,0.5,0.8333333333333334
17,uni2,1000,0.5,0.5
17,virchow2,20,0.3333333333333333,0.3333333333333333
17,virchow2,50,0.3333333333333333,0.6666666666666666
17,virchow2,100,0.3333333333333333,0.6666666666666666
17,virchow2,200,0.3333333333333333,0.6666666666666666
17,virchow2,500,0.3333333333333333,0.6666666666666666
17,virchow2,1000,0.3333333333333333,0.6666666666666666
18,gigapath,20,1.0,0.6666666666666666
18,gigapath,50,1.0,0.6666666666666666
18,gigapath,100,1.0,1.0
18,gigapath,200,1.0,1.0
18,gigapath,500,1.0,1.0
18,gigapath,1000,1.0,0.6666666666666666
18,uni2,20,1.0,1.0
18,uni2,50,1.0,1.0
18,uni2,100,1.0,1.0
18,uni2,200,1.0,1.0
18,uni2,500,1.0,0.6666666666666666
18,uni2,1000,1.0,1.0
18,virchow2,20,1.0,0.8333333333333334
18,virchow2,50,1.0,1.0
18,virchow2,100,1.0,1.0
18,virchow2,200,1.0,1.0
18,virchow2,500,1.0,1.0
18,virchow2,1000,1.0,1.0
19,gigapath,20,0.0,0.0
19,gigapath,50,0.0,0.0
19,gigapath,100,0.0,0.16666666666666666
19,gigapath,200,0.0,0.0
19,gigapath,500,0.0,0.0
19,gigapath,1000,0.0,0.0
19,uni2,20,0.0,0.0
19,uni2,50,0.0,0.0
19,uni2,100,0.0,0.0
19,uni2,200,0.0,0.0
19,uni2,500,0.0,0.0
19,uni2,1000,0.0,0.0
19,virchow2,20,0.0,0.0
19,virchow2,50,0.0,0.0
19,virchow2,100,0.0,0.0
19,virchow2,200,0.0,0.0
19,virchow2,500,0.0,0.0
19,virchow2,1000,0.0,0.0
20,gigapath,20,0.6666666666666666,0.5
20,gigapath,50,0.6666666666666666,0.6666666666666666
20,gigapath,100,0.6666666666666666,0.6666666666666666
20,gigapath,200,0.6666666666666666,0.6666666666666666
20,gigapath,500,0.6666666666666666,0.6666666666666666
20,gigapath,1000,0.6666666666666666,0.6666666666666666
20,uni2,20,0.3333333333333333,0.16666666666666666
20,uni2,50,0.3333333333333333,0.0
20,uni2,100,0.3333333333333333,0.8333333333333334
20,uni2,200,0.3333333333333333,0.6666666666666666
20,uni2,500,0.3333333333333333,0.8333333333333334
20,uni2,1000,0.3333333333333333,0.16666666666666666
20,virchow2,20,0.3333333333333333,0.3333333333333333
20,virchow2,50,0.3333333333333333,0.3333333333333333
20,virchow2,100,0.3333333333333333,0.3333333333333333
20,virchow2,200,0.3333333333333333,0.3333333333333333
20,virchow2,500,0.3333333333333333,0.3333333333333333
20,virchow2,1000,0.3333333333333333,0.3333333333333333
21,gigapath,20,0.0,0.0
21,gigapath,50,0.0,0.0
21,gigapath,100,0.0,0.0
21,gigapath,200,0.0,0.0
21,gigapath,500,0.0,0.0
21,gigapath,1000,0.0,0.0
21,uni2,20,0.3333333333333333,0.3333333333333333
21,uni2,50,0.3333333333333333,0.3333333333333333
21,uni2,100,0.3333333333333333,0.3333333333333333
21,uni2,200,0.3333333333333333,0.3333333333333333
21,uni2,500,0.3333333333333333,0.3333333333333333
21,uni2,1000,0.3333333333333333,0.3333333333333333
21,virchow2,20,0.0,0.3333333333333333
21,virchow2,50,0.0,0.0
21,virchow2,100,0.0,0.3333333333333333
21,virchow2,200,0.0,0.0
21,virchow2,500,0.0,0.0
21,virchow2,1000,0.0,0.0
22,gigapath,20,0.8333333333333334,0.8333333333333334
22,gigapath,50,0.8333333333333334,0.8333333333333334
22,gigapath,100,0.8333333333333334,0.8333333333333334
22,gigapath,200,0.8333333333333334,0.8333333333333334
22,gigapath,500,0.8333333333333334,0.8333333333333334
22,gigapath,1000,0.8333333333333334,0.8333333333333334
22,uni2,20,0.8333333333333334,0.3333333333333333
22,uni2,50,0.8333333333333334,0.6666666666666666
22,uni2,100,0.8333333333333334,0.6666666666666666
22,uni2,200,0.8333333333333334,0.8333333333333334
22,uni2,500,0.8333333333333334,0.8333333333333334
22,uni2,1000,0.8333333333333334,0.8333333333333334
22,virchow2,20,0.5,0.5
22,virchow2,50,0.5,0.5
22,virchow2,100,0.5,0.5
22,virchow2,200,0.5,0.5
22,virchow2,500,0.5,0.5
22,virchow2,1000,0.5,0.5
23,gigapath,20,0.5,0.6666666666666666
23,gigapath,50,0.5,0.5
23,gigapath,100,0.5,0.5
23,gigapath,200,0.5,0.5
23,gigapath,500,0.5,0.5
23,gigapath,1000,0.5,0.5
23,uni2,20,0.5,0.5
23,uni2,50,0.5,0.5
23,uni2,100,0.5,0.5
23,uni2,200,0.5,0.5
23,uni2,500,0.5,0.5
23,uni2,1000,0.5,0.5
23,virchow2,20,0.5,0.0
23,virchow2,50,0.5,0.5
23,virchow2,100,0.5,0.5
23,virchow2,200,0.5,0.5
23,virchow2,500,0.5,0.5
23,virchow2,1000,0.5,0.5
24,gigapath,20,0.3333333333333333,0.3333333333333333
24,gigapath,50,0.3333333333333333,0.3333333333333333
24,gigapath,100,0.3333333333333333,0.5
24,gigapath,200,0.3333333333333333,0.5
24,gigapath,500,0.3333333333333333,0.3333333333333333
24,gigapath,1000,0.3333333333333333,0.3333333333333333
24,uni2,20,0.6666666666666666,0.6666666666666666
24,uni2,50,0.6666666666666666,0.3333333333333333
24,uni2,100,0.6666666666666666,0.6666666666666666
24,uni2,200,0.6666666666666666,0.6666666666666666
24,uni2,500,0.6666666666666666,0.6666666666666666
24,uni2,1000,0.6666666666666666,0.6666666666666666
24,virchow2,20,0.3333333333333333,0.6666666666666666
24,virchow2,50,0.3333333333333333,0.6666666666666666
24,virchow2,100,0.3333333333333333,0.3333333333333333
24,virchow2,200,0.3333333333333333,0.3333333333333333
24,virchow2,500,0.3333333333333333,0.3333333333333333
24,virchow2,1000,0.3333333333333333,0.3333333333333333
25,gigapath,20,0.6666666666666666,0.6666666666666666
25,gigapath,50,0.6666666666666666,0.6666666666666666
25,gigapath,100,0.6666666666666666,0.6666666666666666
25,gigapath,200,0.6666666666666666,0.6666666666666666
25,gigapath,500,0.6666666666666666,0.6666666666666666
25,gigapath,1000,0.6666666666666666,0.6666666666666666
25,uni2,20,0.6666666666666666,0.3333333333333333
25,uni2,50,0.6666666666666666,0.8333333333333334
25,uni2,100,0.6666666666666666,0.8333333333333334
25,uni2,200,0.6666666666666666,0.6666666666666666
25,uni2,500,0.6666666666666666,0.6666666666666666
25,uni2,1000,0.6666666666666666,0.6666666666666666
25,virchow2,20,0.8333333333333334,0.8333333333333334
25,virchow2,50,0.8333333333333334,0.8333333333333334
25,virchow2,100,0.8333333333333334,0.8333333333333334
25,virchow2,200,0.8333333333333334,0.8333333333333334
25,virchow2,500,0.8333333333333334,0.8333333333333334
25,virchow2,1000,0.8333333333333334,0.8333333333333334
26,gigapath,20,0.3333333333333333,0.6666666666666666
26,gigapath,50,0.3333333333333333,0.3333333333333333
26,gigapath,100,0.3333333333333333,0.3333333333333333
26,gigapath,200,0.3333333333333333,0.3333333333333333
26,gigapath,500,0.3333333333333333,0.3333333333333333
26,gigapath,1000,0.3333333333333333,0.3333333333333333
26,uni2,20,0.3333333333333333,0.3333333333333333
26,uni2,50,0.3333333333333333,0.3333333333333333
26,uni2,100,0.3333333333333333,0.3333333333333333
26,uni2,200,0.3333333333333333,0.3333333333333333
26,uni2,500,0.3333333333333333,0.3333333333333333
26,uni2,1000,0.3333333333333333,0.3333333333333333
26,virchow2,20,0.5,0.6666666666666666
26,virchow2,50,0.5,0.5
26,virchow2,100,0.5,0.5
26,virchow2,200,0.5,0.5
26,virchow2,500,0.5,0.5
26,virchow2,1000,0.5,0.16666666666666666
27,gigapath,20,0.3333333333333333,0.6666666666666666
27,gigapath,50,0.3333333333333333,0.3333333333333333
27,gigapath,100,0.3333333333333333,0.3333333333333333
27,gigapath,200,0.3333333333333333,0.3333333333333333
27,gigapath,500,0.3333333333333333,0.3333333333333333
27,gigapath,1000,0.3333333333333333,0.3333333333333333
27,uni2,20,0.3333333333333333,0.16666666666666666
27,uni2,50,0.3333333333333333,0.3333333333333333
27,uni2,100,0.3333333333333333,0.3333333333333333
27,uni2,200,0.3333333333333333,0.3333333333333333
27,uni2,500,0.3333333333333333,0.3333333333333333
27,uni2,1000,0.3333333333333333,0.3333333333333333
27,virchow2,20,0.3333333333333333,0.3333333333333333
27,virchow2,50,0.3333333333333333,0.3333333333333333
27,virchow2,100,0.3333333333333333,0.3333333333333333
27,virchow2,200,0.3333333333333333,0.3333333333333333
27,virchow2,500,0.3333333333333333,0.3333333333333333
27,virchow2,1000,0.3333333333333333,0.3333333333333333
28,gigapath,20,0.5,0.5
28,gigapath,50,0.5,0.5
28,gigapath,100,0.5,0.5
28,gigapath,200,0.5,0.5
28,gigapath,500,0.5,0.5
28,gigapath,1000,0.5,0.5
28,uni2,20,0.8333333333333334,0.0
28,uni2,50,0.8333333333333334,0.8333333333333334
28,uni2,100,0.8333333333333334,0.6666666666666666
28,uni2,200,0.8333333333333334,0.8333333333333334
28,uni2,500,0.8333333333333334,0.8333333333333334
28,uni2,1000,0.8333333333333334,0.8333333333333334
28,virchow2,20,0.8333333333333334,0.8333333333333334
28,virchow2,50,0.8333333333333334,0.8333333333333334
28,virchow2,100,0.8333333333333334,0.8333333333333334
28,virchow2,200,0.8333333333333334,0.5
28,virchow2,500,0.8333333333333334,0.5
28,virchow2,1000,0.8333333333333334,0.8333333333333334
29,gigapath,20,0.16666666666666666,0.3333333333333333
29,gigapath,50,0.16666666666666666,0.3333333333333333
29,gigapath,100,0.16666666666666666,0.16666666666666666
29,gigapath,200,0.16666666666666666,0.16666666666666666
29,gigapath,500,0.16666666666666666,0.16666666666666666
29,gigapath,1000,0.16666666666666666,0.16666666666666666
29,uni2,20,0.3333333333333333,0.5
29,uni2,50,0.3333333333333333,0.6666666666666666
29,uni2,100,0.3333333333333333,0.3333333333333333
29,uni2,200,0.3333333333333333,0.6666666666666666
29,uni2,500,0.3333333333333333,0.3333333333333333
29,uni2,1000,0.3333333333333333,0.3333333333333333
29,virchow2,20,0.0,0.0
29,virchow2,50,0.0,0.0
29,virchow2,100,0.0,0.5
29,virchow2,200,0.0,0.0
29,virchow2,500,0.0,0.0
29,virchow2,1000,0.0,0.0
30,gigapath,20,0.3333333333333333,0.16666666666666666
30,gigapath,50,0.3333333333333333,0.3333333333333333
30,gigapath,100,0.3333333333333333,0.3333333333333333
30,gigapath,200,0.3333333333333333,0.3333333333333333
30,gigapath,500,0.3333333333333333,0.3333333333333333
30,gigapath,1000,0.3333333333333333,0.3333333333333333
30,uni2,20,0.6666666666666666,0.3333333333333333
30,uni2,50,0.6666666666666666,0.3333333333333333
30,uni2,100,0.6666666666666666,0.6666666666666666
30,uni2,200,0.6666666666666666,0.6666666666666666
30,uni2,500,0.6666666666666666,0.6666666666666666
30,uni2,1000,0.6666666666666666,0.6666666666666666
30,virchow2,20,0.3333333333333333,0.16666666666666666
30,virchow2,50,0.3333333333333333,0.3333333333333333
30,virchow2,100,0.3333333333333333,0.3333333333333333
30,virchow2,200,0.3333333333333333,0.3333333333333333
30,virchow2,500,0.3333333333333333,0.3333333333333333
30,virchow2,1000,0.3333333333333333,0.3333333333333333
31,gigapath,20,0.3333333333333333,0.6666666666666666
31,gigapath,50,0.3333333333333333,0.6666666666666666
31,gigapath,100,0.3333333333333333,0.6666666666666666
31,gigapath,200,0.3333333333333333,0.6666666666666666
31,gigapath,500,0.3333333333333333,0.6666666666666666
31,gigapath,1000,0.3333333333333333,0.3333333333333333
31,uni2,20,1.0,0.3333333333333333
31,uni2,50,1.0,0.5
31,uni2,100,1.0,0.6666666666666666
31,uni2,200,1.0,1.0
31,uni2,500,1.0,0.6666666666666666
31,uni2,1000,1.0,0.8333333333333334
31,virchow2,20,0.3333333333333333,0.6666666666666666
31,virchow2,50,0.3333333333333333,0.6666666666666666
31,virchow2,100,0.3333333333333333,0.3333333333333333
31,virchow2,200,0.3333333333333333,0.3333333333333333
31,virchow2,500,0.3333333333333333,0.3333333333333333
31,virchow2,1000,0.3333333333333333,0.3333333333333333
32,gigapath,20,0.16666666666666666,0.3333333333333333
32,gigapath,50,0.16666666666666666,0.16666666666666666
32,gigapath,100,0.16666666666666666,0.16666666666666666
32,gigapath,200,0.16666666666666666,0.16666666666666666
32,gigapath,500,0.16666666666666666,0.16666666666666666
32,gigapath,1000,0.16666666666666666,0.16666666666666666
32,uni2,20,0.16666666666666666,0.5
32,uni2,50,0.16666666666666666,0.5
32,uni2,100,0.16666666666666666,0.16666666666666666
32,uni2,200,0.16666666666666666,0.16666666666666666
32,uni2,500,0.16666666666666666,0.16666666666666666
32,uni2,1000,0.16666666666666666,0.16666666666666666
32,virchow2,20,0.16666666666666666,0.16666666666666666
32,virchow2,50,0.16666666666666666,0.16666666666666666
32,virchow2,100,0.16666666666666666,0.16666666666666666
32,virchow2,200,0.16666666666666666,0.16666666666666666
32,virchow2,500,0.16666666666666666,0.16666666666666666
32,virchow2,1000,0.16666666666666666,0.16666666666666666
33,gigapath,20,0.8333333333333334,0.8333333333333334
33,gigapath,50,0.8333333333333334,0.5
33,gigapath,100,0.8333333333333334,0.5
33,gigapath,200,0.8333333333333334,0.8333333333333334
33,gigapath,500,0.8333333333333334,0.5
33,gigapath,1000,0.8333333333333334,0.8333333333333334
33,uni2,20,0.8333333333333334,0.8333333333333334
33,uni2,50,0.8333333333333334,0.8333333333333334
33,uni2,100,0.8333333333333334,0.8333333333333334
33,uni2,200,0.8333333333333334,0.8333333333333334
33,uni2,500,0.8333333333333334,0.8333333333333334
33,uni2,1000,0.8333333333333334,0.8333333333333334
33,virchow2,20,0.5,0.8333333333333334
33,virchow2,50,0.5,0.5
33,virchow2,100,0.5,0.5
33,virchow2,200,0.5,0.5
33,virchow2,500,0.5,0.5
33,virchow2,1000,0.5,0.5
34,gigapath,20,0.5,0.16666666666666666
34,gigapath,50,0.5,0.3333333333333333
34,gigapath,100,0.5,0.3333333333333333
34,gigapath,200,0.5,0.5
34,gigapath,500,0.5,0.5
34,gigapath,1000,0.5,0.6666666666666666
34,uni2,20,0.5,0.5
34,uni2,50,0.5,0.5
34,uni2,100,0.5,0.16666666666666666
34,uni2,200,0.5,0.5
34,uni2,500,0.5,0.5
34,uni2,1000,0.5,0.5
34,virchow2,20,0.5,0.0
34,virchow2,50,0.5,0.0
34,virchow2,100,0.5,0.0
34,virchow2,200,0.5,0.3333333333333333
34,virchow2,500,0.5,0.5
34,virchow2,1000,0.5,0.5
35,gigapath,20,0.3333333333333333,0.3333333333333333
35,gigapath,50,0.3333333333333333,0.6666666666666666
35,gigapath,100,0.3333333333333333,0.3333333333333333
35,gigapath,200,0.3333333333333333,0.3333333333333333
35,gigapath,500,0.3333333333333333,0.3333333333333333
35,gigapath,1000,0.3333333333333333,0.3333333333333333
35,uni2,20,0.6666666666666666,0.6666666666666666
35,uni2,50,0.6666666666666666,0.6666666666666666
35,uni2,100,0.6666666666666666,0.8333333333333334
35,uni2,200,0.6666666666666666,0.8333333333333334
35,uni2,500,0.6666666666666666,0.8333333333333334
35,uni2,1000,0.6666666666666666,0.6666666666666666
35,virchow2,20,0.3333333333333333,0.3333333333333333
35,virchow2,50,0.3333333333333333,0.3333333333333333
35,virchow2,100,0.3333333333333333,0.3333333333333333
35,virchow2,200,0.3333333333333333,0.3333333333333333
35,virchow2,500,0.3333333333333333,0.3333333333333333
35,virchow2,1000,0.3333333333333333,0.3333333333333333
36,gigapath,20,0.5,0.6666666666666666
36,gigapath,50,0.5,1.0
36,gigapath,100,0.5,0.5
36,gigapath,200,0.5,0.5
36,gigapath,500,0.5,0.5
36,gigapath,1000,0.5,0.5
36,uni2,20,0.5,0.3333333333333333
36,uni2,50,0.5,0.6666666666666666
36,uni2,100,0.5,0.6666666666666666
36,uni2,200,0.5,0.6666666666666666
36,uni2,500,0.5,0.6666666666666666
36,uni2,1000,0.5,0.5
36,virchow2,20,0.5,0.5
36,virchow2,50,0.5,0.5
36,virchow2,100,0.5,0.6666666666666666
36,virchow2,200,0.5,0.6666666666666666
36,virchow2,500,0.5,0.6666666666666666
36,virchow2,1000,0.5,0.6666666666666666
37,gigapath,20,0.16666666666666666,0.16666666666666666
37,gigapath,50,0.16666666666666666,0.16666666666666666
37,gigapath,100,0.16666666666666666,0.16666666666666666
37,gigapath,200,0.16666666666666666,0.16666666666666666
37,gigapath,500,0.16666666666666666,0.16666666666666666
37,gigapath,1000,0.16666666666666666,0.16666666666666666
37,uni2,20,0.5,0.0
37,uni2,50,0.5,0.5
37,uni2,100,0.5,0.5
37,uni2,200,0.5,0.5
37,uni2,500,0.5,0.5
37,uni2,1000,0.5,0.5
37,virchow2,20,0.16666666666666666,0.5
37,virchow2,50,0.16666666666666666,0.5
37,virchow2,100,0.16666666666666666,0.5
37,virchow2,200,0.16666666666666666,0.16666666666666666
37,virchow2,500,0.16666666666666666,0.16666666666666666
37,virchow2,1000,0.16666666666666666,0.16666666666666666
38,gigapath,20,0.16666666666666666,0.16666666666666666
38,gigapath,50,0.16666666666666666,0.16666666666666666
38,gigapath,100,0.16666666666666666,0.16666666666666666
38,gigapath,200,0.16666666666666666,0.16666666666666666
38,gigapath,500,0.16666666666666666,0.16666666666666666
38,gigapath,1000,0.16666666666666666,0.16666666666666666
38,uni2,20,0.3333333333333333,0.16666666666666666
38,uni2,50,0.3333333333333333,0.16666666666666666
38,uni2,100,0.3333333333333333,0.16666666666666666
38,uni2,200,0.3333333333333333,0.16666666666666666
38,uni2,500,0.3333333333333333,0.16666666666666666
38,uni2,1000,0.3333333333333333,0.3333333333333333
38,virchow2,20,0.3333333333333333,0.16666666666666666
38,virchow2,50,0.3333333333333333,0.16666666666666666
38,virchow2,100,0.3333333333333333,0.16666666666666666
38,virchow2,200,0.3333333333333333,0.16666666666666666
38,virchow2,500,0.3333333333333333,0.3333333333333333
38,virchow2,1000,0.3333333333333333,0.16666666666666666
39,gigapath,20,0.3333333333333333,0.16666666666666666
39,gigapath,50,0.3333333333333333,0.0
39,gigapath,100,0.3333333333333333,0.0
39,gigapath,200,0.3333333333333333,0.0
39,gigapath,500,0.3333333333333333,0.0
39,gigapath,1000,0.3333333333333333,0.0
39,uni2,20,0.3333333333333333,0.6666666666666666
39,uni2,50,0.3333333333333333,0.3333333333333333
39,uni2,100,0.3333333333333333,0.3333333333333333
39,uni2,200,0.3333333333333333,0.3333333333333333
39,uni2,500,0.3333333333333333,0.3333333333333333
39,uni2,1000,0.3333333333333333,0.3333333333333333
39,virchow2,20,0.5,0.5
39,virchow2,50,0.5,0.5
39,virchow2,100,0.5,0.3333333333333333
39,virchow2,200,0.5,0.5
39,virchow2,500,0.5,0.5
39,virchow2,1000,0.5,0.5
40,gigapath,20,0.5,0.5
40,gigapath,50,0.5,0.5
40,gigapath,100,0.5,0.5
40,gigapath,200,0.5,0.5
40,gigapath,500,0.5,0.5
40,gigapath,1000,0.5,0.5
40,uni2,20,0.8333333333333334,0.5
40,uni2,50,0.8333333333333334,0.8333333333333334
40,uni2,100,0.8333333333333334,0.8333333333333334
40,uni2,200,0.8333333333333334,0.8333333333333334
40,uni2,500,0.8333333333333334,0.8333333333333334
40,uni2,1000,0.8333333333333334,0.8333333333333334
40,virchow2,20,0.6666666666666666,0.5
40,virchow2,50,0.6666666666666666,0.5
40,virchow2,100,0.6666666666666666,0.5
40,virchow2,200,0.6666666666666666,0.5
40,virchow2,500,0.6666666666666666,0.6666666666666666
40,virchow2,1000,0.6666666666666666,0.6666666666666666
41,gigapath,20,0.5,0.5
41,gigapath,50,0.5,0.5
41,gigapath,100,0.5,0.16666666666666666
41,gigapath,200,0.5,0.5
41,gigapath,500,0.5,0.5
41,gigapath,1000,0.5,0.5
41,uni2,20,0.5,0.5
41,uni2,50,0.5,0.5
41,uni2,100,0.5,0.5
41,uni2,200,0.5,0.5
41,uni2,500,0.5,0.5
41,uni2,1000,0.5,0.5
41,virchow2,20,0.5,0.5
41,virchow2,50,0.5,0.16666666666666666
41,virchow2,100,0.5,0.16666666666666666
41,virchow2,200,0.5,0.16666666666666666
41,virchow2,500,0.5,0.5
41,virchow2,1000,0.5,0.5
42,gigapath,20,0.5,0.5
42,gigapath,50,0.5,0.8333333333333334
42,gigapath,100,0.5,0.8333333333333334
42,gigapath,200,0.5,0.5
42,gigapath,500,0.5,0.5
42,gigapath,1000,0.5,0.5
42,uni2,20,0.5,0.3333333333333333
42,uni2,50,0.5,0.8333333333333334
42,uni2,100,0.5,0.8333333333333334
42,uni2,200,0.5,0.8333333333333334
42,uni2,500,0.5,0.5
42,uni2,1000,0.5,0.5
42,virchow2,20,0.5,0.8333333333333334
42,virchow2,50,0.5,0.6666666666666666
42,virchow2,100,0.5,0.8333333333333334
42,virchow2,200,0.5,0.8333333333333334
42,virchow2,500,0.5,0.5
42,virchow2,1000,0.5,0.5
43,gigapath,20,0.5,1.0
43,gigapath,50,0.5,0.8333333333333334
43,gigapath,100,0.5,0.8333333333333334
43,gigapath,200,0.5,0.8333333333333334
43,gigapath,500,0.5,0.8333333333333334
43,gigapath,1000,0.5,0.5
43,uni2,20,0.8333333333333334,0.8333333333333334
43,uni2,50,0.8333333333333334,0.8333333333333334
43,uni2,100,0.8333333333333334,0.8333333333333334
43,uni2,200,0.8333333333333334,0.8333333333333334
43,uni2,500,0.8333333333333334,0.8333333333333334
43,uni2,1000,0.8333333333333334,0.8333333333333334
43,virchow2,20,0.5,0.5
43,virchow2,50,0.5,0.5
43,virchow2,100,0.5,0.8333333333333334
43,virchow2,200,0.5,0.8333333333333334
43,virchow2,500,0.5,0.8333333333333334
43,virchow2,1000,0.5,0.8333333333333334
44,gigapath,20,0.3333333333333333,0.3333333333333333
44,gigapath,50,0.3333333333333333,0.3333333333333333
44,gigapath,100,0.3333333333333333,0.3333333333333333
44,gigapath,200,0.3333333333333333,0.6666666666666666
44,gigapath,500,0.3333333333333333,0.3333333333333333
44,gigapath,1000,0.3333333333333333,0.3333333333333333
44,uni2,20,0.8333333333333334,0.6666666666666666
44,uni2,50,0.8333333333333334,0.5
44,uni2,100,0.8333333333333334,0.5
44,uni2,200,0.8333333333333334,0.5
44,uni2,500,0.8333333333333334,0.8333333333333334
44,uni2,1000,0.8333333333333334,0.8333333333333334
44,virchow2,20,0.5,0.5
44,virchow2,50,0.5,0.5
44,virchow2,100,0.5,0.5
44,virchow2,200,0.5,0.5
44,virchow2,500,0.5,0.5
44,virchow2,1000,0.5,0.5
45,gigapath,20,0.3333333333333333,0.3333333333333333
45,gigapath,50,0.3333333333333333,0.0
45,gigapath,100,0.3333333333333333,0.3333333333333333
45,gigapath,200,0.3333333333333333,0.3333333333333333
45,gigapath,500,0.3333333333333333,0.3333333333333333
45,gigapath,1000,0.3333333333333333,0.3333333333333333
45,uni2,20,0.6666666666666666,0.3333333333333333
45,uni2,50,0.6666666666666666,0.6666666666666666
45,uni2,100,0.6666666666666666,0.3333333333333333
45,uni2,200,0.6666666666666666,0.6666666666666666
45,uni2,500,0.6666666666666666,0.6666666666666666
45,uni2,1000,0.6666666666666666,0.6666666666666666
45,virchow2,20,0.5,0.5
45,virchow2,50,0.5,0.8333333333333334
45,virchow2,100,0.5,0.5
45,virchow2,200,0.5,0.5
45,virchow2,500,0.5,0.5
45,virchow2,1000,0.5,0.5
46,gigapath,20,0.5,0.3333333333333333
46,gigapath,50,0.5,0.5
46,gigapath,100,0.5,0.5
46,gigapath,200,0.5,0.16666666666666666
46,gigapath,500,0.5,0.16666666666666666
46,gigapath,1000,0.5,0.5
46,uni2,20,0.3333333333333333,0.3333333333333333
46,uni2,50,0.3333333333333333,0.3333333333333333
46,uni2,100,0.3333333333333333,0.3333333333333333
46,uni2,200,0.3333333333333333,0.3333333333333333
46,uni2,500,0.3333333333333333,0.3333333333333333
46,uni2,1000,0.3333333333333333,0.3333333333333333
46,virchow2,20,0.16666666666666666,0.5
46,virchow2,50,0.16666666666666666,0.5
46,virchow2,100,0.16666666666666666,0.3333333333333333
46,virchow2,200,0.16666666666666666,0.3333333333333333
46,virchow2,500,0.16666666666666666,0.3333333333333333
46,virchow2,1000,0.16666666666666666,0.3333333333333333
47,gigapath,20,0.5,0.5
47,gigapath,50,0.5,0.5
47,gigapath,100,0.5,0.5
47,gigapath,200,0.5,0.5
47,gigapath,500,0.5,0.5
47,gigapath,1000,0.5,0.5
47,uni2,20,0.5,0.3333333333333333
47,uni2,50,0.5,0.5
47,uni2,100,0.5,0.5
47,uni2,200,0.5,0.5
47,uni2,500,0.5,0.5
47,uni2,1000,0.5,0.5
47,virchow2,20,0.5,0.5
47,virchow2,50,0.5,0.5
47,virchow2,100,0.5,0.16666666666666666
47,virchow2,200,0.5,0.16666666666666666
47,virchow2,500,0.5,0.16666666666666666
47,virchow2,1000,0.5,0.16666666666666666
48,gigapath,20,0.3333333333333333,0.3333333333333333
48,gigapath,50,0.3333333333333333,0.3333333333333333
48,gigapath,100,0.3333333333333333,0.3333333333333333
48,gigapath,200,0.3333333333333333,0.3333333333333333
48,gigapath,500,0.3333333333333333,0.3333333333333333
48,gigapath,1000,0.3333333333333333,0.3333333333333333
48,uni2,20,0.5,0.3333333333333333
48,uni2,50,0.5,0.16666666666666666
48,uni2,100,0.5,0.6666666666666666
48,uni2,200,0.5,0.6666666666666666
48,uni2,500,0.5,0.16666666666666666
48,uni2,1000,0.5,0.5
48,virchow2,20,0.3333333333333333,0.6666666666666666
48,virchow2,50,0.3333333333333333,0.3333333333333333
48,virchow2,100,0.3333333333333333,0.3333333333333333
48,virchow2,200,0.3333333333333333,0.3333333333333333
48,virchow2,500,0.3333333333333333,0.3333333333333333
48,virchow2,1000,0.3333333333333333,0.3333333333333333
49,gigapath,20,0.3333333333333333,0.5
49,gigapath,50,0.3333333333333333,0.3333333333333333
49,gigapath,100,0.3333333333333333,0.3333333333333333
49,gigapath,200,0.3333333333333333,0.3333333333333333
49,gigapath,500,0.3333333333333333,0.3333333333333333
49,gigapath,1000,0.3333333333333333,0.3333333333333333
49,uni2,20,0.16666666666666666,0.5
49,uni2,50,0.16666666666666666,0.5
49,uni2,100,0.16666666666666666,0.5
49,uni2,200,0.16666666666666666,0.16666666666666666
49,uni2,500,0.16666666666666666,0.16666666666666666
49,uni2,1000,0.16666666666666666,0.16666666666666666
49,virchow2,20,0.0,0.0
49,virchow2,50,0.0,0.0
49,virchow2,100,0.0,0.0
49,virchow2,200,0.0,0.0
49,virchow2,500,0.0,0.0
49,virchow2,1000,0.0,0.0
50,gigapath,20,0.16666666666666666,0.16666666666666666
50,gigapath,50,0.16666666666666666,0.16666666666666666
50,gigapath,100,0.16666666666666666,0.6666666666666666
50,gigapath,200,0.16666666666666666,0.16666666666666666
50,gigapath,500,0.16666666666666666,0.16666666666666666
50,gigapath,1000,0.16666666666666666,0.16666666666666666
50,uni2,20,0.8333333333333334,0.6666666666666666
50,uni2,50,0.8333333333333334,1.0
50,uni2,100,0.8333333333333334,0.8333333333333334
50,uni2,200,0.8333333333333334,0.8333333333333334
50,uni2,500,0.8333333333333334,0.8333333333333334
50,uni2,1000,0.8333333333333334,0.8333333333333334
50,virchow2,20,0.16666666666666666,0.3333333333333333
50,virchow2,50,0.16666666666666666,0.16666666666666666
50,virchow2,100,0.16666666666666666,0.16666666666666666
50,virchow2,200,0.16666666666666666,0.16666666666666666
50,virchow2,500,0.16666666666666666,0.16666666666666666
50,virchow2,1000,0.16666666666666666,0.16666666666666666
51,gigapath,20,0.16666666666666666,0.16666666666666666
51,gigapath,50,0.16666666666666666,0.16666666666666666
51,gigapath,100,0.16666666666666666,0.16666666666666666
51,gigapath,200,0.16666666666666666,0.16666666666666666
51,gigapath,500,0.16666666666666666,0.16666666666666666
51,gigapath,1000,0.16666666666666666,0.16666666666666666
51,uni2,20,0.16666666666666666,0.16666666666666666
51,uni2,50,0.16666666666666666,0.16666666666666666
51,uni2,100,0.16666666666666666,0.16666666666666666
51,uni2,200,0.16666666666666666,0.16666666666666666
51,uni2,500,0.16666666666666666,0.16666666666666666
51,uni2,1000,0.16666666666666666,0.16666666666666666
51,virchow2,20,0.16666666666666666,0.16666666666666666
51,virchow2,50,0.16666666666666666,0.16666666666666666
51,virchow2,100,0.16666666666666666,0.16666666666666666
51,virchow2,200,0.16666666666666666,0.16666666666666666
51,virchow2,500,0.16666666666666666,0.16666666666666666
51,virchow2,1000,0.16666666666666666,0.16666666666666666
52,gigapath,20,0.3333333333333333,0.5
52,gigapath,50,0.3333333333333333,0.3333333333333333
52,gigapath,100,0.3333333333333333,0.3333333333333333
52,gigapath,200,0.3333333333333333,0.3333333333333333
52,gigapath,500,0.3333333333333333,0.3333333333333333
52,gigapath,1000,0.3333333333333333,0.3333333333333333
52,uni2,20,0.5,0.5
52,uni2,50,0.5,0.5
52,uni2,100,0.5,0.5
52,uni2,200,0.5,0.5
52,uni2,500,0.5,0.5
52,uni2,1000,0.5,0.5
52,virchow2,20,0.3333333333333333,0.3333333333333333
52,virchow2,50,0.3333333333333333,0.6666666666666666
52,virchow2,100,0.3333333333333333,0.3333333333333333
52,virchow2,200,0.3333333333333333,0.3333333333333333
52,virchow2,500,0.3333333333333333,0.3333333333333333
52,virchow2,1000,0.3333333333333333,0.3333333333333333
53,gigapath,20,0.6666666666666666,0.3333333333333333
53,gigapath,50,0.6666666666666666,0.3333333333333333
53,gigapath,100,0.6666666666666666,0.3333333333333333
53,gigapath,200,0.6666666666666666,0.3333333333333333
53,gigapath,500,0.6666666666666666,0.6666666666666666
53,gigapath,1000,0.6666666666666666,0.6666666666666666
53,uni2,20,0.6666666666666666,0.0
53,uni2,50,0.6666666666666666,0.6666666666666666
53,uni2,100,0.6666666666666666,0.6666666666666666
53,uni2,200,0.6666666666666666,1.0
53,uni2,500,0.6666666666666666,0.6666666666666666
53,uni2,1000,0.6666666666666666,0.6666666666666666
53,virchow2,20,0.3333333333333333,0.3333333333333333
53,virchow2,50,0.3333333333333333,0.3333333333333333
53,virchow2,100,0.3333333333333333,0.3333333333333333
53,virchow2,200,0.3333333333333333,0.3333333333333333
53,virchow2,500,0.3333333333333333,0.3333333333333333
53,virchow2,1000,0.3333333333333333,0.3333333333333333
54,gigapath,20,0.6666666666666666,0.5
54,gigapath,50,0.6666666666666666,0.5
54,gigapath,100,0.6666666666666666,0.8333333333333334
54,gigapath,200,0.6666666666666666,0.5
54,gigapath,500,0.6666666666666666,0.8333333333333334
54,gigapath,1000,0.6666666666666666,0.8333333333333334
54,uni2,20,1.0,0.3333333333333333
54,uni2,50,1.0,0.5
54,uni2,100,1.0,0.5
54,uni2,200,1.0,0.6666666666666666
54,uni2,500,1.0,1.0
54,uni2,1000,1.0,1.0
54,virchow2,20,0.3333333333333333,0.5
54,virchow2,50,0.3333333333333333,0.5
54,virchow2,100,0.3333333333333333,0.3333333333333333
54,virchow2,200,0.3333333333333333,0.3333333333333333
54,virchow2,500,0.3333333333333333,0.3333333333333333
54,virchow2,1000,0.3333333333333333,0.3333333333333333
55,gigapath,20,0.5,0.5
55,gigapath,50,0.5,0.5
55,gigapath,100,0.5,0.5
55,gigapath,200,0.5,0.5
55,gigapath,500,0.5,0.5
55,gigapath,1000,0.5,0.5
55,uni2,20,0.5,0.5
55,uni2,50,0.5,0.5
55,uni2,100,0.5,0.5
55,uni2,200,0.5,0.5
55,uni2,500,0.5,0.5
55,uni2,1000,0.5,0.5
55,virchow2,20,0.5,0.5
55,virchow2,50,0.5,0.5
55,virchow2,100,0.5,0.5
55,virchow2,200,0.5,0.5
55,virchow2,500,0.5,0.5
55,virchow2,1000,0.5,0.5
56,gigapath,20,0.16666666666666666,0.16666666666666666
56,gigapath,50,0.16666666666666666,0.16666666666666666
56,gigapath,100,0.16666666666666666,0.16666666666666666
56,gigapath,200,0.16666666666666666,0.16666666666666666
56,gigapath,500,0.16666666666666666,0.16666666666666666
56,gigapath,1000,0.16666666666666666,0.16666666666666666
56,uni2,20,0.16666666666666666,0.3333333333333333
56,uni2,50,0.16666666666666666,0.16666666666666666
56,uni2,100,0.16666666666666666,0.16666666666666666
56,uni2,200,0.16666666666666666,0.16666666666666666
56,uni2,500,0.16666666666666666,0.16666666666666666
56,uni2,1000,0.16666666666666666,0.16666666666666666
56,virchow2,20,0.16666666666666666,0.5
56,virchow2,50,0.16666666666666666,0.16666666666666666
56,virchow2,100,0.16666666666666666,0.16666666666666666
56,virchow2,200,0.16666666666666666,0.16666666666666666
56,virchow2,500,0.16666666666666666,0.16666666666666666
56,virchow2,1000,0.16666666666666666,0.16666666666666666
57,gigapath,20,0.16666666666666666,0.5
57,gigapath,50,0.16666666666666666,0.5
57,gigapath,100,0.16666666666666666,0.5
57,gigapath,200,0.16666666666666666,0.5
57,gigapath,500,0.16666666666666666,0.16666666666666666
57,gigapath,1000,0.16666666666666666,0.16666666666666666
57,uni2,20,0.16666666666666666,0.16666666666666666
57,uni2,50,0.16666666666666666,0.16666666666666666
57,uni2,100,0.16666666666666666,0.16666666666666666
57,uni2,200,0.16666666666666666,0.16666666666666666
57,uni2,500,0.16666666666666666,0.16666666666666666
57,uni2,1000,0.16666666666666666,0.16666666666666666
57,virchow2,20,0.16666666666666666,0.16666666666666666
57,virchow2,50,0.16666666666666666,0.16666666666666666
57,virchow2,100,0.16666666666666666,0.16666666666666666
57,virchow2,200,0.16666666666666666,0.16666666666666666
57,virchow2,500,0.16666666666666666,0.16666666666666666
57,virchow2,1000,0.16666666666666666,0.16666666666666666
58,gigapath,20,0.5,0.5
58,gigapath,50,0.5,0.5
58,gigapath,100,0.5,0.5
58,gigapath,200,0.5,0.5
58,gigapath,500,0.5,0.5
58,gigapath,1000,0.5,0.5
58,uni2,20,0.8333333333333334,0.0
58,uni2,50,0.8333333333333334,0.8333333333333334
58,uni2,100,0.8333333333333334,0.6666666666666666
58,uni2,200,0.8333333333333334,0.8333333333333334
58,uni2,500,0.8333333333333334,0.8333333333333334
58,uni2,1000,0.8333333333333334,0.8333333333333334
58,virchow2,20,0.8333333333333334,0.8333333333333334
58,virchow2,50,0.8333333333333334,0.8333333333333334
58,virchow2,100,0.8333333333333334,0.8333333333333334
58,virchow2,200,0.8333333333333334,0.5
58,virchow2,500,0.8333333333333334,0.5
58,virchow2,1000,0.8333333333333334,0.8333333333333334
59,gigapath,20,0.8333333333333334,0.5
59,gigapath,50,0.8333333333333334,0.5
59,gigapath,100,0.8333333333333334,0.6666666666666666
59,gigapath,200,0.8333333333333334,0.8333333333333334
59,gigapath,500,0.8333333333333334,0.8333333333333334
59,gigapath,1000,0.8333333333333334,0.8333333333333334
59,uni2,20,0.5,0.6666666666666666
59,uni2,50,0.5,0.5
59,uni2,100,0.5,0.5
59,uni2,200,0.5,0.5
59,uni2,500,0.5,0.5
59,uni2,1000,0.5,0.5
59,virchow2,20,0.5,0.5
59,virchow2,50,0.5,0.8333333333333334
59,virchow2,100,0.5,0.6666666666666666
59,virchow2,200,0.5,0.6666666666666666
59,virchow2,500,0.5,0.5
59,virchow2,1000,0.5,0.5
60,gigapath,20,0.6666666666666666,0.0
60,gigapath,50,0.6666666666666666,0.8333333333333334
60,gigapath,100,0.6666666666666666,0.8333333333333334
60,gigapath,200,0.6666666666666666,0.6666666666666666
60,gigapath,500,0.6666666666666666,0.6666666666666666
60,gigapath,1000,0.6666666666666666,0.6666666666666666
60,uni2,20,0.6666666666666666,0.6666666666666666
60,uni2,50,0.6666666666666666,0.6666666666666666
60,uni2,100,0.6666666666666666,0.6666666666666666
60,uni2,200,0.6666666666666666,0.6666666666666666
60,uni2,500,0.6666666666666666,0.6666666666666666
60,uni2,1000,0.6666666666666666,0.6666666666666666
60,virchow2,20,0.6666666666666666,0.5
60,virchow2,50,0.6666666666666666,0.3333333333333333
60,virchow2,100,0.6666666666666666,0.3333333333333333
60,virchow2,200,0.6666666666666666,0.3333333333333333
60,virchow2,500,0.6666666666666666,0.3333333333333333
60,virchow2,1000,0.6666666666666666,0.3333333333333333
61,gigapath,20,0.6666666666666666,0.5
61,gigapath,50,0.6666666666666666,0.8333333333333334
61,gigapath,100,0.6666666666666666,0.5
61,gigapath,200,0.6666666666666666,0.5
61,gigapath,500,0.6666666666666666,0.6666666666666666
61,gigapath,1000,0.6666666666666666,0.6666666666666666
61,uni2,20,0.16666666666666666,0.16666666666666666
61,uni2,50,0.16666666666666666,0.16666666666666666
61,uni2,100,0.16666666666666666,0.5
61,uni2,200,0.16666666666666666,0.16666666666666666
61,uni2,500,0.16666666666666666,0.16666666666666666
61,uni2,1000,0.16666666666666666,0.16666666666666666
61,virchow2,20,0.5,0.6666666666666666
61,virchow2,50,0.5,0.5
61,virchow2,100,0.5,0.5
61,virchow2,200,0.5,0.5
61,virchow2,500,0.5,0.5
61,virchow2,1000,0.5,0.5
62,gigapath,20,0.5,0.3333333333333333
62,gigapath,50,0.5,0.3333333333333333
62,gigapath,100,0.5,0.6666666666666666
62,gigapath,200,0.5,0.6666666666666666
62,gigapath,500,0.5,0.6666666666666666
62,gigapath,1000,0.5,0.5
62,uni2,20,0.5,0.5
62,uni2,50,0.5,0.5
62,uni2,100,0.5,0.5
62,uni2,200,0.5,0.5
62,uni2,500,0.5,0.5
62,uni2,1000,0.5,0.5
62,virchow2,20,0.5,0.16666666666666666
62,virchow2,50,0.5,0.3333333333333333
62,virchow2,100,0.5,0.0
62,virchow2,200,0.5,0.3333333333333333
62,virchow2,500,0.5,0.3333333333333333
62,virchow2,1000,0.5,0.3333333333333333
63,gigapath,20,0.16666666666666666,0.8333333333333334
63,gigapath,50,0.16666666666666666,0.5
63,gigapath,100,0.16666666666666666,0.5
63,gigapath,200,0.16666666666666666,0.5
63,gigapath,500,0.16666666666666666,0.5
63,gigapath,1000,0.16666666666666666,0.16666666666666666
63,uni2,20,0.8333333333333334,0.8333333333333334
63,uni2,50,0.8333333333333334,0.8333333333333334
63,uni2,100,0.8333333333333334,0.8333333333333334
63,uni2,200,0.8333333333333334,0.8333333333333334
63,uni2,500,0.8333333333333334,0.8333333333333334
63,uni2,1000,0.8333333333333334,0.8333333333333334
63,virchow2,20,0.5,0.8333333333333334
63,virchow2,50,0.5,0.5
63,virchow2,100,0.5,0.5
63,virchow2,200,0.5,0.16666666666666666
63,virchow2,500,0.5,0.5
63,virchow2,1000,0.5,0.8333333333333334
64,gigapath,20,0.5,0.5
64,gigapath,50,0.5,0.5
64,gigapath,100,0.5,0.5
64,gigapath,200,0.5,0.5
64,gigapath,500,0.5,0.5
64,gigapath,1000,0.5,0.5
64,uni2,20,0.5,0.5
64,uni2,50,0.5,0.5
64,uni2,100,0.5,0.5
64,uni2,200,0.5,0.5
64,uni2,500,0.5,0.5
64,uni2,1000,0.5,0.5
64,virchow2,20,0.5,0.16666666666666666
64,virchow2,50,0.5,0.16666666666666666
64,virchow2,100,0.5,0.16666666666666666
64,virchow2,200,0.5,0.5
64,virchow2,500,0.5,0.5
64,virchow2,1000,0.5,0.5
65,gigapath,20,0.3333333333333333,0.3333333333333333
65,gigapath,50,0.3333333333333333,0.3333333333333333
65,gigapath,100,0.3333333333333333,0.3333333333333333
65,gigapath,200,0.3333333333333333,0.3333333333333333
65,gigapath,500,0.3333333333333333,0.3333333333333333
65,gigapath,1000,0.3333333333333333,0.3333333333333333
65,uni2,20,0.3333333333333333,0.3333333333333333
65,uni2,50,0.3333333333333333,0.5
65,uni2,100,0.3333333333333333,0.3333333333333333
65,uni2,200,0.3333333333333333,0.3333333333333333
65,uni2,500,0.3333333333333333,0.3333333333333333
65,uni2,1000,0.3333333333333333,0.3333333333333333
65,virchow2,20,0.3333333333333333,0.3333333333333333
65,virchow2,50,0.3333333333333333,0.3333333333333333
65,virchow2,100,0.3333333333333333,0.3333333333333333
65,virchow2,200,0.3333333333333333,0.3333333333333333
65,virchow2,500,0.3333333333333333,0.3333333333333333
65,virchow2,1000,0.3333333333333333,0.3333333333333333
66,gigapath,20,0.16666666666666666,0.3333333333333333
66,gigapath,50,0.16666666666666666,0.16666666666666666
66,gigapath,100,0.16666666666666666,0.16666666666666666
66,gigapath,200,0.16666666666666666,0.16666666666666666
66,gigapath,500,0.16666666666666666,0.16666666666666666
66,gigapath,1000,0.16666666666666666,0.16666666666666666
66,uni2,20,0.16666666666666666,0.16666666666666666
66,uni2,50,0.16666666666666666,0.16666666666666666
66,uni2,100,0.16666666666666666,0.16666666666666666
66,uni2,200,0.16666666666666666,0.16666666666666666
66,uni2,500,0.16666666666666666,0.16666666666666666
66,uni2,1000,0.16666666666666666,0.16666666666666666
66,virchow2,20,0.16666666666666666,0.0
66,virchow2,50,0.16666666666666666,0.16666666666666666
66,virchow2,100,0.16666666666666666,0.0
66,virchow2,200,0.16666666666666666,0.16666666666666666
66,virchow2,500,0.16666666666666666,0.16666666666666666
66,virchow2,1000,0.16666666666666666,0.16666666666666666
67,gigapath,20,0.3333333333333333,0.6666666666666666
67,gigapath,50,0.3333333333333333,0.8333333333333334
67,gigapath,100,0.3333333333333333,0.3333333333333333
67,gigapath,200,0.3333333333333333,0.3333333333333333
67,gigapath,500,0.3333333333333333,0.3333333333333333
67,gigapath,1000,0.3333333333333333,0.3333333333333333
67,uni2,20,0.5,0.8333333333333334
67,uni2,50,0.5,0.8333333333333334
67,uni2,100,0.5,0.8333333333333334
67,uni2,200,0.5,0.8333333333333334
67,uni2,500,0.5,0.8333333333333334
67,uni2,1000,0.5,0.5
67,virchow2,20,0.3333333333333333,0.3333333333333333
67,virchow2,50,0.3333333333333333,0.6666666666666666
67,virchow2,100,0.3333333333333333,0.6666666666666666
67,virchow2,200,0.3333333333333333,0.6666666666666666
67,virchow2,500,0.3333333333333333,0.6666666666666666
67,virchow2,1000,0.3333333333333333,0.6666666666666666
68,gigapath,20,0.8333333333333334,0.5
68,gigapath,50,0.8333333333333334,0.5
68,gigapath,100,0.8333333333333334,0.5
68,gigapath,200,0.8333333333333334,0.16666666666666666
68,gigapath,500,0.8333333333333334,0.5
68,gigapath,1000,0.8333333333333334,0.8333333333333334
68,uni2,20,0.5,0.5
68,uni2,50,0.5,0.5
68,uni2,100,0.5,0.5
68,uni2,200,0.5,0.5
68,uni2,500,0.5,0.5
68,uni2,1000,0.5,0.5
68,virchow2,20,0.5,0.5
68,virchow2,50,0.5,0.5
68,virchow2,100,0.5,0.5
68,virchow2,200,0.5,0.5
68,virchow2,500,0.5,0.5
68,virchow2,1000,0.5,0.5
69,gigapath,20,0.8333333333333334,1.0
69,gigapath,50,0.8333333333333334,1.0
69,gigapath,100,0.8333333333333334,0.8333333333333334
69,gigapath,200,0.8333333333333334,0.5
69,gigapath,500,0.8333333333333334,0.8333333333333334
69,gigapath,1000,0.8333333333333334,0.8333333333333334
69,uni2,20,0.5,0.5
69,uni2,50,0.5,0.16666666666666666
69,uni2,100,0.5,0.16666666666666666
69,uni2,200,0.5,0.16666666666666666
69,uni2,500,0.5,0.5
69,uni2,1000,0.5,0.5
69,virchow2,20,0.8333333333333334,0.5
69,virchow2,50,0.8333333333333334,0.6666666666666666
69,virchow2,100,0.8333333333333334,0.5
69,virchow2,200,0.8333333333333334,0.5
69,virchow2,500,0.8333333333333334,0.5
69,virchow2,1000,0.8333333333333334,0.8333333333333334
70,gigapath,20,0.3333333333333333,0.3333333333333333
70,gigapath,50,0.3333333333333333,0.3333333333333333
70,gigapath,100,0.3333333333333333,0.3333333333333333
70,gigapath,200,0.3333333333333333,0.3333333333333333
70,gigapath,500,0.3333333333333333,0.3333333333333333
70,gigapath,1000,0.3333333333333333,0.6666666666666666
70,uni2,20,0.8333333333333334,0.6666666666666666
70,uni2,50,0.8333333333333334,0.6666666666666666
70,uni2,100,0.8333333333333334,0.8333333333333334
70,uni2,200,0.8333333333333334,0.8333333333333334
70,uni2,500,0.8333333333333334,0.8333333333333334
70,uni2,1000,0.8333333333333334,0.8333333333333334
70,virchow2,20,0.3333333333333333,0.0
70,virchow2,50,0.3333333333333333,0.5
70,virchow2,100,0.3333333333333333,0.5
70,virchow2,200,0.3333333333333333,0.3333333333333333
70,virchow2,500,0.3333333333333333,0.3333333333333333
70,virchow2,1000,0.3333333333333333,0.5
71,gigapath,20,0.8333333333333334,0.6666666666666666
71,gigapath,50,0.8333333333333334,0.6666666666666666
71,gigapath,100,0.8333333333333334,0.8333333333333334
71,gigapath,200,0.8333333333333334,0.6666666666666666
71,gigapath,500,0.8333333333333334,1.0
71,gigapath,1000,0.8333333333333334,0.8333333333333334
71,uni2,20,0.8333333333333334,0.5
71,uni2,50,0.8333333333333334,0.5
71,uni2,100,0.8333333333333334,0.8333333333333334
71,uni2,200,0.8333333333333334,0.8333333333333334
71,uni2,500,0.8333333333333334,0.8333333333333334
71,uni2,1000,0.8333333333333334,0.8333333333333334
71,virchow2,20,0.8333333333333334,0.8333333333333334
71,virchow2,50,0.8333333333333334,0.3333333333333333
71,virchow2,100,0.8333333333333334,0.6666666666666666
71,virchow2,200,0.8333333333333334,0.6666666666666666
71,virchow2,500,0.8333333333333334,0.6666666666666666
71,virchow2,1000,0.8333333333333334,0.6666666666666666
72,gigapath,20,0.5,0.5
72,gigapath,50,0.5,0.5
72,gigapath,100,0.5,0.5
72,gigapath,200,0.5,0.5
72,gigapath,500,0.5,0.5
72,gigapath,1000,0.5,0.5
72,uni2,20,0.5,0.16666666666666666
72,uni2,50,0.5,0.5
72,uni2,100,0.5,0.5
72,uni2,200,0.5,0.5
72,uni2,500,0.5,0.5
72,uni2,1000,0.5,0.5
72,virchow2,20,0.5,0.16666666666666666
72,virchow2,50,0.5,0.16666666666666666
72,virchow2,100,0.5,0.16666666666666666
72,virchow2,200,0.5,0.16666666666666666
72,virchow2,500,0.5,0.5
72,virchow2,1000,0.5,0.5
73,gigapath,20,0.8333333333333334,0.8333333333333334
73,gigapath,50,0.8333333333333334,0.8333333333333334
73,gigapath,100,0.8333333333333334,0.8333333333333334
73,gigapath,200,0.8333333333333334,0.8333333333333334
73,gigapath,500,0.8333333333333334,0.8333333333333334
73,gigapath,1000,0.8333333333333334,0.8333333333333334
73,uni2,20,0.8333333333333334,0.6666666666666666
73,uni2,50,0.8333333333333334,0.8333333333333334
73,uni2,100,0.8333333333333334,0.8333333333333334
73,uni2,200,0.8333333333333334,0.8333333333333334
73,uni2,500,0.8333333333333334,0.8333333333333334
73,uni2,1000,0.8333333333333334,0.8333333333333334
73,virchow2,20,0.8333333333333334,0.5
73,virchow2,50,0.8333333333333334,0.8333333333333334
73,virchow2,100,0.8333333333333334,0.8333333333333334
73,virchow2,200,0.8333333333333334,0.8333333333333334
73,virchow2,500,0.8333333333333334,0.8333333333333334
73,virchow2,1000,0.8333333333333334,0.8333333333333334
74,gigapath,20,0.3333333333333333,0.3333333333333333
74,gigapath,50,0.3333333333333333,0.3333333333333333
74,gigapath,100,0.3333333333333333,0.3333333333333333
74,gigapath,200,0.3333333333333333,0.3333333333333333
74,gigapath,500,0.3333333333333333,0.3333333333333333
74,gigapath,1000,0.3333333333333333,0.3333333333333333
74,uni2,20,0.3333333333333333,0.3333333333333333
74,uni2,50,0.3333333333333333,0.5
74,uni2,100,0.3333333333333333,0.3333333333333333
74,uni2,200,0.3333333333333333,0.3333333333333333
74,uni2,500,0.3333333333333333,0.3333333333333333
74,uni2,1000,0.3333333333333333,0.3333333333333333
74,virchow2,20,0.3333333333333333,0.3333333333333333
74,virchow2,50,0.3333333333333333,0.3333333333333333
74,virchow2,100,0.3333333333333333,0.3333333333333333
74,virchow2,200,0.3333333333333333,0.3333333333333333
74,virchow2,500,0.3333333333333333,0.3333333333333333
74,virchow2,1000,0.3333333333333333,0.3333333333333333
75,gigapath,20,0.3333333333333333,0.3333333333333333
75,gigapath,50,0.3333333333333333,0.16666666666666666
75,gigapath,100,0.3333333333333333,0.3333333333333333
75,gigapath,200,0.3333333333333333,0.3333333333333333
75,gigapath,500,0.3333333333333333,0.3333333333333333
75,gigapath,1000,0.3333333333333333,0.3333333333333333
75,uni2,20,0.3333333333333333,0.3333333333333333
75,uni2,50,0.3333333333333333,0.3333333333333333
75,uni2,100,0.3333333333333333,0.3333333333333333
75,uni2,200,0.3333333333333333,0.3333333333333333
75,uni2,500,0.3333333333333333,0.3333333333333333
75,uni2,1000,0.3333333333333333,0.3333333333333333
75,virchow2,20,0.3333333333333333,0.5
75,virchow2,50,0.3333333333333333,0.3333333333333333
75,virchow2,100,0.3333333333333333,0.3333333333333333
75,virchow2,200,0.3333333333333333,0.3333333333333333
75,virchow2,500,0.3333333333333333,0.3333333333333333
75,virchow2,1000,0.3333333333333333,0.3333333333333333
76,gigapath,20,0.5,0.3333333333333333
76,gigapath,50,0.5,0.3333333333333333
76,gigapath,100,0.5,0.3333333333333333
76,gigapath,200,0.5,0.3333333333333333
76,gigapath,500,0.5,0.5
76,gigapath,1000,0.5,0.5
76,uni2,20,0.5,0.5
76,uni2,50,0.5,0.5
76,uni2,100,0.5,0.5
76,uni2,200,0.5,0.5
76,uni2,500,0.5,0.5
76,uni2,1000,0.5,0.5
76,virchow2,20,0.5,0.5
76,virchow2,50,0.5,0.5
76,virchow2,100,0.5,0.5
76,virchow2,200,0.5,0.5
76,virchow2,500,0.5,0.16666666666666666
76,virchow2,1000,0.5,0.16666666666666666
77,gigapath,20,0.5,0.5
77,gigapath,50,0.5,0.5
77,gigapath,100,0.5,0.16666666666666666
77,gigapath,200,0.5,0.8333333333333334
77,gigapath,500,0.5,0.5
77,gigapath,1000,0.5,0.5
77,uni2,20,0.16666666666666666,0.3333333333333333
77,uni2,50,0.16666666666666666,0.16666666666666666
77,uni2,100,0.16666666666666666,0.16666666666666666
77,uni2,200,0.16666666666666666,0.16666666666666666
77,uni2,500,0.16666666666666666,0.16666666666666666
77,uni2,1000,0.16666666666666666,0.16666666666666666
77,virchow2,20,0.16666666666666666,0.5
77,virchow2,50,0.16666666666666666,0.5
77,virchow2,100,0.16666666666666666,0.5
77,virchow2,200,0.16666666666666666,0.5
77,virchow2,500,0.16666666666666666,0.16666666666666666
77,virchow2,1000,0.16666666666666666,0.16666666666666666
78,gigapath,20,0.5,0.3333333333333333
78,gigapath,50,0.5,0.5
78,gigapath,100,0.5,0.5
78,gigapath,200,0.5,0.5
78,gigapath,500,0.5,0.5
78,gigapath,1000,0.5,0.5
78,uni2,20,0.5,0.5
78,uni2,50,0.5,0.5
78,uni2,100,0.5,0.5
78,uni2,200,0.5,0.5
78,uni2,500,0.5,0.5
78,uni2,1000,0.5,0.5
78,virchow2,20,0.16666666666666666,0.16666666666666666
78,virchow2,50,0.16666666666666666,0.3333333333333333
78,virchow2,100,0.16666666666666666,0.16666666666666666
78,virchow2,200,0.16666666666666666,0.16666666666666666
78,virchow2,500,0.16666666666666666,0.16666666666666666
78,virchow2,1000,0.16666666666666666,0.16666666666666666
79,gigapath,20,0.5,0.5
79,gigapath,50,0.5,0.3333333333333333
79,gigapath,100,0.5,0.5
79,gigapath,200,0.5,0.5
79,gigapath,500,0.5,0.5
79,gigapath,1000,0.5,0.5
79,uni2,20,0.3333333333333333,0.16666666666666666
79,uni2,50,0.3333333333333333,0.3333333333333333
79,uni2,100,0.3333333333333333,0.3333333333333333
79,uni2,200,0.3333333333333333,0.3333333333333333
79,uni2,500,0.3333333333333333,0.3333333333333333
79,uni2,1000,0.3333333333333333,0.3333333333333333
79,virchow2,20,0.16666666666666666,0.3333333333333333
79,virchow2,50,0.16666666666666666,0.0
79,virchow2,100,0.16666666666666666,0.16666666666666666
79,virchow2,200,0.16666666666666666,0.16666666666666666
79,virchow2,500,0.16666666666666666,0.16666666666666666
79,virchow2,1000,0.16666666666666666,0.16666666666666666
80,gigapath,20,0.3333333333333333,0.3333333333333333
80,gigapath,50,0.3333333333333333,0.3333333333333333
80,gigapath,100,0.3333333333333333,0.3333333333333333
80,gigapath,200,0.3333333333333333,0.3333333333333333
80,gigapath,500,0.3333333333333333,0.3333333333333333
80,gigapath,1000,0.3333333333333333,0.3333333333333333
80,uni2,20,0.6666666666666666,0.5
80,uni2,50,0.6666666666666666,0.6666666666666666
80,uni2,100,0.6666666666666666,0.3333333333333333
80,uni2,200,0.6666666666666666,0.3333333333333333
80,uni2,500,0.6666666666666666,0.3333333333333333
80,uni2,1000,0.6666666666666666,0.6666666666666666
80,virchow2,20,0.3333333333333333,0.6666666666666666
80,virchow2,50,0.3333333333333333,0.5
80,virchow2,100,0.3333333333333333,0.3333333333333333
80,virchow2,200,0.3333333333333333,0.3333333333333333
80,virchow2,500,0.3333333333333333,0.3333333333333333
80,virchow2,1000,0.3333333333333333,0.3333333333333333
81,gigapath,20,0.16666666666666666,0.16666666666666666
81,gigapath,50,0.16666666666666666,0.3333333333333333
81,gigapath,100,0.16666666666666666,0.16666666666666666
81,gigapath,200,0.16666666666666666,0.16666666666666666
81,gigapath,500,0.16666666666666666,0.16666666666666666
81,gigapath,1000,0.16666666666666666,0.16666666666666666
81,uni2,20,0.16666666666666666,0.16666666666666666
81,uni2,50,0.16666666666666666,0.16666666666666666
81,uni2,100,0.16666666666666666,0.16666666666666666
81,uni2,200,0.16666666666666666,0.16666666666666666
81,uni2,500,0.16666666666666666,0.16666666666666666
81,uni2,1000,0.16666666666666666,0.16666666666666666
81,virchow2,20,0.16666666666666666,0.16666666666666666
81,virchow2,50,0.16666666666666666,0.16666666666666666
81,virchow2,100,0.16666666666666666,0.16666666666666666
81,virchow2,200,0.16666666666666666,0.16666666666666666
81,virchow2,500,0.16666666666666666,0.16666666666666666
81,virchow2,1000,0.16666666666666666,0.16666666666666666
82,gigapath,20,0.3333333333333333,0.5
82,gigapath,50,0.3333333333333333,0.3333333333333333
82,gigapath,100,0.3333333333333333,0.5
82,gigapath,200,0.3333333333333333,0.5
82,gigapath,500,0.3333333333333333,0.5
82,gigapath,1000,0.3333333333333333,0.3333333333333333
82,uni2,20,0.5,0.5
82,uni2,50,0.5,0.5
82,uni2,100,0.5,0.5
82,uni2,200,0.5,0.5
82,uni2,500,0.5,0.5
82,uni2,1000,0.5,0.5
82,virchow2,20,0.0,0.16666666666666666
82,virchow2,50,0.0,0.0
82,virchow2,100,0.0,0.3333333333333333
82,virchow2,200,0.0,0.0
82,virchow2,500,0.0,0.0
82,virchow2,1000,0.0,0.0
83,gigapath,20,0.5,0.16666666666666666
83,gigapath,50,0.5,0.16666666666666666
83,gigapath,100,0.5,0.3333333333333333
83,gigapath,200,0.5,0.3333333333333333
83,gigapath,500,0.5,0.3333333333333333
83,gigapath,1000,0.5,0.5
83,uni2,20,0.5,0.3333333333333333
83,uni2,50,0.5,0.3333333333333333
83,uni2,100,0.5,0.5
83,uni2,200,0.5,0.5
83,uni2,500,0.5,0.5
83,uni2,1000,0.5,0.5
83,virchow2,20,0.8333333333333334,0.3333333333333333
83,virchow2,50,0.8333333333333334,0.8333333333333334
83,virchow2,100,0.8333333333333334,0.8333333333333334
83,virchow2,200,0.8333333333333334,0.5
83,virchow2,500,0.8333333333333334,0.5
83,virchow2,1000,0.8333333333333334,0.8333333333333334
84,gigapath,20,0.5,0.6666666666666666
84,gigapath,50,0.5,0.5
84,gigapath,100,0.5,0.5
84,gigapath,200,0.5,0.5
84,gigapath,500,0.5,0.5
84,gigapath,1000,0.5,0.5
84,uni2,20,0.8333333333333334,0.16666666666666666
84,uni2,50,0.8333333333333334,0.5
84,uni2,100,0.8333333333333334,0.8333333333333334
84,uni2,200,0.8333333333333334,0.8333333333333334
84,uni2,500,0.8333333333333334,0.8333333333333334
84,uni2,1000,0.8333333333333334,0.8333333333333334
84,virchow2,20,0.5,0.3333333333333333
84,virchow2,50,0.5,0.3333333333333333
84,virchow2,100,0.5,0.5
84,virchow2,200,0.5,0.5
84,virchow2,500,0.5,0.5
84,virchow2,1000,0.5,0.5
85,gigapath,20,0.6666666666666666,0.5
85,gigapath,50,0.6666666666666666,0.6666666666666666
85,gigapath,100,0.6666666666666666,0.6666666666666666
85,gigapath,200,0.6666666666666666,0.5
85,gigapath,500,0.6666666666666666,0.3333333333333333
85,gigapath,1000,0.6666666666666666,0.3333333333333333
85,uni2,20,0.6666666666666666,0.5
85,uni2,50,0.6666666666666666,0.5
85,uni2,100,0.6666666666666666,0.5
85,uni2,200,0.6666666666666666,0.6666666666666666
85,uni2,500,0.6666666666666666,0.6666666666666666
85,uni2,1000,0.6666666666666666,0.6666666666666666
85,virchow2,20,0.3333333333333333,0.5
85,virchow2,50,0.3333333333333333,0.5
85,virchow2,100,0.3333333333333333,0.6666666666666666
85,virchow2,200,0.3333333333333333,0.3333333333333333
85,virchow2,500,0.3333333333333333,0.3333333333333333
85,virchow2,1000,0.3333333333333333,0.3333333333333333
86,gigapath,20,0.3333333333333333,0.5
86,gigapath,50,0.3333333333333333,0.3333333333333333
86,gigapath,100,0.3333333333333333,0.3333333333333333
86,gigapath,200,0.3333333333333333,0.3333333333333333
86,gigapath,500,0.3333333333333333,0.3333333333333333
86,gigapath,1000,0.3333333333333333,0.3333333333333333
86,uni2,20,0.3333333333333333,0.3333333333333333
86,uni2,50,0.3333333333333333,0.3333333333333333
86,uni2,100,0.3333333333333333,0.3333333333333333
86,uni2,200,0.3333333333333333,0.3333333333333333
86,uni2,500,0.3333333333333333,0.3333333333333333
86,uni2,1000,0.3333333333333333,0.3333333333333333
86,virchow2,20,0.3333333333333333,0.16666666666666666
86,virchow2,50,0.3333333333333333,0.3333333333333333
86,virchow2,100,0.3333333333333333,0.3333333333333333
86,virchow2,200,0.3333333333333333,0.16666666666666666
86,virchow2,500,0.3333333333333333,0.3333333333333333
86,virchow2,1000,0.3333333333333333,0.3333333333333333
87,gigapath,20,0.6666666666666666,0.6666666666666666
87,gigapath,50,0.6666666666666666,0.6666666666666666
87,gigapath,100,0.6666666666666666,0.6666666666666666
87,gigapath,200,0.6666666666666666,0.6666666666666666
87,gigapath,500,0.6666666666666666,0.6666666666666666
87,gigapath,1000,0.6666666666666666,0.6666666666666666
87,uni2,20,0.6666666666666666,0.3333333333333333
87,uni2,50,0.6666666666666666,0.6666666666666666
87,uni2,100,0.6666666666666666,0.6666666666666666
87,uni2,200,0.6666666666666666,0.8333333333333334
87,uni2,500,0.6666666666666666,0.6666666666666666
87,uni2,1000,0.6666666666666666,0.6666666666666666
87,virchow2,20,0.3333333333333333,0.3333333333333333
87,virchow2,50,0.3333333333333333,0.3333333333333333
87,virchow2,100,0.3333333333333333,0.3333333333333333
87,virchow2,200,0.3333333333333333,0.3333333333333333
87,virchow2,500,0.3333333333333333,0.3333333333333333
87,virchow2,1000,0.3333333333333333,0.3333333333333333
88,gigapath,20,0.6666666666666666,0.3333333333333333
88,gigapath,50,0.6666666666666666,0.3333333333333333
88,gigapath,100,0.6666666666666666,0.6666666666666666
88,gigapath,200,0.6666666666666666,0.6666666666666666
88,gigapath,500,0.6666666666666666,0.6666666666666666
88,gigapath,1000,0.6666666666666666,0.6666666666666666
88,uni2,20,0.6666666666666666,0.6666666666666666
88,uni2,50,0.6666666666666666,0.6666666666666666
88,uni2,100,0.6666666666666666,0.6666666666666666
88,uni2,200,0.6666666666666666,1.0
88,uni2,500,0.6666666666666666,1.0
88,uni2,1000,0.6666666666666666,0.6666666666666666
88,virchow2,20,0.6666666666666666,0.3333333333333333
88,virchow2,50,0.6666666666666666,0.6666666666666666
88,virchow2,100,0.6666666666666666,0.6666666666666666
88,virchow2,200,0.6666666666666666,0.6666666666666666
88,virchow2,500,0.6666666666666666,0.6666666666666666
88,virchow2,1000,0.6666666666666666,0.6666666666666666
89,gigapath,20,0.5,0.5
89,gigapath,50,0.5,0.8333333333333334
89,gigapath,100,0.5,0.5
89,gigapath,200,0.5,0.5
89,gigapath,500,0.5,0.5
89,gigapath,1000,0.5,0.5
89,uni2,20,0.5,0.3333333333333333
89,uni2,50,0.5,0.3333333333333333
89,uni2,100,0.5,0.3333333333333333
89,uni2,200,0.5,0.5
89,uni2,500,0.5,0.5
89,uni2,1000,0.5,0.5
89,virchow2,20,0.5,0.5
89,virchow2,50,0.5,0.5
89,virchow2,100,0.5,0.16666666666666666
89,virchow2,200,0.5,0.5
89,virchow2,500,0.5,0.5
89,virchow2,1000,0.5,0.5
90,gigapath,20,0.6666666666666666,0.5
90,gigapath,50,0.6666666666666666,0.6666666666666666
90,gigapath,100,0.6666666666666666,0.6666666666666666
90,gigapath,200,0.6666666666666666,0.6666666666666666
90,gigapath,500,0.6666666666666666,0.6666666666666666
90,gigapath,1000,0.6666666666666666,0.6666666666666666
90,uni2,20,0.6666666666666666,0.5
90,uni2,50,0.6666666666666666,0.3333333333333333
90,uni2,100,0.6666666666666666,0.6666666666666666
90,uni2,200,0.6666666666666666,0.6666666666666666
90,uni2,500,0.6666666666666666,0.8333333333333334
90,uni2,1000,0.6666666666666666,0.6666666666666666
90,virchow2,20,0.8333333333333334,0.5
90,virchow2,50,0.8333333333333334,0.8333333333333334
90,virchow2,100,0.8333333333333334,0.8333333333333334
90,virchow2,200,0.8333333333333334,0.8333333333333334
90,virchow2,500,0.8333333333333334,0.8333333333333334
90,virchow2,1000,0.8333333333333334,0.8333333333333334
91,gigapath,20,0.3333333333333333,0.0
91,gigapath,50,0.3333333333333333,0.16666666666666666
91,gigapath,100,0.3333333333333333,0.16666666666666666
91,gigapath,200,0.3333333333333333,0.0
91,gigapath,500,0.3333333333333333,0.3333333333333333
91,gigapath,1000,0.3333333333333333,0.5
91,uni2,20,0.5,0.3333333333333333
91,uni2,50,0.5,0.5
91,uni2,100,0.5,0.5
91,uni2,200,0.5,0.5
91,uni2,500,0.5,0.5
91,uni2,1000,0.5,0.5
91,virchow2,20,0.3333333333333333,0.3333333333333333
91,virchow2,50,0.3333333333333333,0.3333333333333333
91,virchow2,100,0.3333333333333333,0.3333333333333333
91,virchow2,200,0.3333333333333333,0.3333333333333333
91,virchow2,500,0.3333333333333333,0.3333333333333333
91,virchow2,1000,0.3333333333333333,0.3333333333333333
92,gigapath,20,0.5,0.5
92,gigapath,50,0.5,0.5
92,gigapath,100,0.5,0.5
92,gigapath,200,0.5,0.5
92,gigapath,500,0.5,0.5
92,gigapath,1000,0.5,0.5
92,uni2,20,0.8333333333333334,0.8333333333333334
92,uni2,50,0.8333333333333334,0.8333333333333334
92,uni2,100,0.8333333333333334,0.8333333333333334
92,uni2,200,0.8333333333333334,0.8333333333333334
92,uni2,500,0.8333333333333334,0.8333333333333334
92,uni2,1000,0.8333333333333334,0.8333333333333334
92,virchow2,20,0.5,0.5
92,virchow2,50,0.5,0.5
92,virchow2,100,0.5,0.3333333333333333
92,virchow2,200,0.5,0.3333333333333333
92,virchow2,500,0.5,0.5
92,virchow2,1000,0.5,0.5
93,gigapath,20,0.5,0.8333333333333334
93,gigapath,50,0.5,0.5
93,gigapath,100,0.5,0.8333333333333334
93,gigapath,200,0.5,0.8333333333333334
93,gigapath,500,0.5,0.8333333333333334
93,gigapath,1000,0.5,0.5
93,uni2,20,0.8333333333333334,0.16666666666666666
93,uni2,50,0.8333333333333334,0.8333333333333334
93,uni2,100,0.8333333333333334,0.8333333333333334
93,uni2,200,0.8333333333333334,0.8333333333333334
93,uni2,500,0.8333333333333334,0.8333333333333334
93,uni2,1000,0.8333333333333334,0.8333333333333334
93,virchow2,20,0.16666666666666666,0.5
93,virchow2,50,0.16666666666666666,0.16666666666666666
93,virchow2,100,0.16666666666666666,0.5
93,virchow2,200,0.16666666666666666,0.5
93,virchow2,500,0.16666666666666666,0.5
93,virchow2,1000,0.16666666666666666,0.16666666666666666
94,gigapath,20,0.6666666666666666,0.5
94,gigapath,50,0.6666666666666666,0.8333333333333334
94,gigapath,100,0.6666666666666666,0.8333333333333334
94,gigapath,200,0.6666666666666666,0.6666666666666666
94,gigapath,500,0.6666666666666666,0.6666666666666666
94,gigapath,1000,0.6666666666666666,0.6666666666666666
94,uni2,20,0.3333333333333333,0.0
94,uni2,50,0.3333333333333333,0.3333333333333333
94,uni2,100,0.3333333333333333,0.0
94,uni2,200,0.3333333333333333,0.6666666666666666
94,uni2,500,0.3333333333333333,0.3333333333333333
94,uni2,1000,0.3333333333333333,0.3333333333333333
94,virchow2,20,0.6666666666666666,0.8333333333333334
94,virchow2,50,0.6666666666666666,0.8333333333333334
94,virchow2,100,0.6666666666666666,0.8333333333333334
94,virchow2,200,0.6666666666666666,0.6666666666666666
94,virchow2,500,0.6666666666666666,0.6666666666666666
94,virchow2,1000,0.6666666666666666,0.6666666666666666
95,gigapath,20,0.16666666666666666,0.16666666666666666
95,gigapath,50,0.16666666666666666,0.16666666666666666
95,gigapath,100,0.16666666666666666,0.16666666666666666
95,gigapath,200,0.16666666666666666,0.16666666666666666
95,gigapath,500,0.16666666666666666,0.16666666666666666
95,gigapath,1000,0.16666666666666666,0.16666666666666666
95,uni2,20,0.5,0.5
95,uni2,50,0.5,0.16666666666666666
95,uni2,100,0.5,0.16666666666666666
95,uni2,200,0.5,0.16666666666666666
95,uni2,500,0.5,0.16666666666666666
95,uni2,1000,0.5,0.5
95,virchow2,20,0.5,0.16666666666666666
95,virchow2,50,0.5,0.0
95,virchow2,100,0.5,0.0
95,virchow2,200,0.5,0.16666666666666666
95,virchow2,500,0.5,0.5
95,virchow2,1000,0.5,0.5
96,gigapath,20,0.16666666666666666,0.3333333333333333
96,gigapath,50,0.16666666666666666,0.16666666666666666
96,gigapath,100,0.16666666666666666,0.0
96,gigapath,200,0.16666666666666666,0.0
96,gigapath,500,0.16666666666666666,0.16666666666666666
96,gigapath,1000,0.16666666666666666,0.16666666666666666
96,uni2,20,0.8333333333333334,0.5
96,uni2,50,0.8333333333333334,0.6666666666666666
96,uni2,100,0.8333333333333334,0.5
96,uni2,200,0.8333333333333334,0.8333333333333334
96,uni2,500,0.8333333333333334,0.8333333333333334
96,uni2,1000,0.8333333333333334,0.8333333333333334
96,virchow2,20,0.16666666666666666,0.16666666666666666
96,virchow2,50,0.16666666666666666,0.16666666666666666
96,virchow2,100,0.16666666666666666,0.16666666666666666
96,virchow2,200,0.16666666666666666,0.16666666666666666
96,virchow2,500,0.16666666666666666,0.16666666666666666
96,virchow2,1000,0.16666666666666666,0.16666666666666666
97,gigapath,20,1.0,0.6666666666666666
97,gigapath,50,1.0,0.6666666666666666
97,gigapath,100,1.0,1.0
97,gigapath,200,1.0,1.0
97,gigapath,500,1.0,0.6666666666666666
97,gigapath,1000,1.0,1.0
97,uni2,20,0.6666666666666666,0.3333333333333333
97,uni2,50,0.6666666666666666,0.5
97,uni2,100,0.6666666666666666,0.5
97,uni2,200,0.6666666666666666,0.6666666666666666
97,uni2,500,0.6666666666666666,0.6666666666666666
97,uni2,1000,0.6666666666666666,0.6666666666666666
97,virchow2,20,0.6666666666666666,0.5
97,virchow2,50,0.6666666666666666,0.6666666666666666
97,virchow2,100,0.6666666666666666,0.6666666666666666
97,virchow2,200,0.6666666666666666,0.6666666666666666
97,virchow2,500,0.6666666666666666,0.6666666666666666
97,virchow2,1000,0.6666666666666666,0.6666666666666666
98,gigapath,20,0.16666666666666666,0.3333333333333333
98,gigapath,50,0.16666666666666666,0.16666666666666666
98,gigapath,100,0.16666666666666666,0.5
98,gigapath,200,0.16666666666666666,0.16666666666666666
98,gigapath,500,0.16666666666666666,0.16666666666666666
98,gigapath,1000,0.16666666666666666,0.16666666666666666
98,uni2,20,0.5,0.3333333333333333
98,uni2,50,0.5,0.5
98,uni2,100,0.5,0.5
98,uni2,200,0.5,0.5
98,uni2,500,0.5,0.5
98,uni2,1000,0.5,0.5
98,virchow2,20,0.5,0.5
98,virchow2,50,0.5,0.5
98,virchow2,100,0.5,0.8333333333333334
98,virchow2,200,0.5,0.5
98,virchow2,500,0.5,0.16666666666666666
98,virchow2,1000,0.5,0.5
99,gigapath,20,0.16666666666666666,0.16666666666666666
99,gigapath,50,0.16666666666666666,0.16666666666666666
99,gigapath,100,0.16666666666666666,0.16666666666666666
99,gigapath,200,0.16666666666666666,0.5
99,gigapath,500,0.16666666666666666,0.16666666666666666
99,gigapath,1000,0.16666666666666666,0.16666666666666666
99,uni2,20,0.16666666666666666,0.3333333333333333
99,uni2,50,0.16666666666666666,0.16666666666666666
99,uni2,100,0.16666666666666666,0.16666666666666666
99,uni2,200,0.16666666666666666,0.16666666666666666
99,uni2,500,0.16666666666666666,0.16666666666666666
99,uni2,1000,0.16666666666666666,0.16666666666666666
99,virchow2,20,0.16666666666666666,0.16666666666666666
99,virchow2,50,0.16666666666666666,0.16666666666666666
99,virchow2,100,0.16666666666666666,0.16666666666666666
99,virchow2,200,0.16666666666666666,0.16666666666666666
99,virchow2,500,0.16666666666666666,0.16666666666666666
99,virchow2,1000,0.16666666666666666,0.16666666666666666
100,gigapath,20,0.5,0.3333333333333333
100,gigapath,50,0.5,0.3333333333333333
100,gigapath,100,0.5,0.3333333333333333
100,gigapath,200,0.5,0.5
100,gigapath,500,0.5,0.5
100,gigapath,1000,0.5,0.5
100,uni2,20,0.5,0.16666666666666666
100,uni2,50,0.5,0.16666666666666666
100,uni2,100,0.5,0.5
100,uni2,200,0.5,0.5
100,uni2,500,0.5,0.5
100,uni2,1000,0.5,0.5
100,virchow2,20,0.0,0.16666666666666666
100,virchow2,50,0.0,0.0
100,virchow2,100,0.0,0.16666666666666666
100,virchow2,200,0.0,0.16666666666666666
100,virchow2,500,0.0,0.16666666666666666
100,virchow2,1000,0.0,0.16666666666666666
101,gigapath,20,0.5,0.6666666666666666
101,gigapath,50,0.5,0.5
101,gigapath,100,0.5,0.5
101,gigapath,200,0.5,0.5
101,gigapath,500,0.5,0.5
101,gigapath,1000,0.5,0.5
101,uni2,20,0.5,0.3333333333333333
101,uni2,50,0.5,0.5
101,uni2,100,0.5,0.5
101,uni2,200,0.5,0.5
101,uni2,500,0.5,0.5
101,uni2,1000,0.5,0.5
101,virchow2,20,0.0,0.3333333333333333
101,virchow2,50,0.0,0.3333333333333333
101,virchow2,100,0.0,0.0
101,virchow2,200,0.0,0.0
101,virchow2,500,0.0,0.0
101,virchow2,1000,0.0,0.0
102,gigapath,20,0.5,0.5
102,gigapath,50,0.5,0.5
102,gigapath,100,0.5,0.5
102,gigapath,200,0.5,0.5
102,gigapath,500,0.5,0.5
102,gigapath,1000,0.5,0.5
102,uni2,20,0.5,0.5
102,uni2,50,0.5,0.8333333333333334
102,uni2,100,0.5,0.8333333333333334
102,uni2,200,0.5,0.5
102,uni2,500,0.5,0.5
102,uni2,1000,0.5,0.5
102,virchow2,20,0.5,0.5
102,virchow2,50,0.5,0.5
102,virchow2,100,0.5,0.5
102,virchow2,200,0.5,0.5
102,virchow2,500,0.5,0.5
102,virchow2,1000,0.5,0.5
103,gigapath,20,0.5,0.8333333333333334
103,gigapath,50,0.5,0.16666666666666666
103,gigapath,100,0.5,0.5
103,gigapath,200,0.5,0.5
103,gigapath,500,0.5,0.16666666666666666
103,gigapath,1000,0.5,0.5
103,uni2,20,0.5,0.3333333333333333
103,uni2,50,0.5,0.5
103,uni2,100,0.5,0.5
103,uni2,200,0.5,0.5
103,uni2,500,0.5,0.6666666666666666
103,uni2,1000,0.5,0.5
103,virchow2,20,0.5,0.16666666666666666
103,virchow2,50,0.5,0.5
103,virchow2,100,0.5,0.8333333333333334
103,virchow2,200,0.5,0.5
103,virchow2,500,0.5,0.5
103,virchow2,1000,0.5,0.8333333333333334
104,gigapath,20,0.0,0.3333333333333333
104,gigapath,50,0.0,0.0
104,gigapath,100,0.0,0.3333333333333333
104,gigapath,200,0.0,0.0
104,gigapath,500,0.0,0.0
104,gigapath,1000,0.0,0.0
104,uni2,20,0.6666666666666666,0.6666666666666666
104,uni2,50,0.6666666666666666,0.6666666666666666
104,uni2,100,0.6666666666666666,0.6666666666666666
104,uni2,200,0.6666666666666666,0.6666666666666666
104,uni2,500,0.6666666666666666,0.6666666666666666
104,uni2,1000,0.6666666666666666,0.6666666666666666
104,virchow2,20,0.0,0.3333333333333333
104,virchow2,50,0.0,0.3333333333333333
104,virchow2,100,0.0,0.0
104,virchow2,200,0.0,0.0
104,virchow2,500,0.0,0.0
104,virchow2,1000,0.0,0.0
105,gigapath,20,0.6666666666666666,0.3333333333333333
105,gigapath,50,0.6666666666666666,0.6666666666666666
105,gigapath,100,0.6666666666666666,0.6666666666666666
105,gigapath,200,0.6666666666666666,0.6666666666666666
105,gigapath,500,0.6666666666666666,0.6666666666666666
105,gigapath,1000,0.6666666666666666,0.6666666666666666
105,uni2,20,0.8333333333333334,0.16666666666666666
105,uni2,50,0.8333333333333334,0.3333333333333333
105,uni2,100,0.8333333333333334,0.8333333333333334
105,uni2,200,0.8333333333333334,0.8333333333333334
105,uni2,500,0.8333333333333334,0.8333333333333334
105,uni2,1000,0.8333333333333334,0.8333333333333334
105,virchow2,20,0.6666666666666666,0.3333333333333333
105,virchow2,50,0.6666666666666666,0.8333333333333334
105,virchow2,100,0.6666666666666666,0.6666666666666666
105,virchow2,200,0.6666666666666666,0.6666666666666666
105,virchow2,500,0.6666666666666666,0.6666666666666666
105,virchow2,1000,0.6666666666666666,0.6666666666666666
106,gigapath,20,0.6666666666666666,0.5
106,gigapath,50,0.6666666666666666,0.5
106,gigapath,100,0.6666666666666666,0.6666666666666666
106,gigapath,200,0.6666666666666666,1.0
106,gigapath,500,0.6666666666666666,0.3333333333333333
106,gigapath,1000,0.6666666666666666,0.6666666666666666
106,uni2,20,0.3333333333333333,0.3333333333333333
106,uni2,50,0.3333333333333333,0.3333333333333333
106,uni2,100,0.3333333333333333,0.3333333333333333
106,uni2,200,0.3333333333333333,0.3333333333333333
106,uni2,500,0.3333333333333333,0.3333333333333333
106,uni2,1000,0.3333333333333333,0.3333333333333333
106,virchow2,20,0.3333333333333333,0.6666666666666666
106,virchow2,50,0.3333333333333333,0.16666666666666666
106,virchow2,100,0.3333333333333333,0.3333333333333333
106,virchow2,200,0.3333333333333333,0.3333333333333333
106,virchow2,500,0.3333333333333333,0.3333333333333333
106,virchow2,1000,0.3333333333333333,0.3333333333333333
107,gigapath,20,0.5,0.8333333333333334
107,gigapath,50,0.5,0.8333333333333334
107,gigapath,100,0.5,0.16666666666666666
107,gigapath,200,0.5,0.16666666666666666
107,gigapath,500,0.5,0.5
107,gigapath,1000,0.5,0.5
107,uni2,20,0.16666666666666666,0.16666666666666666
107,uni2,50,0.16666666666666666,0.16666666666666666
107,uni2,100,0.16666666666666666,0.16666666666666666
107,uni2,200,0.16666666666666666,0.16666666666666666
107,uni2,500,0.16666666666666666,0.0
107,uni2,1000,0.16666666666666666,0.16666666666666666
107,virchow2,20,0.16666666666666666,0.16666666666666666
107,virchow2,50,0.16666666666666666,0.5
107,virchow2,100,0.16666666666666666,0.5
107,virchow2,200,0.16666666666666666,0.16666666666666666
107,virchow2,500,0.16666666666666666,0.16666666666666666
107,virchow2,1000,0.16666666666666666,0.16666666666666666
108,gigapath,20,0.3333333333333333,0.3333333333333333
108,gigapath,50,0.3333333333333333,0.3333333333333333
108,gigapath,100,0.3333333333333333,0.3333333333333333
108,gigapath,200,0.3333333333333333,0.3333333333333333
108,gigapath,500,0.3333333333333333,0.3333333333333333
108,gigapath,1000,0.3333333333333333,0.3333333333333333
108,uni2,20,0.6666666666666666,0.3333333333333333
108,uni2,50,0.6666666666666666,0.3333333333333333
108,uni2,100,0.6666666666666666,0.6666666666666666
108,uni2,200,0.6666666666666666,0.6666666666666666
108,uni2,500,0.6666666666666666,0.6666666666666666
108,uni2,1000,0.6666666666666666,0.6666666666666666
108,virchow2,20,0.3333333333333333,0.3333333333333333
108,virchow2,50,0.3333333333333333,0.3333333333333333
108,virchow2,100,0.3333333333333333,0.3333333333333333
108,virchow2,200,0.3333333333333333,0.3333333333333333
108,virchow2,500,0.3333333333333333,0.3333333333333333
108,virchow2,1000,0.3333333333333333,0.3333333333333333
109,gigapath,20,0.5,0.3333333333333333
109,gigapath,50,0.5,0.5
109,gigapath,100,0.5,0.5
109,gigapath,200,0.5,0.5
109,gigapath,500,0.5,0.5
109,gigapath,1000,0.5,0.5
109,uni2,20,0.5,0.0
109,uni2,50,0.5,0.16666666666666666
109,uni2,100,0.5,0.5
109,uni2,200,0.5,0.5
109,uni2,500,0.5,0.5
109,uni2,1000,0.5,0.5
109,virchow2,20,0.16666666666666666,0.16666666666666666
109,virchow2,50,0.16666666666666666,0.16666666666666666
109,virchow2,100,0.16666666666666666,0.16666666666666666
109,virchow2,200,0.16666666666666666,0.16666666666666666
109,virchow2,500,0.16666666666666666,0.16666666666666666
109,virchow2,1000,0.16666666666666666,0.16666666666666666
110,gigapath,20,0.16666666666666666,0.5
110,gigapath,50,0.16666666666666666,0.5
110,gigapath,100,0.16666666666666666,0.5
110,gigapath,200,0.16666666666666666,0.16666666666666666
110,gigapath,500,0.16666666666666666,0.16666666666666666
110,gigapath,1000,0.16666666666666666,0.16666666666666666
110,uni2,20,0.8333333333333334,0.8333333333333334
110,uni2,50,0.8333333333333334,0.8333333333333334
110,uni2,100,0.8333333333333334,0.8333333333333334
110,uni2,200,0.8333333333333334,0.8333333333333334
110,uni2,500,0.8333333333333334,0.8333333333333334
110,uni2,1000,0.8333333333333334,0.8333333333333334
110,virchow2,20,0.16666666666666666,0.5
110,virchow2,50,0.16666666666666666,0.0
110,virchow2,100,0.16666666666666666,0.0
110,virchow2,200,0.16666666666666666,0.16666666666666666
110,virchow2,500,0.16666666666666666,0.16666666666666666
110,virchow2,1000,0.16666666666666666,0.16666666666666666
111,gigapath,20,0.16666666666666666,0.0
111,gigapath,50,0.16666666666666666,0.16666666666666666
111,gigapath,100,0.16666666666666666,0.3333333333333333
111,gigapath,200,0.16666666666666666,0.16666666666666666
111,gigapath,500,0.16666666666666666,0.16666666666666666
111,gigapath,1000,0.16666666666666666,0.16666666666666666
111,uni2,20,0.16666666666666666,0.0
111,uni2,50,0.16666666666666666,0.0
111,uni2,100,0.16666666666666666,0.3333333333333333
111,uni2,200,0.16666666666666666,0.3333333333333333
111,uni2,500,0.16666666666666666,0.16666666666666666
111,uni2,1000,0.16666666666666666,0.0
111,virchow2,20,0.0,0.0
111,virchow2,50,0.0,0.0
111,virchow2,100,0.0,0.0
111,virchow2,200,0.0,0.0
111,virchow2,500,0.0,0.0
111,virchow2,1000,0.0,0.0
112,gigapath,20,0.5,0.5
112,gigapath,50,0.5,0.0
112,gigapath,100,0.5,0.0
112,gigapath,200,0.5,0.0
112,gigapath,500,0.5,0.5
112,gigapath,1000,0.5,0.5
112,uni2,20,0.6666666666666666,0.3333333333333333
112,uni2,50,0.6666666666666666,0.6666666666666666
112,uni2,100,0.6666666666666666,0.6666666666666666
112,uni2,200,0.6666666666666666,0.6666666666666666
112,uni2,500,0.6666666666666666,0.6666666666666666
112,uni2,1000,0.6666666666666666,0.6666666666666666
112,virchow2,20,0.3333333333333333,0.0
112,virchow2,50,0.3333333333333333,0.16666666666666666
112,virchow2,100,0.3333333333333333,0.16666666666666666
112,virchow2,200,0.3333333333333333,0.16666666666666666
112,virchow2,500,0.3333333333333333,0.0
112,virchow2,1000,0.3333333333333333,0.3333333333333333
113,gigapath,20,0.5,0.5
113,gigapath,50,0.5,0.5
113,gigapath,100,0.5,0.5
113,gigapath,200,0.5,0.5
113,gigapath,500,0.5,0.5
113,gigapath,1000,0.5,0.5
113,uni2,20,0.6666666666666666,0.6666666666666666
113,uni2,50,0.6666666666666666,0.5
113,uni2,100,0.6666666666666666,0.6666666666666666
113,uni2,200,0.6666666666666666,0.6666666666666666
113,uni2,500,0.6666666666666666,0.6666666666666666
113,uni2,1000,0.6666666666666666,0.6666666666666666
113,virchow2,20,0.5,0.16666666666666666
113,virchow2,50,0.5,0.16666666666666666
113,virchow2,100,0.5,0.5
113,virchow2,200,0.5,0.16666666666666666
113,virchow2,500,0.5,0.5
113,virchow2,1000,0.5,0.5
114,gigapath,20,0.8333333333333334,1.0
114,gigapath,50,0.8333333333333334,0.8333333333333334
114,gigapath,100,0.8333333333333334,1.0
114,gigapath,200,0.8333333333333334,1.0
114,gigapath,500,0.8333333333333334,0.8333333333333334
114,gigapath,1000,0.8333333333333334,0.8333333333333334
114,uni2,20,0.8333333333333334,0.5
114,uni2,50,0.8333333333333334,0.6666666666666666
114,uni2,100,0.8333333333333334,0.6666666666666666
114,uni2,200,0.8333333333333334,0.6666666666666666
114,uni2,500,0.8333333333333334,1.0
114,uni2,1000,0.8333333333333334,0.8333333333333334
114,virchow2,20,0.8333333333333334,0.8333333333333334
114,virchow2,50,0.8333333333333334,0.8333333333333334
114,virchow2,100,0.8333333333333334,0.8333333333333334
114,virchow2,200,0.8333333333333334,0.8333333333333334
114,virchow2,500,0.8333333333333334,0.8333333333333334
114,virchow2,1000,0.8333333333333334,0.8333333333333334
115,gigapath,20,0.6666666666666666,0.6666666666666666
115,gigapath,50,0.6666666666666666,0.5
115,gigapath,100,0.6666666666666666,0.6666666666666666
115,gigapath,200,0.6666666666666666,0.6666666666666666
115,gigapath,500,0.6666666666666666,0.6666666666666666
115,gigapath,1000,0.6666666666666666,0.6666666666666666
115,uni2,20,0.6666666666666666,0.0
115,uni2,50,0.6666666666666666,0.6666666666666666
115,uni2,100,0.6666666666666666,0.6666666666666666
115,uni2,200,0.6666666666666666,0.6666666666666666
115,uni2,500,0.6666666666666666,0.6666666666666666
115,uni2,1000,0.6666666666666666,0.6666666666666666
115,virchow2,20,0.6666666666666666,0.6666666666666666
115,virchow2,50,0.6666666666666666,0.8333333333333334
115,virchow2,100,0.6666666666666666,0.6666666666666666
115,virchow2,200,0.6666666666666666,0.6666666666666666
115,virchow2,500,0.6666666666666666,0.6666666666666666
115,virchow2,1000,0.6666666666666666,0.6666666666666666
116,gigapath,20,0.6666666666666666,0.8333333333333334
116,gigapath,50,0.6666666666666666,0.8333333333333334
116,gigapath,100,0.6666666666666666,0.5
116,gigapath,200,0.6666666666666666,0.6666666666666666
116,gigapath,500,0.6666666666666666,0.6666666666666666
116,gigapath,1000,0.6666666666666666,0.6666666666666666
116,uni2,20,0.6666666666666666,0.6666666666666666
116,uni2,50,0.6666666666666666,0.3333333333333333
116,uni2,100,0.6666666666666666,0.3333333333333333
116,uni2,200,0.6666666666666666,0.6666666666666666
116,uni2,500,0.6666666666666666,0.6666666666666666
116,uni2,1000,0.6666666666666666,0.6666666666666666
116,virchow2,20,0.6666666666666666,0.6666666666666666
116,virchow2,50,0.6666666666666666,0.5
116,virchow2,100,0.6666666666666666,0.5
116,virchow2,200,0.6666666666666666,0.5
116,virchow2,500,0.6666666666666666,0.6666666666666666
116,virchow2,1000,0.6666666666666666,0.6666666666666666
117,gigapath,20,0.0,0.0
117,gigapath,50,0.0,0.0
117,gigapath,100,0.0,0.0
117,gigapath,200,0.0,0.0
117,gigapath,500,0.0,0.0
117,gigapath,1000,0.0,0.0
117,uni2,20,0.0,0.3333333333333333
117,uni2,50,0.0,0.0
117,uni2,100,0.0,0.0
117,uni2,200,0.0,0.0
117,uni2,500,0.0,0.0
117,uni2,1000,0.0,0.0
117,virchow2,20,0.0,0.0
117,virchow2,50,0.0,0.0
117,virchow2,100,0.0,0.0
117,virchow2,200,0.0,0.0
117,virchow2,500,0.0,0.0
117,virchow2,1000,0.0,0.0
118,gigapath,20,0.5,0.5
118,gigapath,50,0.5,0.5
118,gigapath,100,0.5,0.5
118,gigapath,200,0.5,0.5
118,gigapath,500,0.5,0.5
118,gigapath,1000,0.5,0.5
118,uni2,20,0.6666666666666666,0.6666666666666666
118,uni2,50,0.6666666666666666,0.6666666666666666
118,uni2,100,0.6666666666666666,0.6666666666666666
118,uni2,200,0.6666666666666666,0.6666666666666666
118,uni2,500,0.6666666666666666,0.6666666666666666
118,uni2,1000,0.6666666666666666,0.6666666666666666
118,virchow2,20,0.5,0.5
118,virchow2,50,0.5,0.5
118,virchow2,100,0.5,0.5
118,virchow2,200,0.5,0.5
118,virchow2,500,0.5,0.5
118,virchow2,1000,0.5,0.5
119,gigapath,20,0.16666666666666666,0.16666666666666666
119,gigapath,50,0.16666666666666666,0.3333333333333333
119,gigapath,100,0.16666666666666666,0.3333333333333333
119,gigapath,200,0.16666666666666666,0.16666666666666666
119,gigapath,500,0.16666666666666666,0.16666666666666666
119,gigapath,1000,0.16666666666666666,0.16666666666666666
119,uni2,20,0.5,0.16666666666666666
119,uni2,50,0.5,0.6666666666666666
119,uni2,100,0.5,0.6666666666666666
119,uni2,200,0.5,0.5
119,uni2,500,0.5,0.5
119,uni2,1000,0.5,0.5
119,virchow2,20,0.16666666666666666,0.0
119,virchow2,50,0.16666666666666666,0.16666666666666666
119,virchow2,100,0.16666666666666666,0.16666666666666666
119,virchow2,200,0.16666666666666666,0.0
119,virchow2,500,0.16666666666666666,0.16666666666666666
119,virchow2,1000,0.16666666666666666,0.16666666666666666
120,gigapath,20,0.6666666666666666,0.8333333333333334
120,gigapath,50,0.6666666666666666,0.8333333333333334
120,gigapath,100,0.6666666666666666,0.8333333333333334
120,gigapath,200,0.6666666666666666,0.6666666666666666
120,gigapath,500,0.6666666666666666,0.6666666666666666
120,gigapath,1000,0.6666666666666666,0.6666666666666666
120,uni2,20,1.0,0.5
120,uni2,50,1.0,0.6666666666666666
120,uni2,100,1.0,1.0
120,uni2,200,1.0,1.0
120,uni2,500,1.0,1.0
120,uni2,1000,1.0,1.0
120,virchow2,20,0.8333333333333334,0.5
120,virchow2,50,0.8333333333333334,0.5
120,virchow2,100,0.8333333333333334,0.6666666666666666
120,virchow2,200,0.8333333333333334,0.6666666666666666
120,virchow2,500,0.8333333333333334,0.8333333333333334
120,virchow2,1000,0.8333333333333334,0.8333333333333334
121,gigapath,20,0.3333333333333333,0.3333333333333333
121,gigapath,50,0.3333333333333333,0.3333333333333333
121,gigapath,100,0.3333333333333333,0.3333333333333333
121,gigapath,200,0.3333333333333333,0.3333333333333333
121,gigapath,500,0.3333333333333333,0.3333333333333333
121,gigapath,1000,0.3333333333333333,0.3333333333333333
121,uni2,20,0.3333333333333333,0.3333333333333333
121,uni2,50,0.3333333333333333,0.3333333333333333
121,uni2,100,0.3333333333333333,0.3333333333333333
121,uni2,200,0.3333333333333333,0.3333333333333333
121,uni2,500,0.3333333333333333,0.3333333333333333
121,uni2,1000,0.3333333333333333,0.3333333333333333
121,virchow2,20,0.3333333333333333,0.3333333333333333
121,virchow2,50,0.3333333333333333,0.3333333333333333
121,virchow2,100,0.3333333333333333,0.3333333333333333
121,virchow2,200,0.3333333333333333,0.3333333333333333
121,virchow2,500,0.3333333333333333,0.3333333333333333
121,virchow2,1000,0.3333333333333333,0.3333333333333333
122,gigapath,20,0.3333333333333333,0.3333333333333333
122,gigapath,50,0.3333333333333333,0.3333333333333333
122,gigapath,100,0.3333333333333333,0.3333333333333333
122,gigapath,200,0.3333333333333333,0.5
122,gigapath,500,0.3333333333333333,0.3333333333333333
122,gigapath,1000,0.3333333333333333,0.3333333333333333
122,uni2,20,0.3333333333333333,0.3333333333333333
122,uni2,50,0.3333333333333333,0.3333333333333333
122,uni2,100,0.3333333333333333,0.6666666666666666
122,uni2,200,0.3333333333333333,0.6666666666666666
122,uni2,500,0.3333333333333333,0.3333333333333333
122,uni2,1000,0.3333333333333333,0.5
122,virchow2,20,0.0,0.0
122,virchow2,50,0.0,0.3333333333333333
122,virchow2,100,0.0,0.3333333333333333
122,virchow2,200,0.0,0.0
122,virchow2,500,0.0,0.0
122,virchow2,1000,0.0,0.0
123,gigapath,20,0.3333333333333333,0.3333333333333333
123,gigapath,50,0.3333333333333333,0.3333333333333333
123,gigapath,100,0.3333333333333333,0.3333333333333333
123,gigapath,200,0.3333333333333333,0.3333333333333333
123,gigapath,500,0.3333333333333333,0.3333333333333333
123,gigapath,1000,0.3333333333333333,0.3333333333333333
123,uni2,20,0.3333333333333333,0.3333333333333333
123,uni2,50,0.3333333333333333,0.6666666666666666
123,uni2,100,0.3333333333333333,0.6666666666666666
123,uni2,200,0.3333333333333333,0.3333333333333333
123,uni2,500,0.3333333333333333,0.3333333333333333
123,uni2,1000,0.3333333333333333,0.3333333333333333
123,virchow2,20,0.3333333333333333,0.3333333333333333
123,virchow2,50,0.3333333333333333,0.3333333333333333
123,virchow2,100,0.3333333333333333,0.3333333333333333
123,virchow2,200,0.3333333333333333,0.3333333333333333
123,virchow2,500,0.3333333333333333,0.3333333333333333
123,virchow2,1000,0.3333333333333333,0.3333333333333333
124,gigapath,20,0.5,0.8333333333333334
124,gigapath,50,0.5,0.16666666666666666
124,gigapath,100,0.5,0.5
124,gigapath,200,0.5,0.5
124,gigapath,500,0.5,0.5
124,gigapath,1000,0.5,0.5
124,uni2,20,0.5,0.5
124,uni2,50,0.5,0.8333333333333334
124,uni2,100,0.5,0.8333333333333334
124,uni2,200,0.5,0.5
124,uni2,500,0.5,0.5
124,uni2,1000,0.5,0.5
124,virchow2,20,0.16666666666666666,0.5
124,virchow2,50,0.16666666666666666,0.0
124,virchow2,100,0.16666666666666666,0.0
124,virchow2,200,0.16666666666666666,0.16666666666666666
124,virchow2,500,0.16666666666666666,0.16666666666666666
124,virchow2,1000,0.16666666666666666,0.16666666666666666
125,gigapath,20,0.6666666666666666,0.6666666666666666
125,gigapath,50,0.6666666666666666,0.6666666666666666
125,gigapath,100,0.6666666666666666,0.6666666666666666
125,gigapath,200,0.6666666666666666,0.6666666666666666
125,gigapath,500,0.6666666666666666,0.6666666666666666
125,gigapath,1000,0.6666666666666666,0.6666666666666666
125,uni2,20,0.8333333333333334,0.3333333333333333
125,uni2,50,0.8333333333333334,0.3333333333333333
125,uni2,100,0.8333333333333334,0.6666666666666666
125,uni2,200,0.8333333333333334,0.6666666666666666
125,uni2,500,0.8333333333333334,0.5
125,uni2,1000,0.8333333333333334,0.8333333333333334
125,virchow2,20,0.6666666666666666,0.3333333333333333
125,virchow2,50,0.6666666666666666,0.6666666666666666
125,virchow2,100,0.6666666666666666,0.5
125,virchow2,200,0.6666666666666666,0.6666666666666666
125,virchow2,500,0.6666666666666666,0.6666666666666666
125,virchow2,1000,0.6666666666666666,0.6666666666666666
126,gigapath,20,0.8333333333333334,0.6666666666666666
126,gigapath,50,0.8333333333333334,0.6666666666666666
126,gigapath,100,0.8333333333333334,0.8333333333333334
126,gigapath,200,0.8333333333333334,0.5
126,gigapath,500,0.8333333333333334,0.8333333333333334
126,gigapath,1000,0.8333333333333334,0.8333333333333334
126,uni2,20,0.6666666666666666,0.3333333333333333
126,uni2,50,0.6666666666666666,0.3333333333333333
126,uni2,100,0.6666666666666666,0.6666666666666666
126,uni2,200,0.6666666666666666,0.6666666666666666
126,uni2,500,0.6666666666666666,0.6666666666666666
126,uni2,1000,0.6666666666666666,0.6666666666666666
126,virchow2,20,0.5,0.8333333333333334
126,virchow2,50,0.5,0.8333333333333334
126,virchow2,100,0.5,0.6666666666666666
126,virchow2,200,0.5,0.6666666666666666
126,virchow2,500,0.5,0.6666666666666666
126,virchow2,1000,0.5,0.6666666666666666
127,gigapath,20,0.0,0.3333333333333333
127,gigapath,50,0.0,0.3333333333333333
127,gigapath,100,0.0,0.5
127,gigapath,200,0.0,0.5
127,gigapath,500,0.0,0.3333333333333333
127,gigapath,1000,0.0,0.0
127,uni2,20,0.8333333333333334,0.3333333333333333
127,uni2,50,0.8333333333333334,0.8333333333333334
127,uni2,100,0.8333333333333334,0.8333333333333334
127,uni2,200,0.8333333333333334,0.8333333333333334
127,uni2,500,0.8333333333333334,0.8333333333333334
127,uni2,1000,0.8333333333333334,0.8333333333333334
127,virchow2,20,0.3333333333333333,0.3333333333333333
127,virchow2,50,0.3333333333333333,0.3333333333333333
127,virchow2,100,0.3333333333333333,0.3333333333333333
127,virchow2,200,0.3333333333333333,0.0
127,virchow2,500,0.3333333333333333,0.0
127,virchow2,1000,0.3333333333333333,0.3333333333333333
128,gigapath,20,0.3333333333333333,0.3333333333333333
128,gigapath,50,0.3333333333333333,0.16666666666666666
128,gigapath,100,0.3333333333333333,0.3333333333333333
128,gigapath,200,0.3333333333333333,0.3333333333333333
128,gigapath,500,0.3333333333333333,0.3333333333333333
128,gigapath,1000,0.3333333333333333,0.3333333333333333
128,uni2,20,0.5,0.16666666666666666
128,uni2,50,0.5,0.5
128,uni2,100,0.5,0.5
128,uni2,200,0.5,0.5
128,uni2,500,0.5,0.5
128,uni2,1000,0.5,0.5
128,virchow2,20,0.16666666666666666,0.16666666666666666
128,virchow2,50,0.16666666666666666,0.3333333333333333
128,virchow2,100,0.16666666666666666,0.16666666666666666
128,virchow2,200,0.16666666666666666,0.16666666666666666
128,virchow2,500,0.16666666666666666,0.16666666666666666
128,virchow2,1000,0.16666666666666666,0.16666666666666666
129,gigapath,20,0.6666666666666666,0.8333333333333334
129,gigapath,50,0.6666666666666666,0.6666666666666666
129,gigapath,100,0.6666666666666666,0.6666666666666666
129,gigapath,200,0.6666666666666666,0.6666666666666666
129,gigapath,500,0.6666666666666666,0.6666666666666666
129,gigapath,1000,0.6666666666666666,0.6666666666666666
129,uni2,20,0.6666666666666666,0.6666666666666666
129,uni2,50,0.6666666666666666,0.6666666666666666
129,uni2,100,0.6666666666666666,0.6666666666666666
129,uni2,200,0.6666666666666666,0.6666666666666666
129,uni2,500,0.6666666666666666,0.6666666666666666
129,uni2,1000,0.6666666666666666,0.6666666666666666
129,virchow2,20,0.6666666666666666,0.3333333333333333
129,virchow2,50,0.6666666666666666,0.3333333333333333
129,virchow2,100,0.6666666666666666,0.6666666666666666
129,virchow2,200,0.6666666666666666,0.6666666666666666
129,virchow2,500,0.6666666666666666,0.6666666666666666
129,virchow2,1000,0.6666666666666666,0.6666666666666666
130,gigapath,20,0.5,0.6666666666666666
130,gigapath,50,0.5,0.16666666666666666
130,gigapath,100,0.5,0.16666666666666666
130,gigapath,200,0.5,0.5
130,gigapath,500,0.5,0.5
130,gigapath,1000,0.5,0.5
130,uni2,20,0.3333333333333333,0.5
130,uni2,50,0.3333333333333333,0.6666666666666666
130,uni2,100,0.3333333333333333,0.3333333333333333
130,uni2,200,0.3333333333333333,0.3333333333333333
130,uni2,500,0.3333333333333333,0.3333333333333333
130,uni2,1000,0.3333333333333333,0.3333333333333333
130,virchow2,20,0.5,0.5
130,virchow2,50,0.5,0.5
130,virchow2,100,0.5,0.5
130,virchow2,200,0.5,0.5
130,virchow2,500,0.5,0.5
130,virchow2,1000,0.5,0.16666666666666666
131,gigapath,20,0.5,0.6666666666666666
131,gigapath,50,0.5,0.6666666666666666
131,gigapath,100,0.5,0.6666666666666666
131,gigapath,200,0.5,0.5
131,gigapath,500,0.5,0.5
131,gigapath,1000,0.5,0.5
131,uni2,20,0.5,0.5
131,uni2,50,0.5,0.5
131,uni2,100,0.5,0.5
131,uni2,200,0.5,0.5
131,uni2,500,0.5,0.5
131,uni2,1000,0.5,0.5
131,virchow2,20,0.5,0.5
131,virchow2,50,0.5,0.5
131,virchow2,100,0.5,0.5
131,virchow2,200,0.5,0.5
131,virchow2,500,0.5,0.5
131,virchow2,1000,0.5,0.5
132,gigapath,20,0.5,0.8333333333333334
132,gigapath,50,0.5,0.6666666666666666
132,gigapath,100,0.5,0.6666666666666666
132,gigapath,200,0.5,0.5
132,gigapath,500,0.5,0.5
132,gigapath,1000,0.5,0.5
132,uni2,20,1.0,0.5
132,uni2,50,1.0,0.6666666666666666
132,uni2,100,1.0,1.0
132,uni2,200,1.0,1.0
132,uni2,500,1.0,1.0
132,uni2,1000,1.0,1.0
132,virchow2,20,0.8333333333333334,0.3333333333333333
132,virchow2,50,0.8333333333333334,0.5
132,virchow2,100,0.8333333333333334,0.8333333333333334
132,virchow2,200,0.8333333333333334,0.8333333333333334
132,virchow2,500,0.8333333333333334,0.8333333333333334
132,virchow2,1000,0.8333333333333334,0.8333333333333334
133,gigapath,20,0.3333333333333333,0.3333333333333333
133,gigapath,50,0.3333333333333333,0.3333333333333333
133,gigapath,100,0.3333333333333333,0.3333333333333333
133,gigapath,200,0.3333333333333333,0.3333333333333333
133,gigapath,500,0.3333333333333333,0.3333333333333333
133,gigapath,1000,0.3333333333333333,0.3333333333333333
133,uni2,20,0.3333333333333333,0.0
133,uni2,50,0.3333333333333333,0.3333333333333333
133,uni2,100,0.3333333333333333,0.3333333333333333
133,uni2,200,0.3333333333333333,0.3333333333333333
133,uni2,500,0.3333333333333333,0.3333333333333333
133,uni2,1000,0.3333333333333333,0.3333333333333333
133,virchow2,20,0.0,0.0
133,virchow2,50,0.0,0.0
133,virchow2,100,0.0,0.0
133,virchow2,200,0.0,0.0
133,virchow2,500,0.0,0.0
133,virchow2,1000,0.0,0.0
134,gigapath,20,0.6666666666666666,0.6666666666666666
134,gigapath,50,0.6666666666666666,0.6666666666666666
134,gigapath,100,0.6666666666666666,0.6666666666666666
134,gigapath,200,0.6666666666666666,0.6666666666666666
134,gigapath,500,0.6666666666666666,0.6666666666666666
134,gigapath,1000,0.6666666666666666,0.6666666666666666
134,uni2,20,0.5,0.8333333333333334
134,uni2,50,0.5,0.5
134,uni2,100,0.5,0.3333333333333333
134,uni2,200,0.5,0.6666666666666666
134,uni2,500,0.5,0.5
134,uni2,1000,0.5,0.5
134,virchow2,20,0.8333333333333334,0.5
134,virchow2,50,0.8333333333333334,0.5
134,virchow2,100,0.8333333333333334,0.8333333333333334
134,virchow2,200,0.8333333333333334,0.6666666666666666
134,virchow2,500,0.8333333333333334,0.8333333333333334
134,virchow2,1000,0.8333333333333334,0.8333333333333334
135,gigapath,20,0.0,0.0
135,gigapath,50,0.0,0.0
135,gigapath,100,0.0,0.0
135,gigapath,200,0.0,0.0
135,gigapath,500,0.0,0.3333333333333333
135,gigapath,1000,0.0,0.0
135,uni2,20,0.3333333333333333,0.3333333333333333
135,uni2,50,0.3333333333333333,0.5
135,uni2,100,0.3333333333333333,0.5
135,uni2,200,0.3333333333333333,0.5
135,uni2,500,0.3333333333333333,0.3333333333333333
135,uni2,1000,0.3333333333333333,0.3333333333333333
135,virchow2,20,0.0,0.3333333333333333
135,virchow2,50,0.0,0.0
135,virchow2,100,0.0,0.0
135,virchow2,200,0.0,0.0
135,virchow2,500,0.0,0.0
135,virchow2,1000,0.0,0.0
136,gigapath,20,0.5,0.0
136,gigapath,50,0.5,0.5
136,gigapath,100,0.5,0.5
136,gigapath,200,0.5,0.5
136,gigapath,500,0.5,0.5
136,gigapath,1000,0.5,0.5
136,uni2,20,0.5,0.16666666666666666
136,uni2,50,0.5,0.5
136,uni2,100,0.5,0.5
136,uni2,200,0.5,0.5
136,uni2,500,0.5,0.5
136,uni2,1000,0.5,0.5
136,virchow2,20,0.5,0.6666666666666666
136,virchow2,50,0.5,0.3333333333333333
136,virchow2,100,0.5,0.5
136,virchow2,200,0.5,0.5
136,virchow2,500,0.5,0.5
136,virchow2,1000,0.5,0.5
137,gigapath,20,0.5,0.5
137,gigapath,50,0.5,0.5
137,gigapath,100,0.5,0.6666666666666666
137,gigapath,200,0.5,0.6666666666666666
137,gigapath,500,0.5,0.5
137,gigapath,1000,0.5,0.5
137,uni2,20,1.0,0.5
137,uni2,50,1.0,0.6666666666666666
137,uni2,100,1.0,1.0
137,uni2,200,1.0,1.0
137,uni2,500,1.0,1.0
137,uni2,1000,1.0,1.0
137,virchow2,20,0.5,0.5
137,virchow2,50,0.5,0.5
137,virchow2,100,0.5,0.5
137,virchow2,200,0.5,0.5
137,virchow2,500,0.5,0.5
137,virchow2,1000,0.5,0.5
138,gigapath,20,0.5,0.16666666666666666
138,gigapath,50,0.5,0.16666666666666666
138,gigapath,100,0.5,0.16666666666666666
138,gigapath,200,0.5,0.16666666666666666
138,gigapath,500,0.5,0.5
138,gigapath,1000,0.5,0.5
138,uni2,20,0.5,0.3333333333333333
138,uni2,50,0.5,0.8333333333333334
138,uni2,100,0.5,0.6666666666666666
138,uni2,200,0.5,0.8333333333333334
138,uni2,500,0.5,0.8333333333333334
138,uni2,1000,0.5,0.8333333333333334
138,virchow2,20,0.16666666666666666,0.3333333333333333
138,virchow2,50,0.16666666666666666,0.5
138,virchow2,100,0.16666666666666666,0.16666666666666666
138,virchow2,200,0.16666666666666666,0.16666666666666666
138,virchow2,500,0.16666666666666666,0.16666666666666666
138,virchow2,1000,0.16666666666666666,0.16666666666666666
139,gigapath,20,0.0,0.0
139,gigapath,50,0.0,0.0
139,gigapath,100,0.0,0.0
139,gigapath,200,0.0,0.0
139,gigapath,500,0.0,0.0
139,gigapath,1000,0.0,0.0
139,uni2,20,0.5,0.5
139,uni2,50,0.5,0.5
139,uni2,100,0.5,0.5
139,uni2,200,0.5,0.5
139,uni2,500,0.5,0.5
139,uni2,1000,0.5,0.5
139,virchow2,20,0.0,0.3333333333333333
139,virchow2,50,0.0,0.3333333333333333
139,virchow2,100,0.0,0.0
139,virchow2,200,0.0,0.16666666666666666
139,virchow2,500,0.0,0.3333333333333333
139,virchow2,1000,0.0,0.3333333333333333
140,gigapath,20,0.5,0.5
140,gigapath,50,0.5,0.5
140,gigapath,100,0.5,0.5
140,gigapath,200,0.5,0.5
140,gigapath,500,0.5,0.5
140,gigapath,1000,0.5,0.5
140,uni2,20,0.5,0.0
140,uni2,50,0.5,0.16666666666666666
140,uni2,100,0.5,0.5
140,uni2,200,0.5,0.5
140,uni2,500,0.5,0.5
140,uni2,1000,0.5,0.5
140,virchow2,20,0.5,0.5
140,virchow2,50,0.5,0.5
140,virchow2,100,0.5,0.3333333333333333
140,virchow2,200,0.5,0.3333333333333333
140,virchow2,500,0.5,0.5
140,virchow2,1000,0.5,0.5
141,gigapath,20,0.16666666666666666,0.16666666666666666
141,gigapath,50,0.16666666666666666,0.16666666666666666
141,gigapath,100,0.16666666666666666,0.16666666666666666
141,gigapath,200,0.16666666666666666,0.16666666666666666
141,gigapath,500,0.16666666666666666,0.16666666666666666
141,gigapath,1000,0.16666666666666666,0.16666666666666666
141,uni2,20,0.16666666666666666,0.16666666666666666
141,uni2,50,0.16666666666666666,0.16666666666666666
141,uni2,100,0.16666666666666666,0.16666666666666666
141,uni2,200,0.16666666666666666,0.16666666666666666
141,uni2,500,0.16666666666666666,0.16666666666666666
141,uni2,1000,0.16666666666666666,0.16666666666666666
141,virchow2,20,0.16666666666666666,0.16666666666666666
141,virchow2,50,0.16666666666666666,0.16666666666666666
141,virchow2,100,0.16666666666666666,0.16666666666666666
141,virchow2,200,0.16666666666666666,0.16666666666666666
141,virchow2,500,0.16666666666666666,0.16666666666666666
141,virchow2,1000,0.16666666666666666,0.16666666666666666
142,gigapath,20,0.3333333333333333,0.5
142,gigapath,50,0.3333333333333333,0.5
142,gigapath,100,0.3333333333333333,0.5
142,gigapath,200,0.3333333333333333,0.5
142,gigapath,500,0.3333333333333333,0.3333333333333333
142,gigapath,1000,0.3333333333333333,0.3333333333333333
142,uni2,20,0.5,0.3333333333333333
142,uni2,50,0.5,0.3333333333333333
142,uni2,100,0.5,0.5
142,uni2,200,0.5,0.5
142,uni2,500,0.5,0.5
142,uni2,1000,0.5,0.5
142,virchow2,20,0.3333333333333333,0.6666666666666666
142,virchow2,50,0.3333333333333333,0.3333333333333333
142,virchow2,100,0.3333333333333333,0.3333333333333333
142,virchow2,200,0.3333333333333333,0.3333333333333333
142,virchow2,500,0.3333333333333333,0.3333333333333333
142,virchow2,1000,0.3333333333333333,0.3333333333333333
143,gigapath,20,0.16666666666666666,0.5
143,gigapath,50,0.16666666666666666,0.5
143,gigapath,100,0.16666666666666666,0.16666666666666666
143,gigapath,200,0.16666666666666666,0.16666666666666666
143,gigapath,500,0.16666666666666666,0.16666666666666666
143,gigapath,1000,0.16666666666666666,0.16666666666666666
143,uni2,20,1.0,0.8333333333333334
143,uni2,50,1.0,0.8333333333333334
143,uni2,100,1.0,1.0
143,uni2,200,1.0,1.0
143,uni2,500,1.0,1.0
143,uni2,1000,1.0,1.0
143,virchow2,20,0.16666666666666666,0.16666666666666666
143,virchow2,50,0.16666666666666666,0.16666666666666666
143,virchow2,100,0.16666666666666666,0.16666666666666666
143,virchow2,200,0.16666666666666666,0.16666666666666666
143,virchow2,500,0.16666666666666666,0.16666666666666666
143,virchow2,1000,0.16666666666666666,0.16666666666666666
144,gigapath,20,0.8333333333333334,0.8333333333333334
144,gigapath,50,0.8333333333333334,0.8333333333333334
144,gigapath,100,0.8333333333333334,0.8333333333333334
144,gigapath,200,0.8333333333333334,0.8333333333333334
144,gigapath,500,0.8333333333333334,0.8333333333333334
144,gigapath,1000,0.8333333333333334,0.8333333333333334
144,uni2,20,0.8333333333333334,0.5
144,uni2,50,0.8333333333333334,1.0
144,uni2,100,0.8333333333333334,1.0
144,uni2,200,0.8333333333333334,1.0
144,uni2,500,0.8333333333333334,0.8333333333333334
144,uni2,1000,0.8333333333333334,1.0
144,virchow2,20,1.0,0.5
144,virchow2,50,1.0,0.5
144,virchow2,100,1.0,0.6666666666666666
144,virchow2,200,1.0,0.8333333333333334
144,virchow2,500,1.0,0.8333333333333334
144,virchow2,1000,1.0,1.0
145,gigapath,20,0.6666666666666666,0.6666666666666666
145,gigapath,50,0.6666666666666666,0.6666666666666666
145,gigapath,100,0.6666666666666666,0.6666666666666666
145,gigapath,200,0.6666666666666666,0.6666666666666666
145,gigapath,500,0.6666666666666666,0.6666666666666666
145,gigapath,1000,0.6666666666666666,0.6666666666666666
145,uni2,20,0.6666666666666666,0.3333333333333333
145,uni2,50,0.6666666666666666,0.3333333333333333
145,uni2,100,0.6666666666666666,0.6666666666666666
145,uni2,200,0.6666666666666666,0.6666666666666666
145,uni2,500,0.6666666666666666,0.6666666666666666
145,uni2,1000,0.6666666666666666,0.6666666666666666
145,virchow2,20,0.6666666666666666,0.6666666666666666
145,virchow2,50,0.6666666666666666,0.6666666666666666
145,virchow2,100,0.6666666666666666,0.6666666666666666
145,virchow2,200,0.6666666666666666,0.6666666666666666
145,virchow2,500,0.6666666666666666,0.6666666666666666
145,virchow2,1000,0.6666666666666666,0.6666666666666666
146,gigapath,20,0.16666666666666666,0.3333333333333333
146,gigapath,50,0.16666666666666666,0.5
146,gigapath,100,0.16666666666666666,0.5
146,gigapath,200,0.16666666666666666,0.16666666666666666
146,gigapath,500,0.16666666666666666,0.16666666666666666
146,gigapath,1000,0.16666666666666666,0.16666666666666666
146,uni2,20,0.6666666666666666,0.3333333333333333
146,uni2,50,0.6666666666666666,0.6666666666666666
146,uni2,100,0.6666666666666666,0.6666666666666666
146,uni2,200,0.6666666666666666,0.6666666666666666
146,uni2,500,0.6666666666666666,0.6666666666666666
146,uni2,1000,0.6666666666666666,0.6666666666666666
146,virchow2,20,0.16666666666666666,0.0
146,virchow2,50,0.16666666666666666,0.5
146,virchow2,100,0.16666666666666666,0.16666666666666666
146,virchow2,200,0.16666666666666666,0.16666666666666666
146,virchow2,500,0.16666666666666666,0.16666666666666666
146,virchow2,1000,0.16666666666666666,0.16666666666666666
147,gigapath,20,0.5,0.5
147,gigapath,50,0.5,0.5
147,gigapath,100,0.5,0.8333333333333334
147,gigapath,200,0.5,0.8333333333333334
147,gigapath,500,0.5,0.8333333333333334
147,gigapath,1000,0.5,0.8333333333333334
147,uni2,20,0.8333333333333334,0.16666666666666666
147,uni2,50,0.8333333333333334,0.8333333333333334
147,uni2,100,0.8333333333333334,0.8333333333333334
147,uni2,200,0.8333333333333334,0.8333333333333334
147,uni2,500,0.8333333333333334,0.8333333333333334
147,uni2,1000,0.8333333333333334,0.8333333333333334
147,virchow2,20,0.8333333333333334,0.8333333333333334
147,virchow2,50,0.8333333333333334,0.5
147,virchow2,100,0.8333333333333334,0.8333333333333334
147,virchow2,200,0.8333333333333334,0.8333333333333334
147,virchow2,500,0.8333333333333334,0.8333333333333334
147,virchow2,1000,0.8333333333333334,0.8333333333333334
148,gigapath,20,0.16666666666666666,0.0
148,gigapath,50,0.16666666666666666,0.16666666666666666
148,gigapath,100,0.16666666666666666,0.0
148,gigapath,200,0.16666666666666666,0.0
148,gigapath,500,0.16666666666666666,0.0
148,gigapath,1000,0.16666666666666666,0.0
148,uni2,20,0.0,0.3333333333333333
148,uni2,50,0.0,0.3333333333333333
148,uni2,100,0.0,0.3333333333333333
148,uni2,200,0.0,0.0
148,uni2,500,0.0,0.0
148,uni2,1000,0.0,0.0
148,virchow2,20,0.3333333333333333,0.16666666666666666
148,virchow2,50,0.3333333333333333,0.16666666666666666
148,virchow2,100,0.3333333333333333,0.16666666666666666
148,virchow2,200,0.3333333333333333,0.0
148,virchow2,500,0.3333333333333333,0.3333333333333333
148,virchow2,1000,0.3333333333333333,0.3333333333333333
149,gigapath,20,0.5,0.5
149,gigapath,50,0.5,0.5
149,gigapath,100,0.5,0.5
149,gigapath,200,0.5,0.5
149,gigapath,500,0.5,0.5
149,gigapath,1000,0.5,0.5
149,uni2,20,0.5,0.8333333333333334
149,uni2,50,0.5,0.5
149,uni2,100,0.5,0.5
149,uni2,200,0.5,0.5
149,uni2,500,0.5,0.5
149,uni2,1000,0.5,0.5
149,virchow2,20,0.5,0.3333333333333333
149,virchow2,50,0.5,0.16666666666666666
149,virchow2,100,0.5,0.0
149,virchow2,200,0.5,0.0
149,virchow2,500,0.5,0.16666666666666666
149,virchow2,1000,0.5,0.16666666666666666
150,gigapath,20,0.3333333333333333,0.6666666666666666
150,gigapath,50,0.3333333333333333,0.5
150,gigapath,100,0.3333333333333333,0.3333333333333333
150,gigapath,200,0.3333333333333333,0.3333333333333333
150,gigapath,500,0.3333333333333333,0.3333333333333333
150,gigapath,1000,0.3333333333333333,0.3333333333333333
150,uni2,20,0.5,0.3333333333333333
150,uni2,50,0.5,0.6666666666666666
150,uni2,100,0.5,0.5
150,uni2,200,0.5,0.5
150,uni2,500,0.5,0.6666666666666666
150,uni2,1000,0.5,0.5
150,virchow2,20,0.3333333333333333,0.5
150,virchow2,50,0.3333333333333333,0.5
150,virchow2,100,0.3333333333333333,0.5
150,virchow2,200,0.3333333333333333,0.3333333333333333
150,virchow2,500,0.3333333333333333,0.3333333333333333
150,virchow2,1000,0.3333333333333333,0.3333333333333333
151,gigapath,20,0.16666666666666666,0.16666666666666666
151,gigapath,50,0.16666666666666666,0.0
151,gigapath,100,0.16666666666666666,0.16666666666666666
151,gigapath,200,0.16666666666666666,0.16666666666666666
151,gigapath,500,0.16666666666666666,0.16666666666666666
151,gigapath,1000,0.16666666666666666,0.16666666666666666
151,uni2,20,0.16666666666666666,0.16666666666666666
151,uni2,50,0.16666666666666666,0.16666666666666666
151,uni2,100,0.16666666666666666,0.16666666666666666
151,uni2,200,0.16666666666666666,0.16666666666666666
151,uni2,500,0.16666666666666666,0.16666666666666666
151,uni2,1000,0.16666666666666666,0.16666666666666666
151,virchow2,20,0.16666666666666666,0.16666666666666666
151,virchow2,50,0.16666666666666666,0.0
151,virchow2,100,0.16666666666666666,0.0
151,virchow2,200,0.16666666666666666,0.0
151,virchow2,500,0.16666666666666666,0.16666666666666666
151,virchow2,1000,0.16666666666666666,0.16666666666666666
152,gigapath,20,0.5,0.8333333333333334
152,gigapath,50,0.5,0.8333333333333334
152,gigapath,100,0.5,0.8333333333333334
152,gigapath,200,0.5,0.5
152,gigapath,500,0.5,0.5
152,gigapath,1000,0.5,0.5
152,uni2,20,0.5,0.3333333333333333
152,uni2,50,0.5,0.8333333333333334
152,uni2,100,0.5,0.8333333333333334
152,uni2,200,0.5,0.8333333333333334
152,uni2,500,0.5,0.5
152,uni2,1000,0.5,0.5
152,virchow2,20,0.5,0.8333333333333334
152,virchow2,50,0.5,0.8333333333333334
152,virchow2,100,0.5,0.5
152,virchow2,200,0.5,0.5
152,virchow2,500,0.5,0.5
152,virchow2,1000,0.5,0.5
153,gigapath,20,0.5,0.5
153,gigapath,50,0.5,0.5
153,gigapath,100,0.5,0.5
153,gigapath,200,0.5,0.5
153,gigapath,500,0.5,0.5
153,gigapath,1000,0.5,0.5
153,uni2,20,0.5,0.5
153,uni2,50,0.5,0.5
153,uni2,100,0.5,0.5
153,uni2,200,0.5,0.5
153,uni2,500,0.5,0.5
153,uni2,1000,0.5,0.5
153,virchow2,20,0.5,0.16666666666666666
153,virchow2,50,0.5,0.5
153,virchow2,100,0.5,0.16666666666666666
153,virchow2,200,0.5,0.5
153,virchow2,500,0.5,0.5
153,virchow2,1000,0.5,0.5
154,gigapath,20,0.6666666666666666,0.6666666666666666
154,gigapath,50,0.6666666666666666,0.6666666666666666
154,gigapath,100,0.6666666666666666,0.6666666666666666
154,gigapath,200,0.6666666666666666,0.6666666666666666
154,gigapath,500,0.6666666666666666,0.6666666666666666
154,gigapath,1000,0.6666666666666666,0.6666666666666666
154,uni2,20,0.6666666666666666,0.6666666666666666
154,uni2,50,0.6666666666666666,0.6666666666666666
154,uni2,100,0.6666666666666666,0.6666666666666666
154,uni2,200,0.6666666666666666,0.8333333333333334
154,uni2,500,0.6666666666666666,0.6666666666666666
154,uni2,1000,0.6666666666666666,0.6666666666666666
154,virchow2,20,0.8333333333333334,0.5
154,virchow2,50,0.8333333333333334,0.8333333333333334
154,virchow2,100,0.8333333333333334,0.8333333333333334
154,virchow2,200,0.8333333333333334,0.8333333333333334
154,virchow2,500,0.8333333333333334,0.8333333333333334
154,virchow2,1000,0.8333333333333334,0.8333333333333334
155,gigapath,20,0.5,0.3333333333333333
155,gigapath,50,0.5,0.8333333333333334
155,gigapath,100,0.5,0.5
155,gigapath,200,0.5,0.16666666666666666
155,gigapath,500,0.5,0.5
155,gigapath,1000,0.5,0.5
155,uni2,20,0.5,0.6666666666666666
155,uni2,50,0.5,0.5
155,uni2,100,0.5,0.6666666666666666
155,uni2,200,0.5,0.5
155,uni2,500,0.5,0.5
155,uni2,1000,0.5,0.5
155,virchow2,20,0.16666666666666666,0.16666666666666666
155,virchow2,50,0.16666666666666666,0.16666666666666666
155,virchow2,100,0.16666666666666666,0.16666666666666666
155,virchow2,200,0.16666666666666666,0.16666666666666666
155,virchow2,500,0.16666666666666666,0.16666666666666666
155,virchow2,1000,0.16666666666666666,0.16666666666666666
156,gigapath,20,0.16666666666666666,0.16666666666666666
156,gigapath,50,0.16666666666666666,0.3333333333333333
156,gigapath,100,0.16666666666666666,0.3333333333333333
156,gigapath,200,0.16666666666666666,0.6666666666666666
156,gigapath,500,0.16666666666666666,0.16666666666666666
156,gigapath,1000,0.16666666666666666,0.16666666666666666
156,uni2,20,0.16666666666666666,0.0
156,uni2,50,0.16666666666666666,0.3333333333333333
156,uni2,100,0.16666666666666666,0.3333333333333333
156,uni2,200,0.16666666666666666,0.3333333333333333
156,uni2,500,0.16666666666666666,0.3333333333333333
156,uni2,1000,0.16666666666666666,0.16666666666666666
156,virchow2,20,0.16666666666666666,0.6666666666666666
156,virchow2,50,0.16666666666666666,0.16666666666666666
156,virchow2,100,0.16666666666666666,0.3333333333333333
156,virchow2,200,0.16666666666666666,0.3333333333333333
156,virchow2,500,0.16666666666666666,0.3333333333333333
156,virchow2,1000,0.16666666666666666,0.3333333333333333
157,gigapath,20,0.6666666666666666,0.6666666666666666
157,gigapath,50,0.6666666666666666,0.6666666666666666
157,gigapath,100,0.6666666666666666,0.6666666666666666
157,gigapath,200,0.6666666666666666,0.6666666666666666
157,gigapath,500,0.6666666666666666,0.6666666666666666
157,gigapath,1000,0.6666666666666666,0.6666666666666666
157,uni2,20,0.6666666666666666,0.5
157,uni2,50,0.6666666666666666,0.6666666666666666
157,uni2,100,0.6666666666666666,0.6666666666666666
157,uni2,200,0.6666666666666666,0.6666666666666666
157,uni2,500,0.6666666666666666,0.6666666666666666
157,uni2,1000,0.6666666666666666,0.6666666666666666
157,virchow2,20,0.6666666666666666,0.6666666666666666
157,virchow2,50,0.6666666666666666,0.6666666666666666
157,virchow2,100,0.6666666666666666,0.6666666666666666
157,virchow2,200,0.6666666666666666,0.6666666666666666
157,virchow2,500,0.6666666666666666,0.6666666666666666
157,virchow2,1000,0.6666666666666666,0.6666666666666666
158,gigapath,20,0.5,0.5
158,gigapath,50,0.5,0.5
158,gigapath,100,0.5,0.5
158,gigapath,200,0.5,0.5
158,gigapath,500,0.5,0.5
158,gigapath,1000,0.5,0.5
158,uni2,20,0.5,0.0
158,uni2,50,0.5,0.5
158,uni2,100,0.5,0.5
158,uni2,200,0.5,0.8333333333333334
158,uni2,500,0.5,0.5
158,uni2,1000,0.5,0.8333333333333334
158,virchow2,20,0.8333333333333334,0.16666666666666666
158,virchow2,50,0.8333333333333334,0.5
158,virchow2,100,0.8333333333333334,0.5
158,virchow2,200,0.8333333333333334,0.8333333333333334
158,virchow2,500,0.8333333333333334,0.8333333333333334
158,virchow2,1000,0.8333333333333334,0.8333333333333334
159,gigapath,20,0.16666666666666666,0.16666666666666666
159,gigapath,50,0.16666666666666666,0.16666666666666666
159,gigapath,100,0.16666666666666666,0.16666666666666666
159,gigapath,200,0.16666666666666666,0.16666666666666666
159,gigapath,500,0.16666666666666666,0.16666666666666666
159,gigapath,1000,0.16666666666666666,0.16666666666666666
159,uni2,20,0.16666666666666666,0.5
159,uni2,50,0.16666666666666666,0.16666666666666666
159,uni2,100,0.16666666666666666,0.16666666666666666
159,uni2,200,0.16666666666666666,0.16666666666666666
159,uni2,500,0.16666666666666666,0.16666666666666666
159,uni2,1000,0.16666666666666666,0.16666666666666666
159,virchow2,20,0.0,0.16666666666666666
159,virchow2,50,0.0,0.0
159,virchow2,100,0.0,0.0
159,virchow2,200,0.0,0.0
159,virchow2,500,0.0,0.0
159,virchow2,1000,0.0,0.0
160,gigapath,20,0.0,0.3333333333333333
160,gigapath,50,0.0,0.3333333333333333
160,gigapath,100,0.0,0.0
160,gigapath,200,0.0,0.0
160,gigapath,500,0.0,0.0
160,gigapath,1000,0.0,0.0
160,uni2,20,0.6666666666666666,0.6666666666666666
160,uni2,50,0.6666666666666666,0.6666666666666666
160,uni2,100,0.6666666666666666,0.6666666666666666
160,uni2,200,0.6666666666666666,0.6666666666666666
160,uni2,500,0.6666666666666666,0.6666666666666666
160,uni2,1000,0.6666666666666666,0.6666666666666666
160,virchow2,20,0.0,0.0
160,virchow2,50,0.0,0.0
160,virchow2,100,0.0,0.16666666666666666
160,virchow2,200,0.0,0.16666666666666666
160,virchow2,500,0.0,0.0
160,virchow2,1000,0.0,0.0
161,gigapath,20,0.16666666666666666,0.3333333333333333
161,gigapath,50,0.16666666666666666,0.0
161,gigapath,100,0.16666666666666666,0.0
161,gigapath,200,0.16666666666666666,0.0
161,gigapath,500,0.16666666666666666,0.0
161,gigapath,1000,0.16666666666666666,0.3333333333333333
161,uni2,20,0.5,0.16666666666666666
161,uni2,50,0.5,0.5
161,uni2,100,0.5,0.5
161,uni2,200,0.5,0.5
161,uni2,500,0.5,0.5
161,uni2,1000,0.5,0.5
161,virchow2,20,0.3333333333333333,0.3333333333333333
161,virchow2,50,0.3333333333333333,0.0
161,virchow2,100,0.3333333333333333,0.0
161,virchow2,200,0.3333333333333333,0.3333333333333333
161,virchow2,500,0.3333333333333333,0.3333333333333333
161,virchow2,1000,0.3333333333333333,0.3333333333333333
162,gigapath,20,0.5,0.5
162,gigapath,50,0.5,0.5
162,gigapath,100,0.5,0.5
162,gigapath,200,0.5,0.5
162,gigapath,500,0.5,0.5
162,gigapath,1000,0.5,0.5
162,uni2,20,0.5,0.6666666666666666
162,uni2,50,0.5,0.8333333333333334
162,uni2,100,0.5,0.5
162,uni2,200,0.5,0.5
162,uni2,500,0.5,0.5
162,uni2,1000,0.5,0.5
162,virchow2,20,0.5,0.5
162,virchow2,50,0.5,0.5
162,virchow2,100,0.5,0.5
162,virchow2,200,0.5,0.5
162,virchow2,500,0.5,0.5
162,virchow2,1000,0.5,0.5
163,gigapath,20,0.3333333333333333,0.16666666666666666
163,gigapath,50,0.3333333333333333,0.5
163,gigapath,100,0.3333333333333333,0.16666666666666666
163,gigapath,200,0.3333333333333333,0.16666666666666666
163,gigapath,500,0.3333333333333333,0.3333333333333333
163,gigapath,1000,0.3333333333333333,0.3333333333333333
163,uni2,20,0.16666666666666666,0.0
163,uni2,50,0.16666666666666666,0.16666666666666666
163,uni2,100,0.16666666666666666,0.16666666666666666
163,uni2,200,0.16666666666666666,0.16666666666666666
163,uni2,500,0.16666666666666666,0.16666666666666666
163,uni2,1000,0.16666666666666666,0.16666666666666666
163,virchow2,20,0.3333333333333333,0.16666666666666666
163,virchow2,50,0.3333333333333333,0.16666666666666666
163,virchow2,100,0.3333333333333333,0.16666666666666666
163,virchow2,200,0.3333333333333333,0.16666666666666666
163,virchow2,500,0.3333333333333333,0.3333333333333333
163,virchow2,1000,0.3333333333333333,0.16666666666666666
164,gigapath,20,0.8333333333333334,0.6666666666666666
164,gigapath,50,0.8333333333333334,0.5
164,gigapath,100,0.8333333333333334,0.5
164,gigapath,200,0.8333333333333334,0.5
164,gigapath,500,0.8333333333333334,0.8333333333333334
164,gigapath,1000,0.8333333333333334,0.5
164,uni2,20,0.8333333333333334,0.5
164,uni2,50,0.8333333333333334,0.8333333333333334
164,uni2,100,0.8333333333333334,0.8333333333333334
164,uni2,200,0.8333333333333334,0.8333333333333334
164,uni2,500,0.8333333333333334,0.8333333333333334
164,uni2,1000,0.8333333333333334,0.8333333333333334
164,virchow2,20,0.8333333333333334,0.5
164,virchow2,50,0.8333333333333334,0.6666666666666666
164,virchow2,100,0.8333333333333334,0.8333333333333334
164,virchow2,200,0.8333333333333334,0.8333333333333334
164,virchow2,500,0.8333333333333334,0.8333333333333334
164,virchow2,1000,0.8333333333333334,0.8333333333333334
165,gigapath,20,0.6666666666666666,0.6666666666666666
165,gigapath,50,0.6666666666666666,0.6666666666666666
165,gigapath,100,0.6666666666666666,0.6666666666666666
165,gigapath,200,0.6666666666666666,0.6666666666666666
165,gigapath,500,0.6666666666666666,0.6666666666666666
165,gigapath,1000,0.6666666666666666,0.6666666666666666
165,uni2,20,0.6666666666666666,0.6666666666666666
165,uni2,50,0.6666666666666666,0.6666666666666666
165,uni2,100,0.6666666666666666,0.6666666666666666
165,uni2,200,0.6666666666666666,0.8333333333333334
165,uni2,500,0.6666666666666666,0.6666666666666666
165,uni2,1000,0.6666666666666666,0.6666666666666666
165,virchow2,20,0.8333333333333334,0.5
165,virchow2,50,0.8333333333333334,0.8333333333333334
165,virchow2,100,0.8333333333333334,0.8333333333333334
165,virchow2,200,0.8333333333333334,0.8333333333333334
165,virchow2,500,0.8333333333333334,0.8333333333333334
165,virchow2,1000,0.8333333333333334,0.8333333333333334
166,gigapath,20,0.8333333333333334,0.6666666666666666
166,gigapath,50,0.8333333333333334,0.8333333333333334
166,gigapath,100,0.8333333333333334,0.6666666666666666
166,gigapath,200,0.8333333333333334,0.6666666666666666
166,gigapath,500,0.8333333333333334,0.6666666666666666
166,gigapath,1000,0.8333333333333334,0.8333333333333334
166,uni2,20,0.8333333333333334,0.3333333333333333
166,uni2,50,0.8333333333333334,0.8333333333333334
166,uni2,100,0.8333333333333334,0.8333333333333334
166,uni2,200,0.8333333333333334,0.8333333333333334
166,uni2,500,0.8333333333333334,0.8333333333333334
166,uni2,1000,0.8333333333333334,0.8333333333333334
166,virchow2,20,0.6666666666666666,0.6666666666666666
166,virchow2,50,0.6666666666666666,0.6666666666666666
166,virchow2,100,0.6666666666666666,0.6666666666666666
166,virchow2,200,0.6666666666666666,0.6666666666666666
166,virchow2,500,0.6666666666666666,0.6666666666666666
166,virchow2,1000,0.6666666666666666,0.6666666666666666
167,gigapath,20,0.5,0.3333333333333333
167,gigapath,50,0.5,0.3333333333333333
167,gigapath,100,0.5,0.3333333333333333
167,gigapath,200,0.5,0.6666666666666666
167,gigapath,500,0.5,0.5
167,gigapath,1000,0.5,0.5
167,uni2,20,0.6666666666666666,0.6666666666666666
167,uni2,50,0.6666666666666666,0.3333333333333333
167,uni2,100,0.6666666666666666,0.6666666666666666
167,uni2,200,0.6666666666666666,0.6666666666666666
167,uni2,500,0.6666666666666666,0.6666666666666666
167,uni2,1000,0.6666666666666666,0.6666666666666666
167,virchow2,20,0.5,0.8333333333333334
167,virchow2,50,0.5,0.16666666666666666
167,virchow2,100,0.5,0.16666666666666666
167,virchow2,200,0.5,0.16666666666666666
167,virchow2,500,0.5,0.8333333333333334
167,virchow2,1000,0.5,0.5
168,gigapath,20,0.5,0.8333333333333334
168,gigapath,50,0.5,0.5
168,gigapath,100,0.5,0.5
168,gigapath,200,0.5,0.5
168,gigapath,500,0.5,0.5
168,gigapath,1000,0.5,0.5
168,uni2,20,0.5,0.0
168,uni2,50,0.5,0.3333333333333333
168,uni2,100,0.5,0.5
168,uni2,200,0.5,0.5
168,uni2,500,0.5,0.5
168,uni2,1000,0.5,0.5
168,virchow2,20,0.16666666666666666,0.0
168,virchow2,50,0.16666666666666666,0.0
168,virchow2,100,0.16666666666666666,0.16666666666666666
168,virchow2,200,0.16666666666666666,0.0
168,virchow2,500,0.16666666666666666,0.16666666666666666
168,virchow2,1000,0.16666666666666666,0.16666666666666666
169,gigapath,20,0.3333333333333333,0.3333333333333333
169,gigapath,50,0.3333333333333333,0.5
169,gigapath,100,0.3333333333333333,0.3333333333333333
169,gigapath,200,0.3333333333333333,0.5
169,gigapath,500,0.3333333333333333,0.5
169,gigapath,1000,0.3333333333333333,0.5
169,uni2,20,0.16666666666666666,0.3333333333333333
169,uni2,50,0.16666666666666666,0.3333333333333333
169,uni2,100,0.16666666666666666,0.16666666666666666
169,uni2,200,0.16666666666666666,0.16666666666666666
169,uni2,500,0.16666666666666666,0.16666666666666666
169,uni2,1000,0.16666666666666666,0.16666666666666666
169,virchow2,20,0.0,0.16666666666666666
169,virchow2,50,0.0,0.16666666666666666
169,virchow2,100,0.0,0.16666666666666666
169,virchow2,200,0.0,0.16666666666666666
169,virchow2,500,0.0,0.16666666666666666
169,virchow2,1000,0.0,0.0
170,gigapath,20,0.6666666666666666,0.6666666666666666
170,gigapath,50,0.6666666666666666,0.3333333333333333
170,gigapath,100,0.6666666666666666,0.3333333333333333
170,gigapath,200,0.6666666666666666,0.3333333333333333
170,gigapath,500,0.6666666666666666,0.6666666666666666
170,gigapath,1000,0.6666666666666666,0.3333333333333333
170,uni2,20,0.3333333333333333,0.3333333333333333
170,uni2,50,0.3333333333333333,0.3333333333333333
170,uni2,100,0.3333333333333333,0.3333333333333333
170,uni2,200,0.3333333333333333,0.3333333333333333
170,uni2,500,0.3333333333333333,0.6666666666666666
170,uni2,1000,0.3333333333333333,0.3333333333333333
170,virchow2,20,0.3333333333333333,0.5
170,virchow2,50,0.3333333333333333,0.3333333333333333
170,virchow2,100,0.3333333333333333,0.5
170,virchow2,200,0.3333333333333333,0.5
170,virchow2,500,0.3333333333333333,0.3333333333333333
170,virchow2,1000,0.3333333333333333,0.3333333333333333
171,gigapath,20,0.0,0.0
171,gigapath,50,0.0,0.16666666666666666
171,gigapath,100,0.0,0.16666666666666666
171,gigapath,200,0.0,0.16666666666666666
171,gigapath,500,0.0,0.16666666666666666
171,gigapath,1000,0.0,0.16666666666666666
171,uni2,20,0.3333333333333333,0.16666666666666666
171,uni2,50,0.3333333333333333,0.16666666666666666
171,uni2,100,0.3333333333333333,0.16666666666666666
171,uni2,200,0.3333333333333333,0.16666666666666666
171,uni2,500,0.3333333333333333,0.3333333333333333
171,uni2,1000,0.3333333333333333,0.3333333333333333
171,virchow2,20,0.0,0.0
171,virchow2,50,0.0,0.0
171,virchow2,100,0.0,0.0
171,virchow2,200,0.0,0.0
171,virchow2,500,0.0,0.0
171,virchow2,1000,0.0,0.0
172,gigapath,20,0.3333333333333333,0.5
172,gigapath,50,0.3333333333333333,0.6666666666666666
172,gigapath,100,0.3333333333333333,0.5
172,gigapath,200,0.3333333333333333,0.3333333333333333
172,gigapath,500,0.3333333333333333,0.3333333333333333
172,gigapath,1000,0.3333333333333333,0.3333333333333333
172,uni2,20,0.3333333333333333,0.3333333333333333
172,uni2,50,0.3333333333333333,0.6666666666666666
172,uni2,100,0.3333333333333333,0.6666666666666666
172,uni2,200,0.3333333333333333,0.3333333333333333
172,uni2,500,0.3333333333333333,0.3333333333333333
172,uni2,1000,0.3333333333333333,0.3333333333333333
172,virchow2,20,0.5,0.8333333333333334
172,virchow2,50,0.5,0.8333333333333334
172,virchow2,100,0.5,0.3333333333333333
172,virchow2,200,0.5,0.5
172,virchow2,500,0.5,0.5
172,virchow2,1000,0.5,0.5
173,gigapath,20,0.5,0.5
173,gigapath,50,0.5,0.5
173,gigapath,100,0.5,0.5
173,gigapath,200,0.5,0.5
173,gigapath,500,0.5,0.5
173,gigapath,1000,0.5,0.5
173,uni2,20,0.5,0.6666666666666666
173,uni2,50,0.5,0.3333333333333333
173,uni2,100,0.5,0.5
173,uni2,200,0.5,0.5
173,uni2,500,0.5,0.5
173,uni2,1000,0.5,0.5
173,virchow2,20,0.16666666666666666,0.5
173,virchow2,50,0.16666666666666666,0.5
173,virchow2,100,0.16666666666666666,0.16666666666666666
173,virchow2,200,0.16666666666666666,0.5
173,virchow2,500,0.16666666666666666,0.5
173,virchow2,1000,0.16666666666666666,0.16666666666666666
174,gigapath,20,0.5,0.5
174,gigapath,50,0.5,0.5
174,gigapath,100,0.5,0.8333333333333334
174,gigapath,200,0.5,0.5
174,gigapath,500,0.5,0.5
174,gigapath,1000,0.5,0.5
174,uni2,20,0.8333333333333334,0.5
174,uni2,50,0.8333333333333334,1.0
174,uni2,100,0.8333333333333334,1.0
174,uni2,200,0.8333333333333334,0.8333333333333334
174,uni2,500,0.8333333333333334,0.8333333333333334
174,uni2,1000,0.8333333333333334,0.8333333333333334
174,virchow2,20,0.5,0.5
174,virchow2,50,0.5,0.5
174,virchow2,100,0.5,0.5
174,virchow2,200,0.5,0.5
174,virchow2,500,0.5,0.5
174,virchow2,1000,0.5,0.5
175,gigapath,20,0.3333333333333333,0.5
175,gigapath,50,0.3333333333333333,0.3333333333333333
175,gigapath,100,0.3333333333333333,0.3333333333333333
175,gigapath,200,0.3333333333333333,0.3333333333333333
175,gigapath,500,0.3333333333333333,0.3333333333333333
175,gigapath,1000,0.3333333333333333,0.3333333333333333
175,uni2,20,0.16666666666666666,0.3333333333333333
175,uni2,50,0.16666666666666666,0.0
175,uni2,100,0.16666666666666666,0.0
175,uni2,200,0.16666666666666666,0.16666666666666666
175,uni2,500,0.16666666666666666,0.16666666666666666
175,uni2,1000,0.16666666666666666,0.16666666666666666
175,virchow2,20,0.3333333333333333,0.0
175,virchow2,50,0.3333333333333333,0.3333333333333333
175,virchow2,100,0.3333333333333333,0.3333333333333333
175,virchow2,200,0.3333333333333333,0.5
175,virchow2,500,0.3333333333333333,0.3333333333333333
175,virchow2,1000,0.3333333333333333,0.3333333333333333
176,gigapath,20,0.5,0.6666666666666666
176,gigapath,50,0.5,1.0
176,gigapath,100,0.5,0.6666666666666666
176,gigapath,200,0.5,0.5
176,gigapath,500,0.5,0.3333333333333333
176,gigapath,1000,0.5,0.5
176,uni2,20,0.5,0.3333333333333333
176,uni2,50,0.5,0.5
176,uni2,100,0.5,0.5
176,uni2,200,0.5,0.5
176,uni2,500,0.5,0.5
176,uni2,1000,0.5,0.5
176,virchow2,20,0.3333333333333333,0.5
176,virchow2,50,0.3333333333333333,0.3333333333333333
176,virchow2,100,0.3333333333333333,0.3333333333333333
176,virchow2,200,0.3333333333333333,0.3333333333333333
176,virchow2,500,0.3333333333333333,0.3333333333333333
176,virchow2,1000,0.3333333333333333,0.3333333333333333
177,gigapath,20,0.5,0.16666666666666666
177,gigapath,50,0.5,0.5
177,gigapath,100,0.5,0.5
177,gigapath,200,0.5,0.5
177,gigapath,500,0.5,0.5
177,gigapath,1000,0.5,0.5
177,uni2,20,0.8333333333333334,0.3333333333333333
177,uni2,50,0.8333333333333334,0.8333333333333334
177,uni2,100,0.8333333333333334,0.8333333333333334
177,uni2,200,0.8333333333333334,0.8333333333333334
177,uni2,500,0.8333333333333334,0.8333333333333334
177,uni2,1000,0.8333333333333334,0.8333333333333334
177,virchow2,20,0.5,0.5
177,virchow2,50,0.5,0.5
177,virchow2,100,0.5,0.5
177,virchow2,200,0.5,0.5
177,virchow2,500,0.5,0.5
177,virchow2,1000,0.5,0.5
178,gigapath,20,0.16666666666666666,0.5
178,gigapath,50,0.16666666666666666,0.5
178,gigapath,100,0.16666666666666666,0.16666666666666666
178,gigapath,200,0.16666666666666666,0.0
178,gigapath,500,0.16666666666666666,0.0
178,gigapath,1000,0.16666666666666666,0.16666666666666666
178,uni2,20,0.3333333333333333,0.0
178,uni2,50,0.3333333333333333,0.16666666666666666
178,uni2,100,0.3333333333333333,0.5
178,uni2,200,0.3333333333333333,0.3333333333333333
178,uni2,500,0.3333333333333333,0.3333333333333333
178,uni2,1000,0.3333333333333333,0.3333333333333333
178,virchow2,20,0.16666666666666666,0.5
178,virchow2,50,0.16666666666666666,0.16666666666666666
178,virchow2,100,0.16666666666666666,0.16666666666666666
178,virchow2,200,0.16666666666666666,0.16666666666666666
178,virchow2,500,0.16666666666666666,0.16666666666666666
178,virchow2,1000,0.16666666666666666,0.16666666666666666
179,gigapath,20,0.8333333333333334,0.8333333333333334
179,gigapath,50,0.8333333333333334,0.5
179,gigapath,100,0.8333333333333334,0.8333333333333334
179,gigapath,200,0.8333333333333334,0.8333333333333334
179,gigapath,500,0.8333333333333334,0.8333333333333334
179,gigapath,1000,0.8333333333333334,0.8333333333333334
179,uni2,20,0.6666666666666666,0.3333333333333333
179,uni2,50,0.6666666666666666,0.6666666666666666
179,uni2,100,0.6666666666666666,0.8333333333333334
179,uni2,200,0.6666666666666666,0.6666666666666666
179,uni2,500,0.6666666666666666,0.6666666666666666
179,uni2,1000,0.6666666666666666,0.6666666666666666
179,virchow2,20,0.8333333333333334,0.6666666666666666
179,virchow2,50,0.8333333333333334,0.6666666666666666
179,virchow2,100,0.8333333333333334,0.8333333333333334
179,virchow2,200,0.8333333333333334,0.6666666666666666
179,virchow2,500,0.8333333333333334,0.6666666666666666
179,virchow2,1000,0.8333333333333334,0.6666666666666666
180,gigapath,20,0.3333333333333333,0.0
180,gigapath,50,0.3333333333333333,0.3333333333333333
180,gigapath,100,0.3333333333333333,0.3333333333333333
180,gigapath,200,0.3333333333333333,0.3333333333333333
180,gigapath,500,0.3333333333333333,0.3333333333333333
180,gigapath,1000,0.3333333333333333,0.3333333333333333
180,uni2,20,0.3333333333333333,0.0
180,uni2,50,0.3333333333333333,0.0
180,uni2,100,0.3333333333333333,0.3333333333333333
180,uni2,200,0.3333333333333333,0.3333333333333333
180,uni2,500,0.3333333333333333,0.3333333333333333
180,uni2,1000,0.3333333333333333,0.3333333333333333
180,virchow2,20,0.16666666666666666,0.5
180,virchow2,50,0.16666666666666666,0.8333333333333334
180,virchow2,100,0.16666666666666666,0.5
180,virchow2,200,0.16666666666666666,0.5
180,virchow2,500,0.16666666666666666,0.16666666666666666
180,virchow2,1000,0.16666666666666666,0.16666666666666666
181,gigapath,20,0.16666666666666666,0.5
181,gigapath,50,0.16666666666666666,0.0
181,gigapath,100,0.16666666666666666,0.0
181,gigapath,200,0.16666666666666666,0.0
181,gigapath,500,0.16666666666666666,0.16666666666666666
181,gigapath,1000,0.16666666666666666,0.16666666666666666
181,uni2,20,0.3333333333333333,0.5
181,uni2,50,0.3333333333333333,0.6666666666666666
181,uni2,100,0.3333333333333333,0.6666666666666666
181,uni2,200,0.3333333333333333,0.6666666666666666
181,uni2,500,0.3333333333333333,0.6666666666666666
181,uni2,1000,0.3333333333333333,0.3333333333333333
181,virchow2,20,0.16666666666666666,0.16666666666666666
181,virchow2,50,0.16666666666666666,0.3333333333333333
181,virchow2,100,0.16666666666666666,0.16666666666666666
181,virchow2,200,0.16666666666666666,0.16666666666666666
181,virchow2,500,0.16666666666666666,0.16666666666666666
181,virchow2,1000,0.16666666666666666,0.16666666666666666
182,gigapath,20,0.16666666666666666,0.5
182,gigapath,50,0.16666666666666666,0.16666666666666666
182,gigapath,100,0.16666666666666666,0.5
182,gigapath,200,0.16666666666666666,0.16666666666666666
182,gigapath,500,0.16666666666666666,0.16666666666666666
182,gigapath,1000,0.16666666666666666,0.16666666666666666
182,uni2,20,0.5,0.5
182,uni2,50,0.5,0.5
182,uni2,100,0.5,0.5
182,uni2,200,0.5,0.5
182,uni2,500,0.5,0.5
182,uni2,1000,0.5,0.5
182,virchow2,20,0.16666666666666666,0.16666666666666666
182,virchow2,50,0.16666666666666666,0.16666666666666666
182,virchow2,100,0.16666666666666666,0.16666666666666666
182,virchow2,200,0.16666666666666666,0.16666666666666666
182,virchow2,500,0.16666666666666666,0.16666666666666666
182,virchow2,1000,0.16666666666666666,0.16666666666666666
183,gigapath,20,0.3333333333333333,0.3333333333333333
183,gigapath,50,0.3333333333333333,0.3333333333333333
183,gigapath,100,0.3333333333333333,0.3333333333333333
183,gigapath,200,0.3333333333333333,0.3333333333333333
183,gigapath,500,0.3333333333333333,0.3333333333333333
183,gigapath,1000,0.3333333333333333,0.3333333333333333
183,uni2,20,0.3333333333333333,0.16666666666666666
183,uni2,50,0.3333333333333333,0.5
183,uni2,100,0.3333333333333333,0.3333333333333333
183,uni2,200,0.3333333333333333,0.3333333333333333
183,uni2,500,0.3333333333333333,0.3333333333333333
183,uni2,1000,0.3333333333333333,0.3333333333333333
183,virchow2,20,0.0,0.16666666666666666
183,virchow2,50,0.0,0.0
183,virchow2,100,0.0,0.16666666666666666
183,virchow2,200,0.0,0.0
183,virchow2,500,0.0,0.0
183,virchow2,1000,0.0,0.0
184,gigapath,20,0.8333333333333334,0.8333333333333334
184,gigapath,50,0.8333333333333334,0.8333333333333334
184,gigapath,100,0.8333333333333334,0.8333333333333334
184,gigapath,200,0.8333333333333334,0.8333333333333334
184,gigapath,500,0.8333333333333334,0.8333333333333334
184,gigapath,1000,0.8333333333333334,0.8333333333333334
184,uni2,20,0.8333333333333334,0.6666666666666666
184,uni2,50,0.8333333333333334,0.6666666666666666
184,uni2,100,0.8333333333333334,0.8333333333333334
184,uni2,200,0.8333333333333334,0.8333333333333334
184,uni2,500,0.8333333333333334,0.8333333333333334
184,uni2,1000,0.8333333333333334,0.8333333333333334
184,virchow2,20,0.8333333333333334,0.6666666666666666
184,virchow2,50,0.8333333333333334,0.8333333333333334
184,virchow2,100,0.8333333333333334,0.8333333333333334
184,virchow2,200,0.8333333333333334,0.8333333333333334
184,virchow2,500,0.8333333333333334,0.8333333333333334
184,virchow2,1000,0.8333333333333334,0.8333333333333334
185,gigapath,20,0.8333333333333334,0.6666666666666666
185,gigapath,50,0.8333333333333334,0.5
185,gigapath,100,0.8333333333333334,0.5
185,gigapath,200,0.8333333333333334,0.3333333333333333
185,gigapath,500,0.8333333333333334,0.8333333333333334
185,gigapath,1000,0.8333333333333334,0.8333333333333334
185,uni2,20,0.5,0.16666666666666666
185,uni2,50,0.5,0.5
185,uni2,100,0.5,0.8333333333333334
185,uni2,200,0.5,0.8333333333333334
185,uni2,500,0.5,0.8333333333333334
185,uni2,1000,0.5,0.8333333333333334
185,virchow2,20,0.6666666666666666,0.5
185,virchow2,50,0.6666666666666666,0.6666666666666666
185,virchow2,100,0.6666666666666666,0.6666666666666666
185,virchow2,200,0.6666666666666666,0.6666666666666666
185,virchow2,500,0.6666666666666666,0.6666666666666666
185,virchow2,1000,0.6666666666666666,0.6666666666666666
186,gigapath,20,0.5,0.6666666666666666
186,gigapath,50,0.5,0.6666666666666666
186,gigapath,100,0.5,0.5
186,gigapath,200,0.5,0.5
186,gigapath,500,0.5,0.5
186,gigapath,1000,0.5,0.5
186,uni2,20,0.5,0.5
186,uni2,50,0.5,0.5
186,uni2,100,0.5,0.5
186,uni2,200,0.5,0.5
186,uni2,500,0.5,0.5
186,uni2,1000,0.5,0.5
186,virchow2,20,0.5,0.5
186,virchow2,50,0.5,0.3333333333333333
186,virchow2,100,0.5,0.3333333333333333
186,virchow2,200,0.5,0.3333333333333333
186,virchow2,500,0.5,0.3333333333333333
186,virchow2,1000,0.5,0.5
187,gigapath,20,0.5,0.16666666666666666
187,gigapath,50,0.5,0.16666666666666666
187,gigapath,100,0.5,0.5
187,gigapath,200,0.5,0.5
187,gigapath,500,0.5,0.5
187,gigapath,1000,0.5,0.5
187,uni2,20,0.5,0.5
187,uni2,50,0.5,0.8333333333333334
187,uni2,100,0.5,0.8333333333333334
187,uni2,200,0.5,0.8333333333333334
187,uni2,500,0.5,0.5
187,uni2,1000,0.5,0.5
187,virchow2,20,0.16666666666666666,0.16666666666666666
187,virchow2,50,0.16666666666666666,0.16666666666666666
187,virchow2,100,0.16666666666666666,0.5
187,virchow2,200,0.16666666666666666,0.16666666666666666
187,virchow2,500,0.16666666666666666,0.5
187,virchow2,1000,0.16666666666666666,0.16666666666666666
188,gigapath,20,0.5,0.8333333333333334
188,gigapath,50,0.5,0.8333333333333334
188,gigapath,100,0.5,0.8333333333333334
188,gigapath,200,0.5,0.5
188,gigapath,500,0.5,0.5
188,gigapath,1000,0.5,0.5
188,uni2,20,0.5,0.5
188,uni2,50,0.5,0.5
188,uni2,100,0.5,0.5
188,uni2,200,0.5,0.5
188,uni2,500,0.5,0.5
188,uni2,1000,0.5,0.5
188,virchow2,20,0.5,0.8333333333333334
188,virchow2,50,0.5,0.5
188,virchow2,100,0.5,0.5
188,virchow2,200,0.5,0.5
188,virchow2,500,0.5,0.5
188,virchow2,1000,0.5,0.5
189,gigapath,20,0.3333333333333333,0.6666666666666666
189,gigapath,50,0.3333333333333333,0.3333333333333333
189,gigapath,100,0.3333333333333333,0.3333333333333333
189,gigapath,200,0.3333333333333333,0.3333333333333333
189,gigapath,500,0.3333333333333333,0.3333333333333333
189,gigapath,1000,0.3333333333333333,0.3333333333333333
189,uni2,20,0.6666666666666666,0.5
189,uni2,50,0.6666666666666666,0.5
189,uni2,100,0.6666666666666666,0.8333333333333334
189,uni2,200,0.6666666666666666,0.6666666666666666
189,uni2,500,0.6666666666666666,0.8333333333333334
189,uni2,1000,0.6666666666666666,0.6666666666666666
189,virchow2,20,0.3333333333333333,0.6666666666666666
189,virchow2,50,0.3333333333333333,0.3333333333333333
189,virchow2,100,0.3333333333333333,0.3333333333333333
189,virchow2,200,0.3333333333333333,0.3333333333333333
189,virchow2,500,0.3333333333333333,0.3333333333333333
189,virchow2,1000,0.3333333333333333,0.3333333333333333
190,gigapath,20,0.3333333333333333,0.0
190,gigapath,50,0.3333333333333333,0.16666666666666666
190,gigapath,100,0.3333333333333333,0.0
190,gigapath,200,0.3333333333333333,0.0
190,gigapath,500,0.3333333333333333,0.0
190,gigapath,1000,0.3333333333333333,0.3333333333333333
190,uni2,20,0.3333333333333333,0.5
190,uni2,50,0.3333333333333333,0.6666666666666666
190,uni2,100,0.3333333333333333,0.8333333333333334
190,uni2,200,0.3333333333333333,0.8333333333333334
190,uni2,500,0.3333333333333333,0.6666666666666666
190,uni2,1000,0.3333333333333333,0.3333333333333333
190,virchow2,20,0.0,0.0
190,virchow2,50,0.0,0.0
190,virchow2,100,0.0,0.0
190,virchow2,200,0.0,0.0
190,virchow2,500,0.0,0.0
190,virchow2,1000,0.0,0.0
191,gigapath,20,0.16666666666666666,0.0
191,gigapath,50,0.16666666666666666,0.0
191,gigapath,100,0.16666666666666666,0.16666666666666666
191,gigapath,200,0.16666666666666666,0.16666666666666666
191,gigapath,500,0.16666666666666666,0.16666666666666666
191,gigapath,1000,0.16666666666666666,0.16666666666666666
191,uni2,20,0.16666666666666666,0.16666666666666666
191,uni2,50,0.16666666666666666,0.0
191,uni2,100,0.16666666666666666,0.16666666666666666
191,uni2,200,0.16666666666666666,0.16666666666666666
191,uni2,500,0.16666666666666666,0.16666666666666666
191,uni2,1000,0.16666666666666666,0.16666666666666666
191,virchow2,20,0.5,0.5
191,virchow2,50,0.5,0.16666666666666666
191,virchow2,100,0.5,0.16666666666666666
191,virchow2,200,0.5,0.16666666666666666
191,virchow2,500,0.5,0.16666666666666666
191,virchow2,1000,0.5,0.16666666666666666
192,gigapath,20,0.16666666666666666,0.0
192,gigapath,50,0.16666666666666666,0.16666666666666666
192,gigapath,100,0.16666666666666666,0.16666666666666666
192,gigapath,200,0.16666666666666666,0.16666666666666666
192,gigapath,500,0.16666666666666666,0.16666666666666666
192,gigapath,1000,0.16666666666666666,0.16666666666666666
192,uni2,20,0.5,0.0
192,uni2,50,0.5,0.16666666666666666
192,uni2,100,0.5,0.3333333333333333
192,uni2,200,0.5,0.3333333333333333
192,uni2,500,0.5,0.5
192,uni2,1000,0.5,0.5
192,virchow2,20,0.16666666666666666,0.16666666666666666
192,virchow2,50,0.16666666666666666,0.16666666666666666
192,virchow2,100,0.16666666666666666,0.16666666666666666
192,virchow2,200,0.16666666666666666,0.16666666666666666
192,virchow2,500,0.16666666666666666,0.16666666666666666
192,virchow2,1000,0.16666666666666666,0.16666666666666666
193,gigapath,20,0.5,0.5
193,gigapath,50,0.5,0.0
193,gigapath,100,0.5,0.5
193,gigapath,200,0.5,0.5
193,gigapath,500,0.5,0.5
193,gigapath,1000,0.5,0.5
193,uni2,20,0.6666666666666666,0.5
193,uni2,50,0.6666666666666666,0.6666666666666666
193,uni2,100,0.6666666666666666,0.6666666666666666
193,uni2,200,0.6666666666666666,0.6666666666666666
193,uni2,500,0.6666666666666666,0.6666666666666666
193,uni2,1000,0.6666666666666666,0.6666666666666666
193,virchow2,20,0.5,0.16666666666666666
193,virchow2,50,0.5,0.16666666666666666
193,virchow2,100,0.5,0.16666666666666666
193,virchow2,200,0.5,0.16666666666666666
193,virchow2,500,0.5,0.5
193,virchow2,1000,0.5,0.5
194,gigapath,20,0.6666666666666666,0.6666666666666666
194,gigapath,50,0.6666666666666666,0.6666666666666666
194,gigapath,100,0.6666666666666666,0.6666666666666666
194,gigapath,200,0.6666666666666666,0.6666666666666666
194,gigapath,500,0.6666666666666666,0.6666666666666666
194,gigapath,1000,0.6666666666666666,0.6666666666666666
194,uni2,20,0.6666666666666666,0.3333333333333333
194,uni2,50,0.6666666666666666,0.6666666666666666
194,uni2,100,0.6666666666666666,0.6666666666666666
194,uni2,200,0.6666666666666666,0.6666666666666666
194,uni2,500,0.6666666666666666,0.6666666666666666
194,uni2,1000,0.6666666666666666,0.6666666666666666
194,virchow2,20,0.5,0.5
194,virchow2,50,0.5,0.5
194,virchow2,100,0.5,0.5
194,virchow2,200,0.5,0.5
194,virchow2,500,0.5,0.5
194,virchow2,1000,0.5,0.5
195,gigapath,20,0.6666666666666666,0.3333333333333333
195,gigapath,50,0.6666666666666666,0.6666666666666666
195,gigapath,100,0.6666666666666666,0.6666666666666666
195,gigapath,200,0.6666666666666666,0.6666666666666666
195,gigapath,500,0.6666666666666666,0.6666666666666666
195,gigapath,1000,0.6666666666666666,0.6666666666666666
195,uni2,20,0.8333333333333334,0.16666666666666666
195,uni2,50,0.8333333333333334,0.3333333333333333
195,uni2,100,0.8333333333333334,0.8333333333333334
195,uni2,200,0.8333333333333334,0.8333333333333334
195,uni2,500,0.8333333333333334,0.8333333333333334
195,uni2,1000,0.8333333333333334,0.8333333333333334
195,virchow2,20,0.6666666666666666,0.3333333333333333
195,virchow2,50,0.6666666666666666,0.8333333333333334
195,virchow2,100,0.6666666666666666,0.6666666666666666
195,virchow2,200,0.6666666666666666,0.6666666666666666
195,virchow2,500,0.6666666666666666,0.6666666666666666
195,virchow2,1000,0.6666666666666666,0.6666666666666666
196,gigapath,20,0.3333333333333333,0.3333333333333333
196,gigapath,50,0.3333333333333333,0.3333333333333333
196,gigapath,100,0.3333333333333333,0.16666666666666666
196,gigapath,200,0.3333333333333333,0.16666666666666666
196,gigapath,500,0.3333333333333333,0.3333333333333333
196,gigapath,1000,0.3333333333333333,0.16666666666666666
196,uni2,20,0.5,0.5
196,uni2,50,0.5,0.5
196,uni2,100,0.5,0.5
196,uni2,200,0.5,0.6666666666666666
196,uni2,500,0.5,0.5
196,uni2,1000,0.5,0.5
196,virchow2,20,0.16666666666666666,0.3333333333333333
196,virchow2,50,0.16666666666666666,0.3333333333333333
196,virchow2,100,0.16666666666666666,0.3333333333333333
196,virchow2,200,0.16666666666666666,0.16666666666666666
196,virchow2,500,0.16666666666666666,0.16666666666666666
196,virchow2,1000,0.16666666666666666,0.16666666666666666
197,gigapath,20,0.0,0.3333333333333333
197,gigapath,50,0.0,0.0
197,gigapath,100,0.0,0.0
197,gigapath,200,0.0,0.0
197,gigapath,500,0.0,0.0
197,gigapath,1000,0.0,0.0
197,uni2,20,0.3333333333333333,0.3333333333333333
197,uni2,50,0.3333333333333333,0.3333333333333333
197,uni2,100,0.3333333333333333,0.3333333333333333
197,uni2,200,0.3333333333333333,0.3333333333333333
197,uni2,500,0.3333333333333333,0.3333333333333333
197,uni2,1000,0.3333333333333333,0.3333333333333333
197,virchow2,20,0.5,0.0
197,virchow2,50,0.5,0.0
197,virchow2,100,0.5,0.0
197,virchow2,200,0.5,0.0
197,virchow2,500,0.5,0.0
197,virchow2,1000,0.5,0.3333333333333333
198,gigapath,20,0.5,0.8333333333333334
198,gigapath,50,0.5,0.6666666666666666
198,gigapath,100,0.5,0.6666666666666666
198,gigapath,200,0.5,0.5
198,gigapath,500,0.5,0.5
198,gigapath,1000,0.5,0.5
198,uni2,20,1.0,0.5
198,uni2,50,1.0,0.6666666666666666
198,uni2,100,1.0,1.0
198,uni2,200,1.0,1.0
198,uni2,500,1.0,1.0
198,uni2,1000,1.0,1.0
198,virchow2,20,0.8333333333333334,0.3333333333333333
198,virchow2,50,0.8333333333333334,0.5
198,virchow2,100,0.8333333333333334,0.8333333333333334
198,virchow2,200,0.8333333333333334,0.8333333333333334
198,virchow2,500,0.8333333333333334,0.8333333333333334
198,virchow2,1000,0.8333333333333334,0.8333333333333334
199,gigapath,20,0.6666666666666666,0.6666666666666666
199,gigapath,50,0.6666666666666666,0.6666666666666666
199,gigapath,100,0.6666666666666666,0.6666666666666666
199,gigapath,200,0.6666666666666666,0.6666666666666666
199,gigapath,500,0.6666666666666666,0.6666666666666666
199,gigapath,1000,0.6666666666666666,0.6666666666666666
199,uni2,20,0.6666666666666666,0.6666666666666666
199,uni2,50,0.6666666666666666,0.6666666666666666
199,uni2,100,0.6666666666666666,0.6666666666666666
199,uni2,200,0.6666666666666666,0.6666666666666666
199,uni2,500,0.6666666666666666,0.6666666666666666
199,uni2,1000,0.6666666666666666,0.6666666666666666
199,virchow2,20,0.6666666666666666,0.3333333333333333
199,virchow2,50,0.6666666666666666,0.6666666666666666
199,virchow2,100,0.6666666666666666,0.8333333333333334
199,virchow2,200,0.6666666666666666,0.6666666666666666
199,virchow2,500,0.6666666666666666,0.6666666666666666
199,virchow2,1000,0.6666666666666666,0.6666666666666666
200,gigapath,20,0.3333333333333333,0.5
200,gigapath,50,0.3333333333333333,0.5
200,gigapath,100,0.3333333333333333,0.5
200,gigapath,200,0.3333333333333333,0.5
200,gigapath,500,0.3333333333333333,0.3333333333333333
200,gigapath,1000,0.3333333333333333,0.3333333333333333
200,uni2,20,0.5,0.0
200,uni2,50,0.5,0.5
200,uni2,100,0.5,0.5
200,uni2,200,0.5,0.5
200,uni2,500,0.5,0.5
200,uni2,1000,0.5,0.5
200,virchow2,20,0.3333333333333333,0.6666666666666666
200,virchow2,50,0.3333333333333333,0.3333333333333333
200,virchow2,100,0.3333333333333333,0.3333333333333333
200,virchow2,200,0.3333333333333333,0.3333333333333333
200,virchow2,500,0.3333333333333333,0.3333333333333333
200,virchow2,1000,0.3333333333333333,0.3333333333333333
201,gigapath,20,0.16666666666666666,0.16666666666666666
201,gigapath,50,0.16666666666666666,0.5
201,gigapath,100,0.16666666666666666,0.5
201,gigapath,200,0.16666666666666666,0.5
201,gigapath,500,0.16666666666666666,0.5
201,gigapath,1000,0.16666666666666666,0.16666666666666666
201,uni2,20,0.16666666666666666,0.5
201,uni2,50,0.16666666666666666,0.16666666666666666
201,uni2,100,0.16666666666666666,0.16666666666666666
201,uni2,200,0.16666666666666666,0.16666666666666666
201,uni2,500,0.16666666666666666,0.16666666666666666
201,uni2,1000,0.16666666666666666,0.16666666666666666
201,virchow2,20,0.16666666666666666,0.3333333333333333
201,virchow2,50,0.16666666666666666,0.3333333333333333
201,virchow2,100,0.16666666666666666,0.16666666666666666
201,virchow2,200,0.16666666666666666,0.16666666666666666
201,virchow2,500,0.16666666666666666,0.16666666666666666
201,virchow2,1000,0.16666666666666666,0.16666666666666666
202,gigapath,20,0.16666666666666666,0.5
202,gigapath,50,0.16666666666666666,0.16666666666666666
202,gigapath,100,0.16666666666666666,0.16666666666666666
202,gigapath,200,0.16666666666666666,0.16666666666666666
202,gigapath,500,0.16666666666666666,0.16666666666666666
202,gigapath,1000,0.16666666666666666,0.16666666666666666
202,uni2,20,0.6666666666666666,0.6666666666666666
202,uni2,50,0.6666666666666666,0.6666666666666666
202,uni2,100,0.6666666666666666,0.6666666666666666
202,uni2,200,0.6666666666666666,0.6666666666666666
202,uni2,500,0.6666666666666666,0.6666666666666666
202,uni2,1000,0.6666666666666666,0.5
202,virchow2,20,0.16666666666666666,0.5
202,virchow2,50,0.16666666666666666,0.16666666666666666
202,virchow2,100,0.16666666666666666,0.16666666666666666
202,virchow2,200,0.16666666666666666,0.16666666666666666
202,virchow2,500,0.16666666666666666,0.16666666666666666
202,virchow2,1000,0.16666666666666666,0.16666666666666666
203,gigapath,20,0.16666666666666666,0.0
203,gigapath,50,0.16666666666666666,0.16666666666666666
203,gigapath,100,0.16666666666666666,0.16666666666666666
203,gigapath,200,0.16666666666666666,0.16666666666666666
203,gigapath,500,0.16666666666666666,0.16666666666666666
203,gigapath,1000,0.16666666666666666,0.16666666666666666
203,uni2,20,0.3333333333333333,0.0
203,uni2,50,0.3333333333333333,0.3333333333333333
203,uni2,100,0.3333333333333333,0.3333333333333333
203,uni2,200,0.3333333333333333,0.3333333333333333
203,uni2,500,0.3333333333333333,0.0
203,uni2,1000,0.3333333333333333,0.0
203,virchow2,20,0.16666666666666666,0.0
203,virchow2,50,0.16666666666666666,0.16666666666666666
203,virchow2,100,0.16666666666666666,0.16666666666666666
203,virchow2,200,0.16666666666666666,0.16666666666666666
203,virchow2,500,0.16666666666666666,0.16666666666666666
203,virchow2,1000,0.16666666666666666,0.16666666666666666
204,gigapath,20,0.5,0.5
204,gigapath,50,0.5,0.3333333333333333
204,gigapath,100,0.5,0.5
204,gigapath,200,0.5,0.5
204,gigapath,500,0.5,0.5
204,gigapath,1000,0.5,0.5
204,uni2,20,0.5,0.3333333333333333
204,uni2,50,0.5,0.3333333333333333
204,uni2,100,0.5,0.3333333333333333
204,uni2,200,0.5,0.5
204,uni2,500,0.5,0.5
204,uni2,1000,0.5,0.5
204,virchow2,20,0.5,0.5
204,virchow2,50,0.5,0.5
204,virchow2,100,0.5,0.5
204,virchow2,200,0.5,0.5
204,virchow2,500,0.5,0.5
204,virchow2,1000,0.5,0.5
205,gigapath,20,0.6666666666666666,0.5
205,gigapath,50,0.6666666666666666,0.8333333333333334
205,gigapath,100,0.6666666666666666,0.6666666666666666
205,gigapath,200,0.6666666666666666,0.6666666666666666
205,gigapath,500,0.6666666666666666,0.6666666666666666
205,gigapath,1000,0.6666666666666666,0.6666666666666666
205,uni2,20,0.6666666666666666,0.0
205,uni2,50,0.6666666666666666,0.8333333333333334
205,uni2,100,0.6666666666666666,0.8333333333333334
205,uni2,200,0.6666666666666666,0.8333333333333334
205,uni2,500,0.6666666666666666,0.6666666666666666
205,uni2,1000,0.6666666666666666,0.6666666666666666
205,virchow2,20,0.3333333333333333,0.3333333333333333
205,virchow2,50,0.3333333333333333,0.3333333333333333
205,virchow2,100,0.3333333333333333,0.3333333333333333
205,virchow2,200,0.3333333333333333,0.3333333333333333
205,virchow2,500,0.3333333333333333,0.3333333333333333
205,virchow2,1000,0.3333333333333333,0.3333333333333333
206,gigapath,20,0.5,0.5
206,gigapath,50,0.5,0.5
206,gigapath,100,0.5,0.5
206,gigapath,200,0.5,0.3333333333333333
206,gigapath,500,0.5,0.3333333333333333
206,gigapath,1000,0.5,0.5
206,uni2,20,0.5,0.3333333333333333
206,uni2,50,0.5,0.5
206,uni2,100,0.5,0.5
206,uni2,200,0.5,0.5
206,uni2,500,0.5,0.5
206,uni2,1000,0.5,0.5
206,virchow2,20,0.3333333333333333,0.5
206,virchow2,50,0.3333333333333333,0.5
206,virchow2,100,0.3333333333333333,0.3333333333333333
206,virchow2,200,0.3333333333333333,0.3333333333333333
206,virchow2,500,0.3333333333333333,0.3333333333333333
206,virchow2,1000,0.3333333333333333,0.3333333333333333
207,gigapath,20,0.5,0.5
207,gigapath,50,0.5,0.5
207,gigapath,100,0.5,0.5
207,gigapath,200,0.5,0.5
207,gigapath,500,0.5,0.5
207,gigapath,1000,0.5,0.5
207,uni2,20,0.5,0.0
207,uni2,50,0.5,0.5
207,uni2,100,0.5,0.5
207,uni2,200,0.5,0.8333333333333334
207,uni2,500,0.5,0.5
207,uni2,1000,0.5,0.8333333333333334
207,virchow2,20,0.8333333333333334,0.16666666666666666
207,virchow2,50,0.8333333333333334,0.5
207,virchow2,100,0.8333333333333334,0.5
207,virchow2,200,0.8333333333333334,0.8333333333333334
207,virchow2,500,0.8333333333333334,0.8333333333333334
207,virchow2,1000,0.8333333333333334,0.8333333333333334
208,gigapath,20,0.3333333333333333,0.5
208,gigapath,50,0.3333333333333333,0.5
208,gigapath,100,0.3333333333333333,0.3333333333333333
208,gigapath,200,0.3333333333333333,0.3333333333333333
208,gigapath,500,0.3333333333333333,0.3333333333333333
208,gigapath,1000,0.3333333333333333,0.3333333333333333
208,uni2,20,0.3333333333333333,0.6666666666666666
208,uni2,50,0.3333333333333333,0.5
208,uni2,100,0.3333333333333333,0.5
208,uni2,200,0.3333333333333333,0.5
208,uni2,500,0.3333333333333333,0.5
208,uni2,1000,0.3333333333333333,0.3333333333333333
208,virchow2,20,0.3333333333333333,0.3333333333333333
208,virchow2,50,0.3333333333333333,0.3333333333333333
208,virchow2,100,0.3333333333333333,0.3333333333333333
208,virchow2,200,0.3333333333333333,0.3333333333333333
208,virchow2,500,0.3333333333333333,0.3333333333333333
208,virchow2,1000,0.3333333333333333,0.3333333333333333
209,gigapath,20,0.6666666666666666,0.5
209,gigapath,50,0.6666666666666666,0.3333333333333333
209,gigapath,100,0.6666666666666666,0.6666666666666666
209,gigapath,200,0.6666666666666666,0.6666666666666666
209,gigapath,500,0.6666666666666666,0.6666666666666666
209,gigapath,1000,0.6666666666666666,0.6666666666666666
209,uni2,20,0.6666666666666666,0.6666666666666666
209,uni2,50,0.6666666666666666,0.6666666666666666
209,uni2,100,0.6666666666666666,0.6666666666666666
209,uni2,200,0.6666666666666666,0.6666666666666666
209,uni2,500,0.6666666666666666,0.6666666666666666
209,uni2,1000,0.6666666666666666,0.6666666666666666
209,virchow2,20,0.6666666666666666,0.5
209,virchow2,50,0.6666666666666666,0.6666666666666666
209,virchow2,100,0.6666666666666666,0.6666666666666666
209,virchow2,200,0.6666666666666666,0.6666666666666666
209,virchow2,500,0.6666666666666666,0.6666666666666666
209,virchow2,1000,0.6666666666666666,0.6666666666666666
210,gigapath,20,0.0,0.0
210,gigapath,50,0.0,0.0
210,gigapath,100,0.0,0.0
210,gigapath,200,0.0,0.0
210,gigapath,500,0.0,0.0
210,gigapath,1000,0.0,0.0
210,uni2,20,0.3333333333333333,0.5
210,uni2,50,0.3333333333333333,0.8333333333333334
210,uni2,100,0.3333333333333333,0.8333333333333334
210,uni2,200,0.3333333333333333,0.8333333333333334
210,uni2,500,0.3333333333333333,0.3333333333333333
210,uni2,1000,0.3333333333333333,0.3333333333333333
210,virchow2,20,0.0,0.16666666666666666
210,virchow2,50,0.0,0.0
210,virchow2,100,0.0,0.3333333333333333
210,virchow2,200,0.0,0.0
210,virchow2,500,0.0,0.0
210,virchow2,1000,0.0,0.0
211,gigapath,20,0.6666666666666666,0.3333333333333333
211,gigapath,50,0.6666666666666666,0.5
211,gigapath,100,0.6666666666666666,0.5
211,gigapath,200,0.6666666666666666,0.5
211,gigapath,500,0.6666666666666666,0.5
211,gigapath,1000,0.6666666666666666,0.5
211,uni2,20,0.8333333333333334,0.5
211,uni2,50,0.8333333333333334,0.5
211,uni2,100,0.8333333333333334,0.8333333333333334
211,uni2,200,0.8333333333333334,0.8333333333333334
211,uni2,500,0.8333333333333334,0.8333333333333334
211,uni2,1000,0.8333333333333334,0.8333333333333334
211,virchow2,20,0.5,0.5
211,virchow2,50,0.5,0.6666666666666666
211,virchow2,100,0.5,0.6666666666666666
211,virchow2,200,0.5,0.6666666666666666
211,virchow2,500,0.5,0.5
211,virchow2,1000,0.5,0.5
212,gigapath,20,0.3333333333333333,0.5
212,gigapath,50,0.3333333333333333,0.16666666666666666
212,gigapath,100,0.3333333333333333,0.3333333333333333
212,gigapath,200,0.3333333333333333,0.3333333333333333
212,gigapath,500,0.3333333333333333,0.3333333333333333
212,gigapath,1000,0.3333333333333333,0.3333333333333333
212,uni2,20,0.3333333333333333,0.3333333333333333
212,uni2,50,0.3333333333333333,0.3333333333333333
212,uni2,100,0.3333333333333333,0.3333333333333333
212,uni2,200,0.3333333333333333,0.3333333333333333
212,uni2,500,0.3333333333333333,0.3333333333333333
212,uni2,1000,0.3333333333333333,0.3333333333333333
212,virchow2,20,0.3333333333333333,0.3333333333333333
212,virchow2,50,0.3333333333333333,0.3333333333333333
212,virchow2,100,0.3333333333333333,0.16666666666666666
212,virchow2,200,0.3333333333333333,0.3333333333333333
212,virchow2,500,0.3333333333333333,0.3333333333333333
212,virchow2,1000,0.3333333333333333,0.3333333333333333
213,gigapath,20,0.5,0.6666666666666666
213,gigapath,50,0.5,0.8333333333333334
213,gigapath,100,0.5,0.8333333333333334
213,gigapath,200,0.5,0.8333333333333334
213,gigapath,500,0.5,0.8333333333333334
213,gigapath,1000,0.5,0.5
213,uni2,20,0.8333333333333334,0.0
213,uni2,50,0.8333333333333334,1.0
213,uni2,100,0.8333333333333334,0.8333333333333334
213,uni2,200,0.8333333333333334,0.8333333333333334
213,uni2,500,0.8333333333333334,0.8333333333333334
213,uni2,1000,0.8333333333333334,0.8333333333333334
213,virchow2,20,0.16666666666666666,0.16666666666666666
213,virchow2,50,0.16666666666666666,0.16666666666666666
213,virchow2,100,0.16666666666666666,0.16666666666666666
213,virchow2,200,0.16666666666666666,0.16666666666666666
213,virchow2,500,0.16666666666666666,0.16666666666666666
213,virchow2,1000,0.16666666666666666,0.16666666666666666
214,gigapath,20,0.0,0.0
214,gigapath,50,0.0,0.0
214,gigapath,100,0.0,0.0
214,gigapath,200,0.0,0.0
214,gigapath,500,0.0,0.0
214,gigapath,1000,0.0,0.0
214,uni2,20,0.3333333333333333,0.3333333333333333
214,uni2,50,0.3333333333333333,0.3333333333333333
214,uni2,100,0.3333333333333333,0.3333333333333333
214,uni2,200,0.3333333333333333,0.3333333333333333
214,uni2,500,0.3333333333333333,0.3333333333333333
214,uni2,1000,0.3333333333333333,0.3333333333333333
214,virchow2,20,0.5,0.0
214,virchow2,50,0.5,0.5
214,virchow2,100,0.5,0.5
214,virchow2,200,0.5,0.5
214,virchow2,500,0.5,0.16666666666666666
214,virchow2,1000,0.5,0.5
215,gigapath,20,0.5,0.5
215,gigapath,50,0.5,0.5
215,gigapath,100,0.5,0.5
215,gigapath,200,0.5,0.5
215,gigapath,500,0.5,0.5
215,gigapath,1000,0.5,0.5
215,uni2,20,0.5,0.5
215,uni2,50,0.5,0.5
215,uni2,100,0.5,0.5
215,uni2,200,0.5,0.5
215,uni2,500,0.5,0.5
215,uni2,1000,0.5,0.5
215,virchow2,20,0.5,0.5
215,virchow2,50,0.5,0.5
215,virchow2,100,0.5,0.5
215,virchow2,200,0.5,0.5
215,virchow2,500,0.5,0.5
215,virchow2,1000,0.5,0.5
216,gigapath,20,0.3333333333333333,0.3333333333333333
216,gigapath,50,0.3333333333333333,0.6666666666666666
216,gigapath,100,0.3333333333333333,0.3333333333333333
216,gigapath,200,0.3333333333333333,0.3333333333333333
216,gigapath,500,0.3333333333333333,0.3333333333333333
216,gigapath,1000,0.3333333333333333,0.3333333333333333
216,uni2,20,0.3333333333333333,0.3333333333333333
216,uni2,50,0.3333333333333333,0.6666666666666666
216,uni2,100,0.3333333333333333,0.6666666666666666
216,uni2,200,0.3333333333333333,0.6666666666666666
216,uni2,500,0.3333333333333333,0.3333333333333333
216,uni2,1000,0.3333333333333333,0.3333333333333333
216,virchow2,20,0.3333333333333333,0.3333333333333333
216,virchow2,50,0.3333333333333333,0.3333333333333333
216,virchow2,100,0.3333333333333333,0.3333333333333333
216,virchow2,200,0.3333333333333333,0.3333333333333333
216,virchow2,500,0.3333333333333333,0.3333333333333333
216,virchow2,1000,0.3333333333333333,0.3333333333333333
217,gigapath,20,0.16666666666666666,0.5
217,gigapath,50,0.16666666666666666,0.16666666666666666
217,gigapath,100,0.16666666666666666,0.16666666666666666
217,gigapath,200,0.16666666666666666,0.16666666666666666
217,gigapath,500,0.16666666666666666,0.16666666666666666
217,gigapath,1000,0.16666666666666666,0.16666666666666666
217,uni2,20,0.6666666666666666,0.6666666666666666
217,uni2,50,0.6666666666666666,0.6666666666666666
217,uni2,100,0.6666666666666666,0.6666666666666666
217,uni2,200,0.6666666666666666,0.6666666666666666
217,uni2,500,0.6666666666666666,0.6666666666666666
217,uni2,1000,0.6666666666666666,0.5
217,virchow2,20,0.16666666666666666,0.5
217,virchow2,50,0.16666666666666666,0.16666666666666666
217,virchow2,100,0.16666666666666666,0.16666666666666666
217,virchow2,200,0.16666666666666666,0.16666666666666666
217,virchow2,500,0.16666666666666666,0.16666666666666666
217,virchow2,1000,0.16666666666666666,0.16666666666666666
218,gigapath,20,0.5,0.5
218,gigapath,50,0.5,0.5
218,gigapath,100,0.5,0.5
218,gigapath,200,0.5,0.5
218,gigapath,500,0.5,0.5
218,gigapath,1000,0.5,0.5
218,uni2,20,0.6666666666666666,0.5
218,uni2,50,0.6666666666666666,0.5
218,uni2,100,0.6666666666666666,0.5
218,uni2,200,0.6666666666666666,0.5
218,uni2,500,0.6666666666666666,0.5
218,uni2,1000,0.6666666666666666,0.6666666666666666
218,virchow2,20,0.5,0.5
218,virchow2,50,0.5,0.5
218,virchow2,100,0.5,0.5
218,virchow2,200,0.5,0.5
218,virchow2,500,0.5,0.5
218,virchow2,1000,0.5,0.5
219,gigapath,20,0.5,0.5
219,gigapath,50,0.5,0.5
219,gigapath,100,0.5,0.3333333333333333
219,gigapath,200,0.5,0.3333333333333333
219,gigapath,500,0.5,0.5
219,gigapath,1000,0.5,0.5
219,uni2,20,0.5,0.5
219,uni2,50,0.5,0.5
219,uni2,100,0.5,0.5
219,uni2,200,0.5,0.5
219,uni2,500,0.5,0.5
219,uni2,1000,0.5,0.5
219,virchow2,20,0.5,0.16666666666666666
219,virchow2,50,0.5,0.5
219,virchow2,100,0.5,0.5
219,virchow2,200,0.5,0.5
219,virchow2,500,0.5,0.5
219,virchow2,1000,0.5,0.5
220,gigapath,20,0.16666666666666666,0.16666666666666666
220,gigapath,50,0.16666666666666666,0.16666666666666666
220,gigapath,100,0.16666666666666666,0.16666666666666666
220,gigapath,200,0.16666666666666666,0.16666666666666666
220,gigapath,500,0.16666666666666666,0.16666666666666666
220,gigapath,1000,0.16666666666666666,0.16666666666666666
220,uni2,20,0.16666666666666666,0.16666666666666666
220,uni2,50,0.16666666666666666,0.16666666666666666
220,uni2,100,0.16666666666666666,0.16666666666666666
220,uni2,200,0.16666666666666666,0.16666666666666666
220,uni2,500,0.16666666666666666,0.16666666666666666
220,uni2,1000,0.16666666666666666,0.16666666666666666
220,virchow2,20,0.16666666666666666,0.0
220,virchow2,50,0.16666666666666666,0.0
220,virchow2,100,0.16666666666666666,0.16666666666666666
220,virchow2,200,0.16666666666666666,0.0
220,virchow2,500,0.16666666666666666,0.16666666666666666
220,virchow2,1000,0.16666666666666666,0.16666666666666666
221,gigapath,20,0.5,0.6666666666666666
221,gigapath,50,0.5,0.5
221,gigapath,100,0.5,0.5
221,gigapath,200,0.5,0.5
221,gigapath,500,0.5,0.5
221,gigapath,1000,0.5,0.5
221,uni2,20,0.5,0.5
221,uni2,50,0.5,0.5
221,uni2,100,0.5,0.8333333333333334
221,uni2,200,0.5,0.5
221,uni2,500,0.5,0.5
221,uni2,1000,0.5,0.5
221,virchow2,20,0.5,0.3333333333333333
221,virchow2,50,0.5,0.3333333333333333
221,virchow2,100,0.5,0.3333333333333333
221,virchow2,200,0.5,0.3333333333333333
221,virchow2,500,0.5,0.3333333333333333
221,virchow2,1000,0.5,0.3333333333333333
222,gigapath,20,0.5,0.5
222,gigapath,50,0.5,0.5
222,gigapath,100,0.5,0.5
222,gigapath,200,0.5,0.5
222,gigapath,500,0.5,0.5
222,gigapath,1000,0.5,0.5
222,uni2,20,0.5,0.3333333333333333
222,uni2,50,0.5,0.5
222,uni2,100,0.5,0.5
222,uni2,200,0.5,0.5
222,uni2,500,0.5,0.5
222,uni2,1000,0.5,0.5
222,virchow2,20,0.5,0.5
222,virchow2,50,0.5,0.8333333333333334
222,virchow2,100,0.5,0.5
222,virchow2,200,0.5,0.5
222,virchow2,500,0.5,0.5
222,virchow2,1000,0.5,0.5
223,gigapath,20,0.5,0.3333333333333333
223,gigapath,50,0.5,0.3333333333333333
223,gigapath,100,0.5,0.16666666666666666
223,gigapath,200,0.5,0.16666666666666666
223,gigapath,500,0.5,0.16666666666666666
223,gigapath,1000,0.5,0.3333333333333333
223,uni2,20,0.8333333333333334,0.6666666666666666
223,uni2,50,0.8333333333333334,0.6666666666666666
223,uni2,100,0.8333333333333334,0.6666666666666666
223,uni2,200,0.8333333333333334,0.8333333333333334
223,uni2,500,0.8333333333333334,0.8333333333333334
223,uni2,1000,0.8333333333333334,0.8333333333333334
223,virchow2,20,0.0,0.8333333333333334
223,virchow2,50,0.0,0.0
223,virchow2,100,0.0,0.0
223,virchow2,200,0.0,0.0
223,virchow2,500,0.0,0.0
223,virchow2,1000,0.0,0.0
224,gigapath,20,0.16666666666666666,0.16666666666666666
224,gigapath,50,0.16666666666666666,0.16666666666666666
224,gigapath,100,0.16666666666666666,0.3333333333333333
224,gigapath,200,0.16666666666666666,0.16666666666666666
224,gigapath,500,0.16666666666666666,0.16666666666666666
224,gigapath,1000,0.16666666666666666,0.16666666666666666
224,uni2,20,0.5,0.6666666666666666
224,uni2,50,0.5,0.6666666666666666
224,uni2,100,0.5,1.0
224,uni2,200,0.5,0.8333333333333334
224,uni2,500,0.5,0.5
224,uni2,1000,0.5,0.5
224,virchow2,20,0.16666666666666666,0.16666666666666666
224,virchow2,50,0.16666666666666666,0.16666666666666666
224,virchow2,100,0.16666666666666666,0.16666666666666666
224,virchow2,200,0.16666666666666666,0.16666666666666666
224,virchow2,500,0.16666666666666666,0.16666666666666666
224,virchow2,1000,0.16666666666666666,0.16666666666666666
225,gigapath,20,0.8333333333333334,0.5
225,gigapath,50,0.8333333333333334,0.5
225,gigapath,100,0.8333333333333334,0.5
225,gigapath,200,0.8333333333333334,0.8333333333333334
225,gigapath,500,0.8333333333333334,0.8333333333333334
225,gigapath,1000,0.8333333333333334,0.8333333333333334
225,uni2,20,0.3333333333333333,0.3333333333333333
225,uni2,50,0.3333333333333333,0.8333333333333334
225,uni2,100,0.3333333333333333,0.8333333333333334
225,uni2,200,0.3333333333333333,0.6666666666666666
225,uni2,500,0.3333333333333333,0.6666666666666666
225,uni2,1000,0.3333333333333333,0.3333333333333333
225,virchow2,20,0.8333333333333334,0.3333333333333333
225,virchow2,50,0.8333333333333334,0.5
225,virchow2,100,0.8333333333333334,0.5
225,virchow2,200,0.8333333333333334,0.5
225,virchow2,500,0.8333333333333334,0.3333333333333333
225,virchow2,1000,0.8333333333333334,0.5
226,gigapath,20,0.5,0.3333333333333333
226,gigapath,50,0.5,0.5
226,gigapath,100,0.5,0.5
226,gigapath,200,0.5,0.16666666666666666
226,gigapath,500,0.5,0.16666666666666666
226,gigapath,1000,0.5,0.5
226,uni2,20,0.6666666666666666,0.3333333333333333
226,uni2,50,0.6666666666666666,0.6666666666666666
226,uni2,100,0.6666666666666666,0.6666666666666666
226,uni2,200,0.6666666666666666,0.6666666666666666
226,uni2,500,0.6666666666666666,0.6666666666666666
226,uni2,1000,0.6666666666666666,0.6666666666666666
226,virchow2,20,0.16666666666666666,0.8333333333333334
226,virchow2,50,0.16666666666666666,0.16666666666666666
226,virchow2,100,0.16666666666666666,0.3333333333333333
226,virchow2,200,0.16666666666666666,0.3333333333333333
226,virchow2,500,0.16666666666666666,0.3333333333333333
226,virchow2,1000,0.16666666666666666,0.3333333333333333
227,gigapath,20,0.5,0.5
227,gigapath,50,0.5,0.5
227,gigapath,100,0.5,0.5
227,gigapath,200,0.5,0.5
227,gigapath,500,0.5,0.16666666666666666
227,gigapath,1000,0.5,0.16666666666666666
227,uni2,20,0.8333333333333334,0.0
227,uni2,50,0.8333333333333334,0.8333333333333334
227,uni2,100,0.8333333333333334,0.8333333333333334
227,uni2,200,0.8333333333333334,0.8333333333333334
227,uni2,500,0.8333333333333334,0.8333333333333334
227,uni2,1000,0.8333333333333334,0.8333333333333334
227,virchow2,20,0.5,0.16666666666666666
227,virchow2,50,0.5,0.16666666666666666
227,virchow2,100,0.5,0.5
227,virchow2,200,0.5,0.5
227,virchow2,500,0.5,0.5
227,virchow2,1000,0.5,0.16666666666666666
228,gigapath,20,0.3333333333333333,0.3333333333333333
228,gigapath,50,0.3333333333333333,0.6666666666666666
228,gigapath,100,0.3333333333333333,0.3333333333333333
228,gigapath,200,0.3333333333333333,0.3333333333333333
228,gigapath,500,0.3333333333333333,0.3333333333333333
228,gigapath,1000,0.3333333333333333,0.3333333333333333
228,uni2,20,0.6666666666666666,0.6666666666666666
228,uni2,50,0.6666666666666666,0.6666666666666666
228,uni2,100,0.6666666666666666,0.6666666666666666
228,uni2,200,0.6666666666666666,0.6666666666666666
228,uni2,500,0.6666666666666666,0.6666666666666666
228,uni2,1000,0.6666666666666666,0.6666666666666666
228,virchow2,20,0.6666666666666666,0.3333333333333333
228,virchow2,50,0.6666666666666666,0.3333333333333333
228,virchow2,100,0.6666666666666666,0.6666666666666666
228,virchow2,200,0.6666666666666666,0.6666666666666666
228,virchow2,500,0.6666666666666666,0.6666666666666666
228,virchow2,1000,0.6666666666666666,0.6666666666666666
229,gigapath,20,0.3333333333333333,0.3333333333333333
229,gigapath,50,0.3333333333333333,0.3333333333333333
229,gigapath,100,0.3333333333333333,0.3333333333333333
229,gigapath,200,0.3333333333333333,0.3333333333333333
229,gigapath,500,0.3333333333333333,0.3333333333333333
229,gigapath,1000,0.3333333333333333,0.3333333333333333
229,uni2,20,0.3333333333333333,0.0
229,uni2,50,0.3333333333333333,0.3333333333333333
229,uni2,100,0.3333333333333333,0.3333333333333333
229,uni2,200,0.3333333333333333,0.3333333333333333
229,uni2,500,0.3333333333333333,0.3333333333333333
229,uni2,1000,0.3333333333333333,0.3333333333333333
229,virchow2,20,0.3333333333333333,0.3333333333333333
229,virchow2,50,0.3333333333333333,0.3333333333333333
229,virchow2,100,0.3333333333333333,0.3333333333333333
229,virchow2,200,0.3333333333333333,0.3333333333333333
229,virchow2,500,0.3333333333333333,0.3333333333333333
229,virchow2,1000,0.3333333333333333,0.3333333333333333
230,gigapath,20,0.3333333333333333,0.6666666666666666
230,gigapath,50,0.3333333333333333,0.3333333333333333
230,gigapath,100,0.3333333333333333,0.3333333333333333
230,gigapath,200,0.3333333333333333,0.3333333333333333
230,gigapath,500,0.3333333333333333,0.3333333333333333
230,gigapath,1000,0.3333333333333333,0.3333333333333333
230,uni2,20,0.6666666666666666,0.16666666666666666
230,uni2,50,0.6666666666666666,0.3333333333333333
230,uni2,100,0.6666666666666666,0.3333333333333333
230,uni2,200,0.6666666666666666,0.6666666666666666
230,uni2,500,0.6666666666666666,0.6666666666666666
230,uni2,1000,0.6666666666666666,0.6666666666666666
230,virchow2,20,0.5,0.5
230,virchow2,50,0.5,0.3333333333333333
230,virchow2,100,0.5,0.5
230,virchow2,200,0.5,0.5
230,virchow2,500,0.5,0.5
230,virchow2,1000,0.5,0.5
231,gigapath,20,0.3333333333333333,0.3333333333333333
231,gigapath,50,0.3333333333333333,0.5
231,gigapath,100,0.3333333333333333,0.16666666666666666
231,gigapath,200,0.3333333333333333,0.3333333333333333
231,gigapath,500,0.3333333333333333,0.3333333333333333
231,gigapath,1000,0.3333333333333333,0.3333333333333333
231,uni2,20,0.5,0.16666666666666666
231,uni2,50,0.5,0.3333333333333333
231,uni2,100,0.5,0.6666666666666666
231,uni2,200,0.5,0.6666666666666666
231,uni2,500,0.5,0.5
231,uni2,1000,0.5,0.5
231,virchow2,20,0.16666666666666666,0.3333333333333333
231,virchow2,50,0.16666666666666666,0.3333333333333333
231,virchow2,100,0.16666666666666666,0.0
231,virchow2,200,0.16666666666666666,0.3333333333333333
231,virchow2,500,0.16666666666666666,0.0
231,virchow2,1000,0.16666666666666666,0.16666666666666666
232,gigapath,20,0.6666666666666666,0.6666666666666666
232,gigapath,50,0.6666666666666666,1.0
232,gigapath,100,0.6666666666666666,0.6666666666666666
232,gigapath,200,0.6666666666666666,0.6666666666666666
232,gigapath,500,0.6666666666666666,0.6666666666666666
232,gigapath,1000,0.6666666666666666,0.6666666666666666
232,uni2,20,0.6666666666666666,0.5
232,uni2,50,0.6666666666666666,0.6666666666666666
232,uni2,100,0.6666666666666666,0.6666666666666666
232,uni2,200,0.6666666666666666,0.6666666666666666
232,uni2,500,0.6666666666666666,0.6666666666666666
232,uni2,1000,0.6666666666666666,0.6666666666666666
232,virchow2,20,0.3333333333333333,0.6666666666666666
232,virchow2,50,0.3333333333333333,0.3333333333333333
232,virchow2,100,0.3333333333333333,0.3333333333333333
232,virchow2,200,0.3333333333333333,0.3333333333333333
232,virchow2,500,0.3333333333333333,0.3333333333333333
232,virchow2,1000,0.3333333333333333,0.3333333333333333
233,gigapath,20,0.3333333333333333,0.3333333333333333
233,gigapath,50,0.3333333333333333,0.6666666666666666
233,gigapath,100,0.3333333333333333,0.6666666666666666
233,gigapath,200,0.3333333333333333,0.3333333333333333
233,gigapath,500,0.3333333333333333,0.3333333333333333
233,gigapath,1000,0.3333333333333333,0.3333333333333333
233,uni2,20,0.5,0.5
233,uni2,50,0.5,0.16666666666666666
233,uni2,100,0.5,0.5
233,uni2,200,0.5,0.5
233,uni2,500,0.5,0.5
233,uni2,1000,0.5,0.5
233,virchow2,20,0.0,0.0
233,virchow2,50,0.0,0.16666666666666666
233,virchow2,100,0.0,0.0
233,virchow2,200,0.0,0.3333333333333333
233,virchow2,500,0.0,0.3333333333333333
233,virchow2,1000,0.0,0.0
234,gigapath,20,0.0,0.16666666666666666
234,gigapath,50,0.0,0.5
234,gigapath,100,0.0,0.16666666666666666
234,gigapath,200,0.0,0.16666666666666666
234,gigapath,500,0.0,0.0
234,gigapath,1000,0.0,0.0
234,uni2,20,0.16666666666666666,0.16666666666666666
234,uni2,50,0.16666666666666666,0.16666666666666666
234,uni2,100,0.16666666666666666,0.16666666666666666
234,uni2,200,0.16666666666666666,0.16666666666666666
234,uni2,500,0.16666666666666666,0.16666666666666666
234,uni2,1000,0.16666666666666666,0.16666666666666666
234,virchow2,20,0.0,0.0
234,virchow2,50,0.0,0.0
234,virchow2,100,0.0,0.0
234,virchow2,200,0.0,0.0
234,virchow2,500,0.0,0.0
234,virchow2,1000,0.0,0.0
235,gigapath,20,0.8333333333333334,0.6666666666666666
235,gigapath,50,0.8333333333333334,0.6666666666666666
235,gigapath,100,0.8333333333333334,0.6666666666666666
235,gigapath,200,0.8333333333333334,0.8333333333333334
235,gigapath,500,0.8333333333333334,0.8333333333333334
235,gigapath,1000,0.8333333333333334,0.6666666666666666
235,uni2,20,0.8333333333333334,0.3333333333333333
235,uni2,50,0.8333333333333334,0.6666666666666666
235,uni2,100,0.8333333333333334,0.8333333333333334
235,uni2,200,0.8333333333333334,0.8333333333333334
235,uni2,500,0.8333333333333334,0.8333333333333334
235,uni2,1000,0.8333333333333334,0.8333333333333334
235,virchow2,20,0.8333333333333334,0.8333333333333334
235,virchow2,50,0.8333333333333334,0.8333333333333334
235,virchow2,100,0.8333333333333334,0.8333333333333334
235,virchow2,200,0.8333333333333334,0.8333333333333334
235,virchow2,500,0.8333333333333334,0.8333333333333334
235,virchow2,1000,0.8333333333333334,0.8333333333333334
236,gigapath,20,0.8333333333333334,0.5
236,gigapath,50,0.8333333333333334,0.8333333333333334
236,gigapath,100,0.8333333333333334,0.8333333333333334
236,gigapath,200,0.8333333333333334,0.8333333333333334
236,gigapath,500,0.8333333333333334,0.8333333333333334
236,gigapath,1000,0.8333333333333334,0.8333333333333334
236,uni2,20,0.8333333333333334,0.6666666666666666
236,uni2,50,0.8333333333333334,0.6666666666666666
236,uni2,100,0.8333333333333334,0.8333333333333334
236,uni2,200,0.8333333333333334,0.8333333333333334
236,uni2,500,0.8333333333333334,0.8333333333333334
236,uni2,1000,0.8333333333333334,0.8333333333333334
236,virchow2,20,0.8333333333333334,0.3333333333333333
236,virchow2,50,0.8333333333333334,0.8333333333333334
236,virchow2,100,0.8333333333333334,0.8333333333333334
236,virchow2,200,0.8333333333333334,0.8333333333333334
236,virchow2,500,0.8333333333333334,0.8333333333333334
236,virchow2,1000,0.8333333333333334,0.8333333333333334
237,gigapath,20,0.5,0.8333333333333334
237,gigapath,50,0.5,0.5
237,gigapath,100,0.5,0.5
237,gigapath,200,0.5,0.5
237,gigapath,500,0.5,0.5
237,gigapath,1000,0.5,0.5
237,uni2,20,0.16666666666666666,0.0
237,uni2,50,0.16666666666666666,0.0
237,uni2,100,0.16666666666666666,0.16666666666666666
237,uni2,200,0.16666666666666666,0.16666666666666666
237,uni2,500,0.16666666666666666,0.16666666666666666
237,uni2,1000,0.16666666666666666,0.16666666666666666
237,virchow2,20,0.5,0.5
237,virchow2,50,0.5,0.16666666666666666
237,virchow2,100,0.5,0.16666666666666666
237,virchow2,200,0.5,0.16666666666666666
237,virchow2,500,0.5,0.16666666666666666
237,virchow2,1000,0.5,0.16666666666666666
238,gigapath,20,0.5,0.5
238,gigapath,50,0.5,0.16666666666666666
238,gigapath,100,0.5,0.16666666666666666
238,gigapath,200,0.5,0.3333333333333333
238,gigapath,500,0.5,0.6666666666666666
238,gigapath,1000,0.5,0.6666666666666666
238,uni2,20,0.8333333333333334,0.3333333333333333
238,uni2,50,0.8333333333333334,0.8333333333333334
238,uni2,100,0.8333333333333334,0.8333333333333334
238,uni2,200,0.8333333333333334,0.8333333333333334
238,uni2,500,0.8333333333333334,0.8333333333333334
238,uni2,1000,0.8333333333333334,0.8333333333333334
238,virchow2,20,0.16666666666666666,0.16666666666666666
238,virchow2,50,0.16666666666666666,0.16666666666666666
238,virchow2,100,0.16666666666666666,0.16666666666666666
238,virchow2,200,0.16666666666666666,0.16666666666666666
238,virchow2,500,0.16666666666666666,0.16666666666666666
238,virchow2,1000,0.16666666666666666,0.16666666666666666
239,gigapath,20,0.6666666666666666,0.3333333333333333
239,gigapath,50,0.6666666666666666,0.8333333333333334
239,gigapath,100,0.6666666666666666,0.6666666666666666
239,gigapath,200,0.6666666666666666,0.6666666666666666
239,gigapath,500,0.6666666666666666,0.6666666666666666
239,gigapath,1000,0.6666666666666666,0.6666666666666666
239,uni2,20,0.8333333333333334,0.0
239,uni2,50,0.8333333333333334,0.5
239,uni2,100,0.8333333333333334,0.8333333333333334
239,uni2,200,0.8333333333333334,0.8333333333333334
239,uni2,500,0.8333333333333334,0.8333333333333334
239,uni2,1000,0.8333333333333334,0.8333333333333334
239,virchow2,20,0.3333333333333333,0.3333333333333333
239,virchow2,50,0.3333333333333333,0.3333333333333333
239,virchow2,100,0.3333333333333333,0.3333333333333333
239,virchow2,200,0.3333333333333333,0.3333333333333333
239,virchow2,500,0.3333333333333333,0.3333333333333333
239,virchow2,1000,0.3333333333333333,0.3333333333333333
240,gigapath,20,0.3333333333333333,0.3333333333333333
240,gigapath,50,0.3333333333333333,0.3333333333333333
240,gigapath,100,0.3333333333333333,0.3333333333333333
240,gigapath,200,0.3333333333333333,0.3333333333333333
240,gigapath,500,0.3333333333333333,0.3333333333333333
240,gigapath,1000,0.3333333333333333,0.3333333333333333
240,uni2,20,0.3333333333333333,0.5
240,uni2,50,0.3333333333333333,0.3333333333333333
240,uni2,100,0.3333333333333333,0.3333333333333333
240,uni2,200,0.3333333333333333,0.3333333333333333
240,uni2,500,0.3333333333333333,0.3333333333333333
240,uni2,1000,0.3333333333333333,0.3333333333333333
240,virchow2,20,0.3333333333333333,0.3333333333333333
240,virchow2,50,0.3333333333333333,0.3333333333333333
240,virchow2,100,0.3333333333333333,0.3333333333333333
240,virchow2,200,0.3333333333333333,0.3333333333333333
240,virchow2,500,0.3333333333333333,0.3333333333333333
240,virchow2,1000,0.3333333333333333,0.3333333333333333
241,gigapath,20,0.3333333333333333,0.3333333333333333
241,gigapath,50,0.3333333333333333,0.3333333333333333
241,gigapath,100,0.3333333333333333,0.3333333333333333
241,gigapath,200,0.3333333333333333,0.3333333333333333
241,gigapath,500,0.3333333333333333,0.3333333333333333
241,gigapath,1000,0.3333333333333333,0.3333333333333333
241,uni2,20,0.16666666666666666,0.16666666666666666
241,uni2,50,0.16666666666666666,0.16666666666666666
241,uni2,100,0.16666666666666666,0.3333333333333333
241,uni2,200,0.16666666666666666,0.3333333333333333
241,uni2,500,0.16666666666666666,0.16666666666666666
241,uni2,1000,0.16666666666666666,0.16666666666666666
241,virchow2,20,0.3333333333333333,0.5
241,virchow2,50,0.3333333333333333,0.16666666666666666
241,virchow2,100,0.3333333333333333,0.16666666666666666
241,virchow2,200,0.3333333333333333,0.16666666666666666
241,virchow2,500,0.3333333333333333,0.3333333333333333
241,virchow2,1000,0.3333333333333333,0.3333333333333333
242,gigapath,20,0.5,0.16666666666666666
242,gigapath,50,0.5,0.5
242,gigapath,100,0.5,0.5
242,gigapath,200,0.5,0.3333333333333333
242,gigapath,500,0.5,0.5
242,gigapath,1000,0.5,0.5
242,uni2,20,0.6666666666666666,0.0
242,uni2,50,0.6666666666666666,0.5
242,uni2,100,0.6666666666666666,0.3333333333333333
242,uni2,200,0.6666666666666666,0.3333333333333333
242,uni2,500,0.6666666666666666,0.6666666666666666
242,uni2,1000,0.6666666666666666,0.6666666666666666
242,virchow2,20,0.16666666666666666,0.5
242,virchow2,50,0.16666666666666666,0.16666666666666666
242,virchow2,100,0.16666666666666666,0.5
242,virchow2,200,0.16666666666666666,0.5
242,virchow2,500,0.16666666666666666,0.16666666666666666
242,virchow2,1000,0.16666666666666666,0.16666666666666666
243,gigapath,20,0.16666666666666666,0.5
243,gigapath,50,0.16666666666666666,0.16666666666666666
243,gigapath,100,0.16666666666666666,0.16666666666666666
243,gigapath,200,0.16666666666666666,0.16666666666666666
243,gigapath,500,0.16666666666666666,0.16666666666666666
243,gigapath,1000,0.16666666666666666,0.16666666666666666
243,uni2,20,0.16666666666666666,0.5
243,uni2,50,0.16666666666666666,0.16666666666666666
243,uni2,100,0.16666666666666666,0.16666666666666666
243,uni2,200,0.16666666666666666,0.16666666666666666
243,uni2,500,0.16666666666666666,0.16666666666666666
243,uni2,1000,0.16666666666666666,0.16666666666666666
243,virchow2,20,0.16666666666666666,0.16666666666666666
243,virchow2,50,0.16666666666666666,0.16666666666666666
243,virchow2,100,0.16666666666666666,0.16666666666666666
243,virchow2,200,0.16666666666666666,0.16666666666666666
243,virchow2,500,0.16666666666666666,0.16666666666666666
243,virchow2,1000,0.16666666666666666,0.16666666666666666
244,gigapath,20,0.6666666666666666,0.3333333333333333
244,gigapath,50,0.6666666666666666,0.3333333333333333
244,gigapath,100,0.6666666666666666,0.3333333333333333
244,gigapath,200,0.6666666666666666,0.6666666666666666
244,gigapath,500,0.6666666666666666,0.6666666666666666
244,gigapath,1000,0.6666666666666666,0.6666666666666666
244,uni2,20,0.6666666666666666,0.0
244,uni2,50,0.6666666666666666,0.6666666666666666
244,uni2,100,0.6666666666666666,0.6666666666666666
244,uni2,200,0.6666666666666666,0.8333333333333334
244,uni2,500,0.6666666666666666,0.3333333333333333
244,uni2,1000,0.6666666666666666,0.3333333333333333
244,virchow2,20,0.3333333333333333,0.3333333333333333
244,virchow2,50,0.3333333333333333,0.3333333333333333
244,virchow2,100,0.3333333333333333,0.3333333333333333
244,virchow2,200,0.3333333333333333,0.3333333333333333
244,virchow2,500,0.3333333333333333,0.3333333333333333
244,virchow2,1000,0.3333333333333333,0.3333333333333333
245,gigapath,20,0.5,0.5
245,gigapath,50,0.5,0.5
245,gigapath,100,0.5,0.5
245,gigapath,200,0.5,0.3333333333333333
245,gigapath,500,0.5,0.5
245,gigapath,1000,0.5,0.5
245,uni2,20,0.5,0.5
245,uni2,50,0.5,0.3333333333333333
245,uni2,100,0.5,0.5
245,uni2,200,0.5,0.5
245,uni2,500,0.5,0.5
245,uni2,1000,0.5,0.5
245,virchow2,20,0.5,0.3333333333333333
245,virchow2,50,0.5,0.5
245,virchow2,100,0.5,0.5
245,virchow2,200,0.5,0.5
245,virchow2,500,0.5,0.5
245,virchow2,1000,0.5,0.5
246,gigapath,20,0.5,0.3333333333333333
246,gigapath,50,0.5,0.3333333333333333
246,gigapath,100,0.5,0.5
246,gigapath,200,0.5,0.5
246,gigapath,500,0.5,0.5
246,gigapath,1000,0.5,0.5
246,uni2,20,0.6666666666666666,0.0
246,uni2,50,0.6666666666666666,0.6666666666666666
246,uni2,100,0.6666666666666666,0.5
246,uni2,200,0.6666666666666666,0.5
246,uni2,500,0.6666666666666666,0.6666666666666666
246,uni2,1000,0.6666666666666666,0.6666666666666666
246,virchow2,20,0.5,0.5
246,virchow2,50,0.5,0.0
246,virchow2,100,0.5,0.3333333333333333
246,virchow2,200,0.5,0.3333333333333333
246,virchow2,500,0.5,0.5
246,virchow2,1000,0.5,0.5
247,gigapath,20,0.5,0.16666666666666666
247,gigapath,50,0.5,0.5
247,gigapath,100,0.5,0.5
247,gigapath,200,0.5,0.5
247,gigapath,500,0.5,0.5
247,gigapath,1000,0.5,0.5
247,uni2,20,0.5,0.16666666666666666
247,uni2,50,0.5,0.5
247,uni2,100,0.5,0.5
247,uni2,200,0.5,0.5
247,uni2,500,0.5,0.8333333333333334
247,uni2,1000,0.5,0.5
247,virchow2,20,0.16666666666666666,0.5
247,virchow2,50,0.16666666666666666,0.5
247,virchow2,100,0.16666666666666666,0.16666666666666666
247,virchow2,200,0.16666666666666666,0.16666666666666666
247,virchow2,500,0.16666666666666666,0.16666666666666666
247,virchow2,1000,0.16666666666666666,0.16666666666666666
248,gigapath,20,0.0,0.3333333333333333
248,gigapath,50,0.0,0.0
248,gigapath,100,0.0,0.0
248,gigapath,200,0.0,0.3333333333333333
248,gigapath,500,0.0,0.0
248,gigapath,1000,0.0,0.0
248,uni2,20,0.16666666666666666,0.5
248,uni2,50,0.16666666666666666,0.8333333333333334
248,uni2,100,0.16666666666666666,0.8333333333333334
248,uni2,200,0.16666666666666666,0.8333333333333334
248,uni2,500,0.16666666666666666,0.8333333333333334
248,uni2,1000,0.16666666666666666,0.5
248,virchow2,20,0.0,0.0
248,virchow2,50,0.0,0.0
248,virchow2,100,0.0,0.0
248,virchow2,200,0.0,0.3333333333333333
248,virchow2,500,0.0,0.0
248,virchow2,1000,0.0,0.0
249,gigapath,20,0.8333333333333334,0.8333333333333334
249,gigapath,50,0.8333333333333334,0.8333333333333334
249,gigapath,100,0.8333333333333334,0.8333333333333334
249,gigapath,200,0.8333333333333334,0.8333333333333334
249,gigapath,500,0.8333333333333334,0.8333333333333334
249,gigapath,1000,0.8333333333333334,0.8333333333333334
249,uni2,20,0.8333333333333334,0.5
249,uni2,50,0.8333333333333334,0.8333333333333334
249,uni2,100,0.8333333333333334,0.8333333333333334
249,uni2,200,0.8333333333333334,0.5
249,uni2,500,0.8333333333333334,0.8333333333333334
249,uni2,1000,0.8333333333333334,0.8333333333333334
249,virchow2,20,0.8333333333333334,0.5
249,virchow2,50,0.8333333333333334,0.8333333333333334
249,virchow2,100,0.8333333333333334,0.8333333333333334
249,virchow2,200,0.8333333333333334,0.8333333333333334
249,virchow2,500,0.8333333333333334,0.8333333333333334
249,virchow2,1000,0.8333333333333334,0.8333333333333334
250,gigapath,20,0.3333333333333333,0.3333333333333333
250,gigapath,50,0.3333333333333333,0.3333333333333333
250,gigapath,100,0.3333333333333333,0.3333333333333333
250,gigapath,200,0.3333333333333333,0.3333333333333333
250,gigapath,500,0.3333333333333333,0.3333333333333333
250,gigapath,1000,0.3333333333333333,0.3333333333333333
250,uni2,20,0.0,0.16666666666666666
250,uni2,50,0.0,0.16666666666666666
250,uni2,100,0.0,0.0
250,uni2,200,0.0,0.0
250,uni2,500,0.0,0.0
250,uni2,1000,0.0,0.0
250,virchow2,20,0.0,0.0
250,virchow2,50,0.0,0.0
250,virchow2,100,0.0,0.0
250,virchow2,200,0.0,0.0
250,virchow2,500,0.0,0.0
250,virchow2,1000,0.0,0.0
